image,instance_id,area_px,area_fraction,area_bin,k,void_px,population_n,random_baseline,bbox_top,bbox_left,bbox_bottom,bbox_right,aspect_ratio,aspect_class,queryable_grid7,queryable_grid14,measurable_by_all,model,condition,query_row,query_col,precision_at_k,mass_fraction,status,error
2007_000032,1,2609,0.05199697066326531,5-10%,2609,2802,47374,0.055072402583695695,84,0,145,210,3.403225806451613,wide,True,True,True,deit_s,pretrained,6,6,0.32809505557684937,0.1933267322360775,ok,
2007_000061,1,3525,0.07025271045918367,5-10%,3525,2016,48160,0.07319352159468438,9,130,183,223,0.5371428571428571,tall,True,True,True,deit_s,pretrained,9,11,0.22893617021276597,0.23112185731520116,ok,
2007_000063,2,28004,0.5581154336734694,>=40%,28004,3202,46974,0.5961595776386938,0,9,223,215,0.9241071428571429,square,True,True,True,deit_s,pretrained,9,5,0.599021568347379,0.6069012848657667,ok,
2007_000241,1,570,0.01136001275510204,<2%,570,1436,48740,0.011694706606483382,127,178,158,223,1.4375,square,True,True,True,deit_s,pretrained,9,12,0.36140350877192984,0.08666088069107811,ok,
2007_000241,3,975,0.01943160076530612,<2%,975,1436,48740,0.020004103405826836,85,113,124,163,1.275,square,True,True,True,deit_s,pretrained,7,8,0.41435897435897434,0.153401886185885,ok,
2007_000243,1,935,0.0186344068877551,<2%,935,637,49539,0.018874018450110015,85,64,127,124,1.4186046511627908,square,True,True,True,deit_s,pretrained,6,6,0.32941176470588235,0.1139027683715579,ok,
2007_000256,1,6317,0.1258968431122449,10-20%,6317,2287,47889,0.131909206707177,64,0,147,223,2.6666666666666665,wide,True,True,True,deit_s,pretrained,7,4,0.2327053981320247,0.2464703665243792,ok,
2007_000346,1,5229,0.10421316964285714,10-20%,5229,2345,47831,0.10932240597102298,65,39,202,96,0.42028985507246375,tall,True,True,True,deit_s,pretrained,9,4,0.3949129852744311,0.3239720961707105,ok,
2007_000346,2,16704,0.33290816326530615,20-40%,16704,2345,47831,0.3492295791432335,50,74,223,223,0.8620689655172413,square,True,True,True,deit_s,pretrained,8,9,0.453963122605364,0.5229487998945742,ok,
2007_000720,1,3384,0.06744260204081633,5-10%,3384,1079,49097,0.06892478155488116,80,91,176,147,0.5876288659793815,tall,True,True,True,deit_s,pretrained,7,7,0.4027777777777778,0.3118541141214144,ok,
2007_000727,1,4702,0.09371014030612244,5-10%,4702,2481,47695,0.09858475731208723,156,53,216,161,1.7868852459016393,wide,True,True,True,deit_s,pretrained,11,6,0.39749042960442366,0.35054712512388053,ok,
2007_000733,2,9467,0.18867586096938777,10-20%,9467,2795,47381,0.19980582934087504,104,52,223,223,1.4333333333333333,square,True,True,True,deit_s,pretrained,11,8,0.5665997676138164,0.5238984644998275,ok,
2007_000768,1,4628,0.09223533163265306,5-10%,4628,1407,48769,0.09489634808997519,63,178,170,223,0.42592592592592593,tall,True,True,True,deit_s,pretrained,7,12,0.2731201382886776,0.2515005919477871,ok,
2007_000799,2,6764,0.13480548469387754,10-20%,6764,2034,48142,0.14050101782227578,116,105,223,223,1.1018518518518519,square,True,True,True,deit_s,pretrained,11,11,0.4432288586635127,0.39971965416108507,ok,
2007_000876,1,21966,0.43777901785714285,>=40%,21966,2749,47427,0.46315389967739895,21,30,220,191,0.81,square,True,True,True,deit_s,pretrained,8,6,0.6296549212419194,0.689396436110025,ok,
2007_001073,1,1050,0.020926339285714284,2-5%,1050,3319,46857,0.022408604904283244,106,0,145,48,1.225,square,True,True,True,deit_s,pretrained,7,1,0.6171428571428571,0.3391172890257221,ok,
2007_001239,2,5715,0.11389907525510204,10-20%,5715,3195,46981,0.1216449202869245,83,100,223,187,0.624113475177305,tall,True,True,True,deit_s,pretrained,9,9,0.3464566929133858,0.3707526623999577,ok,
2007_001299,3,2434,0.048509247448979595,2-5%,2434,3838,46338,0.05252708360309034,97,167,204,210,0.4074074074074074,tall,True,True,True,deit_s,pretrained,9,11,0.42892358258011504,0.3297980944269782,ok,
2007_001311,4,2302,0.04587850765306122,2-5%,2302,5807,44369,0.05188307151389484,134,60,223,148,0.9888888888888889,square,True,True,True,deit_s,pretrained,11,6,0.37662901824500433,0.24237693079309847,ok,
2007_001340,3,3959,0.07890226403061225,5-10%,3959,3801,46375,0.08536927223719677,85,62,222,113,0.37681159420289856,tall,True,True,True,deit_s,pretrained,9,5,0.36423339227077545,0.2351570576132196,ok,
2007_001408,6,763,0.015206473214285714,<2%,763,2986,47190,0.01616867980504344,0,87,30,121,1.1290322580645162,square,True,True,True,deit_s,pretrained,0,6,0.39580602883355176,0.22406673925190257,ok,
2007_001430,2,3188,0.06353635204081633,5-10%,3188,3238,46938,0.0679193830158933,93,26,177,98,0.8588235294117647,square,True,True,True,deit_s,pretrained,8,4,0.3127352572145546,0.2510348271335379,ok,
2007_001430,4,7230,0.14409279336734693,10-20%,7230,3238,46938,0.15403297967531637,92,111,223,205,0.7196969696969697,square,True,True,True,deit_s,pretrained,10,10,0.27081604426002764,0.3072490420446924,ok,
2007_001430,6,2100,0.04185267857142857,2-5%,2100,3238,46938,0.04473986961523712,0,153,47,208,1.1666666666666667,square,True,True,True,deit_s,pretrained,1,11,0.46714285714285714,0.26315288383970353,ok,
2007_001458,1,16567,0.33017777423469385,20-40%,16567,1605,48571,0.34108830372032695,84,17,200,204,1.606837606837607,wide,True,True,True,deit_s,pretrained,8,6,0.6007726202692099,0.687528629527691,ok,
2007_001594,1,835,0.016641422193877552,<2%,835,2767,47409,0.017612689573709633,102,127,137,165,1.0833333333333333,square,True,True,True,deit_s,pretrained,7,9,0.5461077844311377,0.23263733470482498,ok,
2007_001595,1,6939,0.13829320790816327,10-20%,6939,1274,48902,0.14189603697190298,97,123,178,223,1.2317073170731707,square,True,True,True,deit_s,pretrained,8,10,0.3088341259547485,0.33657393265116825,ok,
2007_001717,2,4077,0.08125398596938775,5-10%,4077,2931,47245,0.08629484601545137,88,178,223,223,0.3382352941176471,tall,True,True,True,deit_s,pretrained,9,13,0.3509933774834437,0.313971016632409,ok,
2007_001763,3,14795,0.2948620854591837,20-40%,14795,2209,47967,0.3084412200054204,26,0,223,223,1.1313131313131313,square,True,True,True,deit_s,pretrained,4,7,0.6709023318688746,0.7826588616380381,ok,
2007_001857,1,38087,0.7590680803571429,>=40%,38087,1568,48608,0.7835541474654378,7,0,223,223,1.032258064516129,square,True,True,True,deit_s,pretrained,8,6,0.830073253341035,0.9830766845437867,ok,
2007_001857,3,2768,0.055165816326530615,5-10%,2768,1568,48608,0.056945358788676764,0,157,72,210,0.7397260273972602,square,True,True,True,deit_s,pretrained,2,11,0.22471098265895953,0.14055605949310224,ok,
2007_001857,5,1631,0.032505580357142856,2-5%,1631,1568,48608,0.033554147465437785,0,63,59,103,0.6833333333333333,square,True,True,True,deit_s,pretrained,1,5,0.5413856529736358,0.2673827050347325,ok,
2007_001884,3,977,0.019471460459183673,<2%,977,1933,48243,0.020251642725369483,128,148,144,208,3.588235294117647,wide,True,True,True,deit_s,pretrained,8,11,0.2579324462640737,0.13072574988625565,ok,
2007_001901,4,1489,0.029675542091836735,2-5%,1489,3837,46339,0.032132760741492045,126,141,205,183,0.5375,tall,True,True,True,deit_s,pretrained,9,9,0.25050369375419745,0.11962950637743118,ok,
2007_002046,2,15524,0.309390943877551,20-40%,15524,2364,47812,0.32468836275412033,22,0,202,130,0.7237569060773481,square,True,True,True,deit_s,pretrained,6,4,0.5655758825045092,0.5328207028893526,ok,
2007_002055,1,2047,0.04079639668367347,2-5%,2047,2555,47621,0.042985237605258186,150,0,222,51,0.7123287671232876,square,True,True,True,deit_s,pretrained,11,1,0.6038104543234001,0.4891347887989556,ok,
2007_002055,2,4884,0.0973373724489796,5-10%,4884,2555,47621,0.10255979504840301,87,2,223,97,0.7007299270072993,square,True,True,True,deit_s,pretrained,9,3,0.24488124488124488,0.24738828032136143,ok,
2007_002088,1,32167,0.6410833864795918,>=40%,32167,1856,48320,0.6657077814569536,16,0,223,223,1.0769230769230769,square,True,True,True,deit_s,pretrained,8,6,0.8314110734603787,0.8902295735899329,ok,
2007_002120,1,927,0.0184749681122449,<2%,927,2409,47767,0.019406703372621265,23,101,53,170,2.2580645161290325,wide,True,True,True,deit_s,pretrained,2,7,0.5382955771305286,0.2311563853490685,ok,
2007_002216,2,23599,0.47032445790816324,>=40%,23599,1760,48416,0.4874215135492399,67,0,210,206,1.4375,square,True,True,True,deit_s,pretrained,8,6,0.40713589558879615,0.3978620963685948,ok,
2007_002234,2,645,0.012854751275510204,<2%,645,1702,48474,0.013306102240376285,69,0,93,40,1.64,wide,True,True,True,deit_s,pretrained,5,0,0.42170542635658914,0.1384940189988524,ok,
2007_002284,4,823,0.016402264030612245,<2%,823,2323,47853,0.017198503751070987,0,102,37,130,0.7631578947368421,square,True,True,True,deit_s,pretrained,1,7,0.4556500607533414,0.16272945944831535,ok,
2007_002293,1,21109,0.42069913903061223,>=40%,21109,1864,48312,0.43693078324225865,0,0,223,174,0.78125,square,True,True,True,deit_s,pretrained,7,3,0.5256525652565257,0.5571170241469874,ok,
2007_002368,2,1996,0.03977997448979592,2-5%,1996,3660,46516,0.04290996646315246,159,192,223,223,0.49230769230769234,tall,True,True,True,deit_s,pretrained,11,13,0.5060120240480962,0.25732557574528486,ok,
2007_002488,1,3031,0.06040736607142857,5-10%,3031,5841,44335,0.06836585090786061,10,67,176,155,0.5329341317365269,tall,True,True,True,deit_s,pretrained,5,7,0.46354338502144504,0.35371860315780673,ok,
2007_002539,1,43265,0.8622648278061225,>=40%,43265,1230,48946,0.8839333142646999,0,0,222,223,1.0044843049327354,square,True,True,True,deit_s,pretrained,6,5,0.8693863399976887,0.7259625823479425,ok,
2007_002668,1,6318,0.1259167729591837,10-20%,6318,2467,47709,0.13242784380305603,186,17,223,223,5.447368421052632,wide,True,True,True,deit_s,pretrained,13,7,0.27287116176005066,0.268167711465167,ok,
2007_002760,2,21822,0.43490911989795916,>=40%,21822,1937,48239,0.45237256162026573,4,0,197,136,0.7061855670103093,square,True,True,True,deit_s,pretrained,6,3,0.5436256988360371,0.5787036892539438,ok,
2007_002789,2,1372,0.02734375,2-5%,1372,1595,48581,0.02824149358802824,99,0,149,55,1.0980392156862746,square,True,True,True,deit_s,pretrained,7,1,0.5889212827988338,0.2628523747848913,ok,
2007_002896,1,6290,0.12535873724489796,10-20%,6290,1977,48199,0.13050063279321147,6,70,209,148,0.3872549019607843,tall,True,True,True,deit_s,pretrained,5,6,0.5505564387917329,0.5591033175410526,ok,
2007_002903,1,35791,0.7133091517857143,>=40%,35791,2377,47799,0.7487813552584782,13,0,219,223,1.0821256038647342,square,True,True,True,deit_s,pretrained,7,6,0.8564164175351345,0.9113738731631724,ok,
2007_002953,1,1882,0.03750797193877551,2-5%,1882,3475,46701,0.04029892293526905,63,0,196,16,0.12686567164179105,tall,True,True,True,deit_s,pretrained,8,0,0.40435706695005313,0.2535913513013995,ok,
2007_002953,5,1147,0.02285953443877551,2-5%,1147,3475,46701,0.024560501916447184,38,17,75,56,1.0526315789473684,square,True,True,True,deit_s,pretrained,3,2,0.3435047951176983,0.12705207497936974,ok,
2007_003022,1,7396,0.1474011479591837,10-20%,7396,3575,46601,0.15870904057852836,57,48,193,223,1.2846715328467153,square,True,True,True,deit_s,pretrained,7,8,0.40981611681990265,0.3717568499187302,ok,
2007_003051,1,8921,0.1777941645408163,10-20%,8921,982,49194,0.18134325324226533,56,0,138,133,1.6144578313253013,wide,True,True,True,deit_s,pretrained,6,3,0.2941374285394014,0.2932162328862939,ok,
2007_003101,3,14896,0.296875,20-40%,14896,1861,48315,0.30831004863913897,0,0,199,84,0.425,tall,True,True,True,deit_s,pretrained,6,2,0.5130907626208379,0.5210480674252357,ok,
2007_003118,1,1490,0.02969547193877551,2-5%,1490,2677,47499,0.03136908145434641,15,85,72,135,0.8793103448275862,square,True,True,True,deit_s,pretrained,2,6,0.4865771812080537,0.38432431501679276,ok,
2007_003118,4,18444,0.36758609693877553,20-40%,18444,2677,47499,0.38830291164024505,49,29,223,204,1.0057142857142858,square,True,True,True,deit_s,pretrained,9,6,0.6157558013446107,0.6784904135006599,ok,
2007_003131,1,1544,0.03077168367346939,2-5%,1544,638,49538,0.031167992248374986,150,172,219,217,0.6571428571428571,tall,True,True,True,deit_s,pretrained,12,12,0.4579015544041451,0.2885345707307638,ok,
2007_003134,2,5961,0.11880181760204081,10-20%,5961,3586,46590,0.12794591113972956,45,61,173,140,0.6201550387596899,tall,True,True,True,deit_s,pretrained,6,5,0.4170441201140748,0.3785096802092728,ok,
2007_003189,2,1134,0.022600446428571428,2-5%,1134,1947,48229,0.023512824234381804,19,82,122,136,0.5288461538461539,tall,True,True,True,deit_s,pretrained,3,6,0.48324514991181655,0.1891514328644487,ok,
2007_003190,1,2678,0.05337213010204082,5-10%,2678,3753,46423,0.057686922430691685,0,59,84,168,1.2941176470588236,square,True,True,True,deit_s,pretrained,1,5,0.438386855862584,0.2641145628618553,ok,
2007_003201,1,4751,0.09468670280612244,5-10%,4751,4201,45975,0.10333877107123436,38,0,179,49,0.352112676056338,tall,True,True,True,deit_s,pretrained,6,1,0.4687434224373816,0.4137133641898548,ok,
2007_003201,2,20600,0.41055484693877553,>=40%,20600,4201,45975,0.4480696030451332,20,32,209,223,1.0105263157894737,square,True,True,True,deit_s,pretrained,5,8,0.6896116504854369,0.8156085634284671,ok,
2007_003207,9,2079,0.04143415178571429,2-5%,2079,3449,46727,0.04449247758255399,83,150,167,181,0.3764705882352941,tall,True,True,True,deit_s,pretrained,8,10,0.3862433862433862,0.25457662838574974,ok,
2007_003251,4,1296,0.025829081632653062,2-5%,1296,4492,45684,0.028368794326241134,106,29,195,91,0.7,square,True,True,True,deit_s,pretrained,9,3,0.22299382716049382,0.13615143944697955,ok,
2007_003367,3,901,0.017956792091836735,<2%,901,3657,46519,0.019368430103828542,127,0,177,25,0.5098039215686274,tall,True,True,True,deit_s,pretrained,9,0,0.6104328523862376,0.1968252111503453,ok,
2007_003451,1,3878,0.07728794642857142,5-10%,3878,1762,48414,0.08010079729004008,105,104,151,215,2.382978723404255,wide,True,True,True,deit_s,pretrained,7,9,0.61397627643115,0.492515585015362,ok,
2007_003580,1,31141,0.6206353635204082,>=40%,31141,1762,48414,0.643223034659396,0,0,223,198,0.8883928571428571,square,True,True,True,deit_s,pretrained,7,6,0.7108956038662856,0.821141723282362,ok,
2007_003711,2,20428,0.40712691326530615,>=40%,20428,1643,48533,0.4209094842684359,49,59,194,223,1.13013698630137,square,True,True,True,deit_s,pretrained,7,8,0.497454474251028,0.519004712672812,ok,
2007_003778,1,13727,0.27357700892857145,20-40%,13727,3127,47049,0.29175965482794536,30,18,206,197,1.0169491525423728,square,True,True,True,deit_s,pretrained,7,7,0.5846142638595468,0.6119432780041396,ok,
2007_003815,1,6980,0.13911033163265307,10-20%,6980,2124,48052,0.14525930242237575,74,70,138,223,2.3692307692307693,wide,True,True,True,deit_s,pretrained,6,8,0.2656160458452722,0.28714422543533713,ok,
2007_004081,1,2169,0.04322783801020408,2-5%,2169,5393,44783,0.04843355737668312,57,70,121,159,1.3846153846153846,square,True,True,True,deit_s,pretrained,4,6,0.5292761641309359,0.38832625013842453,ok,
2007_004121,3,994,0.019810267857142856,<2%,994,1822,48354,0.020556727468254953,96,55,147,93,0.75,square,True,True,True,deit_s,pretrained,7,4,0.36619718309859156,0.1547913374946504,ok,
2007_004537,4,1619,0.03226642219387755,2-5%,1619,7559,42617,0.037989534692728255,53,50,118,167,1.7878787878787878,wide,True,True,True,deit_s,pretrained,4,8,0.22297714638665844,0.1786821661532313,ok,
2007_004558,2,870,0.017338966836734693,<2%,870,2181,47995,0.01812688821752266,61,87,99,119,0.8461538461538461,square,True,True,True,deit_s,pretrained,5,6,0.5241379310344828,0.2638714647323001,ok,
2007_004649,2,894,0.017817283163265307,<2%,894,2187,47989,0.018629269207526725,90,204,137,223,0.4166666666666667,tall,True,True,True,deit_s,pretrained,7,13,0.34563758389261745,0.13401832719112114,ok,
2007_004707,1,879,0.017518335459183673,<2%,879,1199,48977,0.01794719970598444,175,147,223,191,0.9183673469387755,square,True,True,True,deit_s,pretrained,12,10,0.447098976109215,0.14134873250385702,ok,
2007_004856,1,26887,0.5358537946428571,>=40%,26887,1539,48637,0.5528095894072415,0,24,223,199,0.7857142857142857,square,True,True,True,deit_s,pretrained,7,6,0.5222598281697475,0.5249060566041647,ok,
2007_005074,1,10711,0.2134685905612245,20-40%,10711,2530,47646,0.22480376107123368,0,0,193,200,1.0360824742268042,square,True,True,True,deit_s,pretrained,9,5,0.41275324432826066,0.4203044764896677,ok,
2007_005130,1,5057,0.10078523596938775,10-20%,5057,968,49208,0.10276784262721508,60,52,192,147,0.7218045112781954,square,True,True,True,deit_s,pretrained,7,6,0.519477951354558,0.5053619825809801,ok,
2007_005173,12,990,0.019730548469387755,<2%,990,6789,43387,0.022817894761103557,1,189,56,221,0.5892857142857143,tall,True,True,True,deit_s,pretrained,1,12,0.3383838383838384,0.2099737129387904,ok,
2007_005173,14,1217,0.024254623724489797,2-5%,1217,6789,43387,0.028049876691174775,0,51,59,80,0.5,tall,True,True,True,deit_s,pretrained,1,4,0.2514379622021364,0.2457340622028265,ok,
2007_005173,16,624,0.012436224489795918,<2%,624,6789,43387,0.014382188213059212,1,2,36,28,0.75,square,True,True,True,deit_s,pretrained,0,0,0.3685897435897436,0.14548553753708934,ok,
2007_005212,1,1030,0.020527742346938774,2-5%,1030,1721,48455,0.021256836239810135,137,182,175,223,1.0769230769230769,square,True,True,True,deit_s,pretrained,9,12,0.23106796116504855,0.12606243763387295,ok,
2007_005266,2,680,0.013552295918367346,<2%,680,3149,47027,0.014459778425160014,97,68,142,112,0.9782608695652174,square,True,True,True,deit_s,pretrained,7,5,0.5,0.14716142395384185,ok,
2007_005266,3,830,0.016541772959183673,<2%,830,3149,47027,0.017649435430710018,95,140,142,190,1.0625,square,True,True,True,deit_s,pretrained,6,10,0.3168674698795181,0.11645819949235656,ok,
2007_005281,2,1170,0.023317920918367346,2-5%,1170,3659,46517,0.025152094933035236,65,92,158,127,0.3829787234042553,tall,True,True,True,deit_s,pretrained,6,7,0.4444444444444444,0.2174686635810405,ok,
2007_005294,1,23045,0.4592833227040816,>=40%,23045,1223,48953,0.47075766551590303,0,45,223,223,0.7991071428571429,square,True,True,True,deit_s,pretrained,7,8,0.6787589498806682,0.7511793863287245,ok,
2007_005296,2,860,0.017139668367346938,<2%,860,889,49287,0.01744882017570556,162,0,203,26,0.6428571428571429,tall,True,True,True,deit_s,pretrained,11,0,0.36627906976744184,0.1861254003349179,ok,
2007_005331,2,3114,0.06206154336734694,5-10%,3114,5012,45164,0.06894872021964396,3,97,152,168,0.48,tall,True,True,True,deit_s,pretrained,4,8,0.441233140655106,0.3107413631057236,ok,
2007_005331,3,934,0.018614477040816327,<2%,934,5012,45164,0.020680187760162963,10,62,35,107,1.7692307692307692,wide,True,True,True,deit_s,pretrained,1,5,0.4057815845824411,0.1905837273462862,ok,
2007_005331,5,713,0.01420998086734694,<2%,713,5012,45164,0.01578690992826145,7,0,38,26,0.84375,square,True,True,True,deit_s,pretrained,1,0,0.47124824684431976,0.12873305983857053,ok,
2007_005354,2,9703,0.19337930484693877,10-20%,9703,2514,47662,0.2035793714069909,60,0,223,96,0.5914634146341463,tall,True,True,True,deit_s,pretrained,9,2,0.460888385035556,0.41562584897986377,ok,
2007_005360,1,16628,0.33139349489795916,20-40%,16628,1928,48248,0.3446360470900348,66,0,162,223,2.3092783505154637,wide,True,True,True,deit_s,pretrained,7,7,0.5546066875150348,0.5767294827420225,ok,
2007_005368,2,31652,0.6308195153061225,>=40%,31652,3510,46666,0.6782668323833198,0,20,223,214,0.8705357142857143,square,True,True,True,deit_s,pretrained,6,7,0.6910463793757109,0.763381791193535,ok,
2007_005702,2,15544,0.30978954081632654,20-40%,15544,5263,44913,0.34609133213100884,0,46,223,219,0.7767857142857143,square,True,True,True,deit_s,pretrained,5,9,0.4223494595985589,0.5516824392142368,ok,
2007_005797,3,2227,0.04438376913265306,2-5%,2227,3398,46778,0.047607849843943735,0,17,80,60,0.5432098765432098,tall,True,True,True,deit_s,pretrained,2,2,0.5307588684328693,0.31001020634497123,ok,
2007_005813,2,1241,0.02473294005102041,2-5%,1241,4296,45880,0.02704882301656495,108,73,175,135,0.9264705882352942,square,True,True,True,deit_s,pretrained,9,7,0.2401289282836422,0.12370685011910701,ok,
2007_005845,1,5872,0.11702806122448979,10-20%,5872,1676,48500,0.1210721649484536,148,0,223,119,1.5789473684210527,wide,True,True,True,deit_s,pretrained,11,3,0.6445844686648501,0.4759595145850133,ok,
2007_005911,1,30411,0.606086575255102,>=40%,30411,1095,49081,0.6196084024367882,32,0,186,223,1.4451612903225806,square,True,True,True,deit_s,pretrained,6,7,0.557988885600605,0.5814230770179252,ok,
2007_005951,2,2821,0.05622209821428571,5-10%,2821,2184,47992,0.0587806301050175,23,169,164,223,0.3873239436619718,tall,True,True,True,deit_s,pretrained,5,13,0.44842254519673874,0.29500425023647275,ok,
2007_005989,2,2692,0.05365114795918367,5-10%,2692,2303,47873,0.056232114135316355,58,100,153,169,0.7291666666666666,square,True,True,True,deit_s,pretrained,6,8,0.4060178306092125,0.237281684740076,ok,
2007_006151,2,2594,0.05169802295918367,5-10%,2594,5286,44890,0.05778569837380263,59,34,180,87,0.4426229508196721,tall,True,True,True,deit_s,pretrained,7,3,0.3330763299922899,0.21828462345495925,ok,
2007_006277,1,20518,0.4089205994897959,>=40%,20518,1520,48656,0.4216951660637948,45,1,189,223,1.5379310344827586,wide,True,True,True,deit_s,pretrained,7,7,0.3163563700165708,0.28435952870321773,ok,
2007_006409,2,938,0.018694196428571428,<2%,938,2113,48063,0.019516051848615358,84,0,150,29,0.44776119402985076,tall,True,True,True,deit_s,pretrained,8,0,0.5650319829424307,0.18315206811912038,ok,
2007_006660,1,5826,0.11611128826530612,10-20%,5826,2239,47937,0.12153451404969022,153,0,210,136,2.3620689655172415,wide,True,True,True,deit_s,pretrained,11,4,0.3139375214555441,0.28823942329986635,ok,
2007_006699,2,20378,0.4061304209183674,>=40%,20378,1376,48800,0.41758196721311475,0,23,124,223,1.608,wide,True,True,True,deit_s,pretrained,3,8,0.6984493080773383,0.6910227799346137,ok,
2007_006900,3,857,0.01707987882653061,<2%,857,2260,47916,0.01788546623257367,72,0,118,33,0.723404255319149,square,True,True,True,deit_s,pretrained,5,0,0.5064177362893816,0.15069202705568407,ok,
2007_006944,1,6142,0.12240911989795919,10-20%,6142,2806,47370,0.1296601224403631,106,0,194,85,0.9662921348314607,square,True,True,True,deit_s,pretrained,9,2,0.5140019537609899,0.397132140407324,ok,
2007_007007,3,7910,0.15764508928571427,10-20%,7910,4891,45285,0.1746715247874572,114,107,223,223,1.0636363636363637,square,True,True,True,deit_s,pretrained,10,11,0.48166877370417194,0.4302763679871871,ok,
2007_007109,1,24653,0.4913305165816326,>=40%,24653,3328,46848,0.5262337773224044,1,46,223,223,0.7982062780269058,square,True,True,True,deit_s,pretrained,6,8,0.7496856366365148,0.7776030713114417,ok,
2007_007130,2,1355,0.027004942602040817,2-5%,1355,3469,46707,0.029010640803305714,48,99,93,136,0.8260869565217391,square,True,True,True,deit_s,pretrained,4,7,0.203690036900369,0.21493769188958875,ok,
2007_007154,1,16187,0.32260443239795916,20-40%,16187,1669,48507,0.33370441379594695,0,42,223,151,0.49107142857142855,tall,True,True,True,deit_s,pretrained,7,6,0.4650027800086489,0.5233207645721157,ok,
2007_007165,1,2705,0.05391023596938776,5-10%,2705,782,49394,0.054763736486212904,182,115,223,215,2.4047619047619047,wide,True,True,True,deit_s,pretrained,12,10,0.5426987060998152,0.3351686674236976,ok,
2007_007168,1,23856,0.47544642857142855,>=40%,23856,2610,47566,0.5015347096665685,24,29,214,223,1.0209424083769634,square,True,True,True,deit_s,pretrained,8,7,0.5647635814889336,0.5568874181613105,ok,
2007_007230,1,3555,0.07085060586734694,5-10%,3555,1956,48220,0.07372459560348403,75,122,172,177,0.5714285714285714,tall,True,True,True,deit_s,pretrained,7,9,0.560337552742616,0.34884789326899684,ok,
2007_007235,1,3738,0.07449776785714286,5-10%,3738,6870,43306,0.08631598392832401,81,37,185,190,1.4666666666666666,square,True,True,True,deit_s,pretrained,9,8,0.17549491706795078,0.16004510196544755,ok,
2007_007414,2,5631,0.1122249681122449,10-20%,5631,1033,49143,0.11458396923264758,74,72,133,204,2.216666666666667,wide,True,True,True,deit_s,pretrained,6,8,0.2937311312377908,0.43621421866853777,ok,
2007_007415,2,13864,0.2763073979591837,20-40%,13864,2225,47951,0.2891284853287731,62,0,168,223,2.0934579439252334,wide,True,True,True,deit_s,pretrained,7,6,0.5562608193883439,0.6374170942956071,ok,
2007_007498,2,22914,0.45667251275510207,>=40%,22914,6219,43957,0.5212821621129741,0,36,223,223,0.8392857142857143,square,True,True,True,deit_s,pretrained,9,9,0.6869599371563236,0.8208633719073771,ok,
2007_007534,1,10312,0.20551658163265307,20-40%,10312,2390,47786,0.21579542125308668,93,85,223,214,0.9923664122137404,square,True,True,True,deit_s,pretrained,10,10,0.6473041117145074,0.6726578519632682,ok,
2007_007621,1,2635,0.05251514668367347,5-10%,2635,1224,48952,0.053828239908481776,62,144,119,206,1.0862068965517242,square,True,True,True,deit_s,pretrained,5,10,0.38671726755218216,0.258563643091433,ok,
2007_007688,1,30827,0.6143773915816326,>=40%,30827,2903,47273,0.6521058532354621,0,0,223,223,1.0,square,True,True,True,deit_s,pretrained,8,7,0.7323774613163785,0.7828797735276776,ok,
2007_007818,1,807,0.016083386479591837,<2%,807,1430,48746,0.01655520452960243,67,157,99,184,0.8484848484848485,square,True,True,True,deit_s,pretrained,5,10,0.5315985130111525,0.1570968599889862,ok,
2007_007836,3,1574,0.031369579081632654,2-5%,1574,4088,46088,0.03415205693455997,70,177,156,223,0.5402298850574713,tall,True,True,True,deit_s,pretrained,6,13,0.23570520965692504,0.13815091021143652,ok,
2007_007902,2,7999,0.1594188456632653,10-20%,7999,2005,48171,0.1660542650142202,34,0,189,98,0.6346153846153846,tall,True,True,True,deit_s,pretrained,7,2,0.34129266158269783,0.3024228197659429,ok,
2007_007902,4,1839,0.03665098852040816,2-5%,1839,2005,48171,0.03817649623217288,29,0,90,79,1.2903225806451613,square,True,True,True,deit_s,pretrained,3,2,0.1653072321914084,0.11917097690465893,ok,
2007_007996,4,4149,0.0826889349489796,5-10%,4149,6816,43360,0.09568726937269373,145,76,223,182,1.3544303797468353,square,True,True,True,deit_s,pretrained,11,8,0.44420342251144856,0.48485292071526576,ok,
2007_008051,1,12269,0.24451929209183673,20-40%,12269,1198,48978,0.25050022459063254,67,42,223,174,0.8471337579617835,square,True,True,True,deit_s,pretrained,9,6,0.44812128127801776,0.4190640310714599,ok,
2007_008110,1,1282,0.025550063775510203,2-5%,1282,3815,46361,0.027652552792217597,87,58,131,122,1.4444444444444444,square,True,True,True,deit_s,pretrained,7,5,0.44773790951638065,0.237617435062055,ok,
2007_008110,3,7106,0.14162149234693877,10-20%,7106,3815,46361,0.15327538232566165,49,36,223,142,0.6114285714285714,tall,True,True,True,deit_s,pretrained,8,5,0.3603996622572474,0.32144947893784237,ok,
2007_008110,4,1469,0.029276945153061226,2-5%,1469,3815,46361,0.03168611548499817,32,183,113,221,0.47560975609756095,tall,True,True,True,deit_s,pretrained,3,12,0.4240980258679374,0.2880223716558453,ok,
2007_008204,2,9117,0.1817004145408163,10-20%,9117,1672,48504,0.18796387926768926,67,147,195,223,0.5968992248062015,tall,True,True,True,deit_s,pretrained,8,11,0.6261928265876934,0.6329026902828049,ok,
2007_008260,2,36692,0.7312659438775511,>=40%,36692,945,49231,0.7453027563933294,0,0,223,223,1.0,square,True,True,True,deit_s,pretrained,8,7,0.7100730404447836,0.6738035417074096,ok,
2007_008407,2,872,0.017378826530612245,<2%,872,4812,45364,0.019222290803280133,94,170,129,197,0.7777777777777778,square,True,True,True,deit_s,pretrained,6,11,0.481651376146789,0.19561926268993543,ok,
2007_008407,3,786,0.015664859693877552,<2%,786,4812,45364,0.017326514416718102,186,173,223,223,1.3421052631578947,square,True,True,True,deit_s,pretrained,12,12,0.5699745547073791,0.3101722011022216,ok,
2007_008526,5,1129,0.022500797193877552,2-5%,1129,2676,47500,0.023768421052631578,67,57,129,92,0.5714285714285714,tall,True,True,True,deit_s,pretrained,6,4,0.4145261293179805,0.14160794765718024,ok,
2007_008543,3,2964,0.059072066326530615,5-10%,2964,1455,48721,0.060836189733379856,180,103,223,223,2.75,wide,True,True,True,deit_s,pretrained,12,9,0.5016869095816464,0.4313455241107599,ok,
2007_008547,4,881,0.017558195153061226,<2%,881,6807,43369,0.020314049205653807,103,0,160,36,0.6379310344827587,tall,True,True,True,deit_s,pretrained,8,0,0.5754824063564131,0.23367253050057787,ok,
2007_008778,1,2211,0.044064891581632654,2-5%,2211,1373,48803,0.04530459193082392,1,182,88,215,0.38636363636363635,tall,True,True,True,deit_s,pretrained,2,12,0.44866576209859793,0.27235425498256083,ok,
2007_008778,2,3085,0.06148357780612245,5-10%,3085,1373,48803,0.06321332704956663,5,0,223,72,0.3333333333333333,tall,True,True,True,deit_s,pretrained,4,1,0.37925445705024313,0.24750074852104798,ok,
2007_008945,1,18217,0.36306202168367346,20-40%,18217,12468,37708,0.48310703299034685,124,0,223,223,2.24,wide,True,True,True,deit_s,pretrained,11,7,0.6426963824998627,0.6553168508180696,ok,
2007_008973,1,9117,0.1817004145408163,10-20%,9117,1514,48662,0.18735358185031442,31,127,182,223,0.6381578947368421,tall,True,True,True,deit_s,pretrained,6,11,0.5471097948886695,0.7246279568267536,ok,
2007_008994,2,2223,0.04430404974489796,2-5%,2223,2899,47277,0.047020750047591854,94,0,203,41,0.38181818181818183,tall,True,True,True,deit_s,pretrained,10,1,0.3909131803868646,0.24593946377957185,ok,
2007_009068,1,1753,0.03493702168367347,2-5%,1753,3109,47067,0.037244778719697454,180,170,222,223,1.255813953488372,square,True,True,True,deit_s,pretrained,12,12,0.6138049058756417,0.6321153645959819,ok,
2007_009139,2,2503,0.049884406887755105,2-5%,2503,6316,43860,0.05706794345645235,0,19,119,60,0.35,tall,True,True,True,deit_s,pretrained,2,2,0.5281662005593288,0.3424305669713967,ok,
2007_009139,5,970,0.019331951530612245,<2%,970,6316,43860,0.022115823073415412,0,74,46,113,0.851063829787234,square,True,True,True,deit_s,pretrained,1,6,0.6247422680412371,0.30263534461623437,ok,
2007_009331,4,939,0.018714126275510203,<2%,939,2767,47409,0.01980636587989622,118,117,156,177,1.564102564102564,wide,True,True,True,deit_s,pretrained,8,9,0.5133120340788072,0.23779921176169533,ok,
2007_009346,2,5708,0.11375956632653061,10-20%,5708,2173,48003,0.1189092348394892,63,108,187,219,0.896,square,True,True,True,deit_s,pretrained,8,11,0.43237561317449197,0.41444386181956505,ok,
2007_009413,2,1200,0.02391581632653061,2-5%,1200,8904,41272,0.029075402209730566,52,107,106,149,0.7818181818181819,square,True,True,True,deit_s,pretrained,4,7,0.37416666666666665,0.37942389376061064,ok,
2007_009435,2,7318,0.1458466198979592,10-20%,7318,1358,48818,0.14990372403621616,94,0,191,110,1.1326530612244898,square,True,True,True,deit_s,pretrained,8,2,0.4562722055206341,0.3936744609099251,ok,
2007_009458,2,1158,0.02307876275510204,2-5%,1158,1341,48835,0.0237125012798198,2,54,39,96,1.131578947368421,square,True,True,True,deit_s,pretrained,1,4,0.27288428324697755,0.12793437016304043,ok,
2007_009458,3,882,0.017578125,<2%,882,1341,48835,0.018060817036961194,9,98,39,133,1.1612903225806452,square,True,True,True,deit_s,pretrained,1,7,0.3310657596371882,0.1411907992722395,ok,
2007_009458,7,600,0.011957908163265306,<2%,600,1341,48835,0.012286270093170881,0,190,22,223,1.4782608695652173,square,True,True,True,deit_s,pretrained,0,13,0.3983333333333333,0.15089175495704926,ok,
2007_009550,5,977,0.019471460459183673,<2%,977,3727,46449,0.021033822041378717,181,190,223,222,0.7674418604651163,square,True,True,True,deit_s,pretrained,12,13,0.3705220061412487,0.19347173189232675,ok,
2007_009649,4,1322,0.026347257653061226,2-5%,1322,7889,42287,0.03126256296261262,82,82,150,137,0.8115942028985508,square,True,True,True,deit_s,pretrained,7,6,0.28517397881996975,0.12155775931390653,ok,
2007_009649,7,8200,0.1634247448979592,10-20%,8200,7889,42287,0.1939130229148438,52,0,223,165,0.9651162790697675,square,True,True,True,deit_s,pretrained,9,3,0.5679268292682926,0.6266328346915174,ok,
2007_009665,2,919,0.018315529336734693,<2%,919,1937,48239,0.019050975351893696,114,0,172,21,0.3728813559322034,tall,True,True,True,deit_s,pretrained,8,0,0.500544069640914,0.18858858685535462,ok,
2007_009764,1,12405,0.2472297512755102,20-40%,12405,1499,48677,0.25484314974217803,77,106,204,223,0.921875,square,True,True,True,deit_s,pretrained,8,10,0.3237404272470778,0.36853977525512355,ok,
2007_009950,2,1585,0.03158880739795918,2-5%,1585,1209,48967,0.032368738129760856,77,104,130,142,0.7222222222222222,square,True,True,True,deit_s,pretrained,6,7,0.36782334384858045,0.18564831485594138,ok,
2008_000009,1,693,0.013811383928571428,<2%,693,565,49611,0.013968676301626655,97,94,130,135,1.2352941176470589,square,True,True,True,deit_s,pretrained,6,7,0.5108225108225108,0.15565404985145806,ok,
2008_000019,1,10795,0.21514269770408162,20-40%,10795,4793,45383,0.23786439856333869,0,29,143,217,1.3125,square,True,True,True,deit_s,pretrained,3,8,0.46577119036591014,0.518086099950719,ok,
2008_000019,2,5454,0.10869738520408163,10-20%,5454,4793,45383,0.1201771588480268,60,53,187,175,0.9609375,square,True,True,True,deit_s,pretrained,8,6,0.2810781078107811,0.2682014843431541,ok,
2008_000120,1,19818,0.3949697066326531,20-40%,19818,4489,45687,0.4337776610414341,38,0,170,218,1.6466165413533835,wide,True,True,True,deit_s,pretrained,7,6,0.4534766374003431,0.6204476005032802,ok,
2008_000182,1,2053,0.040915975765306124,2-5%,2053,492,49684,0.041321149665888415,154,128,208,182,1.0,square,True,True,True,deit_s,pretrained,11,9,0.6317584023380419,0.37890383598317606,ok,
2008_000217,2,14775,0.29446348852040816,20-40%,14775,2116,48060,0.3074282147315855,33,104,223,212,0.5706806282722513,tall,True,True,True,deit_s,pretrained,9,9,0.6484602368866328,0.6790372895900225,ok,
2008_000226,5,1347,0.02684550382653061,2-5%,1347,2194,47982,0.028073027385269476,96,58,127,140,2.59375,wide,True,True,True,deit_s,pretrained,6,5,0.27839643652561247,0.15776789887146397,ok,
2008_000235,1,2263,0.04510124362244898,2-5%,2263,1466,48710,0.046458632724286596,57,137,133,189,0.6883116883116883,square,True,True,True,deit_s,pretrained,6,9,0.43305346884666374,0.20874571595278807,ok,
2008_000259,3,855,0.017040019132653062,<2%,855,2912,47264,0.018089878131347326,89,185,148,213,0.48333333333333334,tall,True,True,True,deit_s,pretrained,7,12,0.22105263157894736,0.08276111098732652,ok,
2008_000270,1,8866,0.1766980229591837,10-20%,8866,3812,46364,0.19122595116901045,86,12,223,186,1.2681159420289856,square,True,True,True,deit_s,pretrained,10,7,0.3886758402887435,0.36413423995812166,ok,
2008_000284,2,926,0.01845503826530612,<2%,926,4550,45626,0.020295445579274974,25,0,188,37,0.23170731707317074,tall,True,True,True,deit_s,pretrained,10,1,0.33801295896328293,0.1409576222373951,ok,
2008_000289,1,8561,0.17061941964285715,10-20%,8561,1084,49092,0.17438686547706347,53,29,223,108,0.4678362573099415,tall,True,True,True,deit_s,pretrained,8,4,0.653778764163065,0.5943060222255143,ok,
2008_000365,1,4116,0.08203125,5-10%,4116,1516,48660,0.0845869297163995,130,134,222,221,0.946236559139785,square,True,True,True,deit_s,pretrained,11,11,0.5041302235179786,0.3478028690060856,ok,
2008_000400,1,907,0.01807637117346939,<2%,907,571,49605,0.01828444713234553,110,88,154,139,1.1555555555555554,square,True,True,True,deit_s,pretrained,7,7,0.5920617420066152,0.26208613276204323,ok,
2008_000422,1,17313,0.3450454400510204,20-40%,17313,2375,47801,0.3621890755423527,0,16,205,175,0.7766990291262136,square,True,True,True,deit_s,pretrained,6,6,0.5725177612198926,0.606493436751052,ok,
2008_000464,1,13753,0.2740951849489796,20-40%,13753,1779,48397,0.28417050643634933,13,61,193,199,0.7679558011049724,square,True,True,True,deit_s,pretrained,7,8,0.6083763542499818,0.6429161673792688,ok,
2008_000505,1,19252,0.38368941326530615,20-40%,19252,1295,48881,0.3938544628792373,50,0,223,150,0.867816091954023,square,True,True,True,deit_s,pretrained,9,4,0.5327238728443798,0.6517641405403451,ok,
2008_000540,1,13141,0.261898118622449,20-40%,13141,1191,48985,0.26826579565173014,73,57,222,200,0.96,square,True,True,True,deit_s,pretrained,10,7,0.5998782436648656,0.5456583957727643,ok,
2008_000588,1,7381,0.14710220025510204,10-20%,7381,15002,35174,0.20984249729914142,39,53,190,203,0.993421052631579,square,True,True,True,deit_s,pretrained,6,9,0.4747324210811543,0.5544195734114408,ok,
2008_000711,2,3174,0.06325733418367346,5-10%,3174,3770,46406,0.06839632806102659,27,166,105,223,0.7341772151898734,square,True,True,True,deit_s,pretrained,4,12,0.517643352236925,0.43440276213765466,ok,
2008_000760,3,767,0.015286192602040817,<2%,767,4273,45903,0.016709147550269046,0,0,72,39,0.547945205479452,tall,True,True,True,deit_s,pretrained,1,1,0.36897001303780963,0.09661180357579464,ok,
2008_000811,1,2076,0.04137436224489796,2-5%,2076,3460,46716,0.044438736193167225,33,150,207,223,0.4228571428571429,tall,True,True,True,deit_s,pretrained,4,13,0.17148362235067438,0.1368113916017394,ok,
2008_000841,1,25991,0.5179966517857143,>=40%,25991,2365,47811,0.5436196691138022,15,0,222,161,0.7788461538461539,square,True,True,True,deit_s,pretrained,8,4,0.6548035858566427,0.7825070182143783,ok,
2008_000992,1,21749,0.43345424107142855,>=40%,21749,1794,48382,0.44952668347732627,17,39,223,219,0.8743961352657005,square,True,True,True,deit_s,pretrained,8,8,0.5774518368660628,0.7157219950071766,ok,
2008_001070,1,5752,0.11463647959183673,10-20%,5752,966,49210,0.11688681162365373,70,66,173,153,0.8461538461538461,square,True,True,True,deit_s,pretrained,8,7,0.34144645340751045,0.2867755580608422,ok,
2008_001112,1,8565,0.17069913903061223,10-20%,8565,1931,48245,0.17753135039900508,69,85,223,191,0.6903225806451613,square,True,True,True,deit_s,pretrained,9,9,0.39941622883829536,0.4493000429999296,ok,
2008_001231,1,1803,0.03593351403061224,2-5%,1803,2273,47903,0.03763856125921132,42,89,137,137,0.5104166666666666,tall,True,True,True,deit_s,pretrained,5,6,0.46256239600665555,0.34842152718991,ok,
2008_001375,3,5053,0.10070551658163265,10-20%,5053,4730,45446,0.11118690313778991,83,103,160,197,1.2179487179487178,square,True,True,True,deit_s,pretrained,7,9,0.15495745101919653,0.1483826069116087,ok,
2008_001379,1,11084,0.22090242346938777,20-40%,11084,1354,48822,0.2270287984924829,38,41,213,151,0.6306818181818182,tall,True,True,True,deit_s,pretrained,7,6,0.45110068567304223,0.4329945614009728,ok,
2008_001399,1,13599,0.27102598852040816,20-40%,13599,912,49264,0.2760433582331926,92,0,223,146,1.1136363636363635,square,True,True,True,deit_s,pretrained,9,3,0.5691594970218399,0.5505865845842853,ok,
2008_001404,1,9506,0.189453125,10-20%,9506,3315,46861,0.20285525276882696,27,79,223,176,0.49746192893401014,tall,True,True,True,deit_s,pretrained,6,8,0.5823690300862613,0.5905163026846676,ok,
2008_001439,1,4683,0.09333147321428571,5-10%,4683,9356,40820,0.11472317491425772,31,0,213,52,0.2896174863387978,tall,True,True,True,deit_s,pretrained,6,1,0.17830450565876574,0.16434358046825912,ok,
2008_001491,1,13885,0.27672592474489793,20-40%,13885,2605,47571,0.2918795064219798,51,0,171,223,1.8512396694214877,wide,True,True,True,deit_s,pretrained,6,6,0.6649621894130356,0.6431221566229484,ok,
2008_001682,1,3978,0.07928093112244898,5-10%,3978,1253,48923,0.08131144860290661,78,52,178,150,0.9801980198019802,square,True,True,True,deit_s,pretrained,7,6,0.5228758169934641,0.4410294527693245,ok,
2008_001997,4,5113,0.10190130739795919,10-20%,5113,2389,47787,0.10699562642559692,101,53,223,144,0.7479674796747967,square,True,True,True,deit_s,pretrained,10,6,0.3279874828867592,0.26836920274594583,ok,
2008_002032,1,994,0.019810267857142856,<2%,994,5928,44248,0.022464292171397577,7,0,223,22,0.10599078341013825,tall,True,True,True,deit_s,pretrained,11,0,0.5905432595573441,0.30705002081024746,ok,
2008_002123,2,860,0.017139668367346938,<2%,860,6121,44055,0.019521053228918398,64,187,132,212,0.37681159420289856,tall,True,True,True,deit_s,pretrained,6,12,0.5186046511627908,0.21578235057177642,ok,
2008_002212,2,1459,0.02907764668367347,2-5%,1459,2179,47997,0.03039773319165781,87,35,144,73,0.6724137931034483,square,True,True,True,deit_s,pretrained,7,3,0.4441398217957505,0.22060877391259684,ok,
2008_002212,3,862,0.01717952806122449,<2%,862,2179,47997,0.01795945579932079,52,58,96,95,0.8444444444444444,square,True,True,True,deit_s,pretrained,4,4,0.3654292343387471,0.13912866067928104,ok,
2008_002218,3,9601,0.1913464604591837,10-20%,9601,3231,46945,0.20451592288848652,42,110,184,215,0.7412587412587412,square,True,True,True,deit_s,pretrained,6,9,0.4642224768253307,0.4184560831656198,ok,
2008_002288,1,10739,0.2140266262755102,20-40%,10739,1693,48483,0.22150031969968856,86,74,223,218,1.0507246376811594,square,True,True,True,deit_s,pretrained,8,10,0.44510662072818696,0.4443719180654128,ok,
2008_002411,1,2783,0.05546476403061224,5-10%,2783,3243,46933,0.059297296145569216,119,64,210,159,1.0434782608695652,square,True,True,True,deit_s,pretrained,9,7,0.14049586776859505,0.2147825510889294,ok,
2008_002536,2,854,0.017020089285714284,<2%,854,2837,47339,0.01804009379158833,62,196,130,223,0.4057971014492754,tall,True,True,True,deit_s,pretrained,5,13,0.4882903981264637,0.2727100512232279,ok,
2008_002623,1,4834,0.09634088010204081,5-10%,4834,811,49365,0.0979236301022992,167,0,223,207,3.6491228070175437,wide,True,True,True,deit_s,pretrained,12,5,0.35436491518411256,0.2582861552613608,ok,
2008_002681,1,10264,0.20455994897959184,20-40%,10264,1290,48886,0.20995786114634046,44,99,223,194,0.5333333333333333,tall,True,True,True,deit_s,pretrained,7,8,0.75769680436477,0.7764766537367436,ok,
2008_002894,1,9588,0.19108737244897958,10-20%,9588,4264,45912,0.20883429168844747,105,0,223,203,1.7142857142857142,wide,True,True,True,deit_s,pretrained,11,4,0.4525448477263246,0.42635890538102345,ok,
2008_002929,1,8179,0.1630062181122449,10-20%,8179,3493,46683,0.1752029646766489,123,5,223,223,2.1683168316831685,wide,True,True,True,deit_s,pretrained,11,7,0.2893996821127277,0.3298445597385406,ok,
2008_003034,1,6648,0.13249362244897958,10-20%,6648,2931,47245,0.14071330299502594,161,0,214,223,4.148148148148148,wide,True,True,True,deit_s,pretrained,12,6,0.42358604091456076,0.36328894825274455,ok,
2008_003065,1,21493,0.42835220025510207,>=40%,21493,3364,46812,0.45913440998034694,0,24,223,223,0.8928571428571429,square,True,True,True,deit_s,pretrained,4,6,0.5889824594053878,0.7493865107812787,ok,
2008_003094,1,931,0.0185546875,<2%,931,3157,47019,0.01980050617835343,133,156,190,190,0.603448275862069,tall,True,True,True,deit_s,pretrained,9,10,0.5102040816326531,0.18849292114483548,ok,
2008_003333,1,2397,0.047771843112244895,2-5%,2397,4358,45818,0.052315683792396005,61,179,125,223,0.6923076923076923,square,True,True,True,deit_s,pretrained,5,12,0.42511472674176054,0.23462629339747917,ok,
2008_003333,2,3982,0.07936065051020408,5-10%,3982,4358,45818,0.08690907503601204,86,50,198,189,1.238938053097345,square,True,True,True,deit_s,pretrained,9,7,0.2491210447011552,0.20513817404993373,ok,
2008_003333,3,3339,0.06654575892857142,5-10%,3339,4358,45818,0.07287528918765551,52,112,173,176,0.5327868852459017,tall,True,True,True,deit_s,pretrained,6,9,0.48547469302186286,0.3221802050725697,ok,
2008_003362,1,3646,0.07266422193877552,5-10%,3646,900,49276,0.07399139540547123,37,116,84,223,2.25,wide,True,True,True,deit_s,pretrained,3,10,0.4670872188699945,0.3197701784282937,ok,
2008_003461,4,1737,0.03461814413265306,2-5%,1737,4218,45958,0.03779537838896384,104,171,202,223,0.5353535353535354,tall,True,True,True,deit_s,pretrained,9,12,0.32469775474956825,0.17702477496465105,ok,
2008_003477,1,1387,0.027642697704081634,2-5%,1387,3194,46982,0.0295219445745179,81,182,121,223,1.024390243902439,square,True,True,True,deit_s,pretrained,6,12,0.3446286950252343,0.2690040930750899,ok,
2008_003500,1,36105,0.7195671237244898,>=40%,36105,1354,48822,0.7395231657859161,0,2,190,215,1.1204188481675392,square,True,True,True,deit_s,pretrained,5,6,0.7159396205511702,0.9344198103955953,ok,
2008_003511,3,20150,0.40158641581632654,>=40%,20150,2478,47698,0.4224495785986834,16,101,223,223,0.5913461538461539,tall,True,True,True,deit_s,pretrained,8,10,0.5521588089330025,0.6973172450508084,ok,
2008_003523,4,667,0.013293207908163265,<2%,667,4950,45226,0.014748153716888516,188,0,223,39,1.1111111111111112,square,True,True,True,deit_s,pretrained,13,1,0.27886056971514245,0.08217179078136616,ok,
2008_003585,1,22713,0.45266661352040816,>=40%,22713,1348,48828,0.4651634308183829,16,0,196,139,0.7734806629834254,square,True,True,True,deit_s,pretrained,6,4,0.585831902434729,0.7590213979278492,ok,
2008_003676,2,5199,0.10361527423469388,10-20%,5199,6046,44130,0.1178110129163834,94,110,223,167,0.4461538461538462,tall,True,True,True,deit_s,pretrained,10,8,0.38353529524908636,0.410488828858771,ok,
2008_003733,3,14169,0.2823860012755102,20-40%,14169,3836,46340,0.30576176089771256,29,31,223,210,0.9230769230769231,square,True,True,True,deit_s,pretrained,9,5,0.4432211165219846,0.5124714726956714,ok,
2008_003814,2,3162,0.06301817602040816,5-10%,3162,349,49827,0.06345957011258956,139,0,223,56,0.6705882352941176,square,True,True,True,deit_s,pretrained,11,1,0.502213788741303,0.4218631802495658,ok,
2008_003874,1,13326,0.26558514030612246,20-40%,13326,6456,43720,0.30480329368709974,27,0,223,99,0.5076142131979695,tall,True,True,True,deit_s,pretrained,8,3,0.4940717394567012,0.600997004119396,ok,
2008_003874,2,16767,0.334163743622449,20-40%,16767,6456,43720,0.38350869167429097,11,109,222,223,0.5424528301886793,tall,True,True,True,deit_s,pretrained,8,10,0.5541241724816605,0.49891244364052273,ok,
2008_003998,1,43087,0.8587173150510204,>=40%,43087,3138,47038,0.9160040818061992,18,0,223,223,1.087378640776699,square,True,True,True,deit_s,pretrained,7,6,0.9135005918258408,0.9101794599339641,ok,
2008_004175,1,6003,0.11963887117346939,10-20%,6003,2308,47868,0.12540737026823764,59,0,131,146,2.0136986301369864,wide,True,True,True,deit_s,pretrained,5,3,0.5372313843078461,0.4086950714542397,ok,
2008_004212,1,6958,0.138671875,10-20%,6958,1076,49100,0.14171079429735234,90,62,164,223,2.16,wide,True,True,True,deit_s,pretrained,7,8,0.26415636677206095,0.37448583051908363,ok,
2008_004321,5,918,0.01829559948979592,<2%,918,2703,47473,0.019337307522170496,181,0,223,23,0.5581395348837209,tall,True,True,True,deit_s,pretrained,12,0,0.44880174291938996,0.14216545340394585,ok,
2008_004583,1,15523,0.30937101403061223,20-40%,15523,1270,48906,0.3174048174048174,59,0,161,223,2.174757281553398,wide,True,True,True,deit_s,pretrained,6,7,0.6370546930361399,0.7859446780312748,ok,
2008_004588,1,4613,0.09193638392857142,5-10%,4613,591,49585,0.09303216698598367,166,113,221,223,1.9821428571428572,wide,True,True,True,deit_s,pretrained,12,11,0.27921092564491656,0.22790538735803534,ok,
2008_004610,1,26015,0.5184749681122449,>=40%,26015,1651,48525,0.5361154044307058,36,0,206,223,1.3099415204678362,square,True,True,True,deit_s,pretrained,7,5,0.5508360561214684,0.5341716856721714,ok,
2008_004758,1,6292,0.1253985969387755,10-20%,6292,5947,44229,0.14225960342761537,26,0,209,182,0.9945652173913043,square,True,True,True,deit_s,pretrained,8,6,0.2024793388429752,0.2384918403152776,ok,
2008_004776,3,4998,0.099609375,5-10%,4998,2610,47566,0.10507505360972123,146,0,223,97,1.2564102564102564,square,True,True,True,deit_s,pretrained,10,2,0.3071228491396559,0.2608573667929208,ok,
2008_004946,1,20966,0.4178491709183674,>=40%,20966,2845,47331,0.44296549829921195,16,0,193,206,1.1629213483146068,square,True,True,True,deit_s,pretrained,8,6,0.4785843747018983,0.6992728459675115,ok,
2008_005006,1,6739,0.13430723852040816,10-20%,6739,623,49553,0.13599580247411863,70,51,145,143,1.2236842105263157,square,True,True,True,deit_s,pretrained,6,6,0.3056833358064995,0.31841157990496527,ok,
2008_005089,3,787,0.015684789540816327,<2%,787,3307,46869,0.01679148264311165,131,193,171,223,0.7560975609756098,square,True,True,True,deit_s,pretrained,9,13,0.397712833545108,0.20213896412364524,ok,
2008_005197,4,2470,0.04922672193877551,2-5%,2470,4011,46165,0.05350373659698906,27,156,158,209,0.4090909090909091,tall,True,True,True,deit_s,pretrained,4,11,0.3582995951417004,0.2229133081720092,ok,
2008_005342,2,10447,0.20820711096938777,20-40%,10447,5677,44499,0.23476932065889122,131,0,223,166,1.7956989247311828,wide,True,True,True,deit_s,pretrained,10,4,0.36594237580166555,0.3899763225648992,ok,
2008_005541,1,12939,0.2578722895408163,20-40%,12939,1618,48558,0.26646484616335103,56,0,152,223,2.3092783505154637,wide,True,True,True,deit_s,pretrained,7,6,0.452662493237499,0.4497458767054007,ok,
2008_005600,1,6602,0.13157684948979592,10-20%,6602,3631,46545,0.14184122891825116,53,19,223,111,0.543859649122807,tall,True,True,True,deit_s,pretrained,8,5,0.38760981520751286,0.33141586579533766,ok,
2008_005678,1,20911,0.4167530293367347,>=40%,20911,1400,48776,0.42871494177464325,53,35,203,223,1.2516556291390728,square,True,True,True,deit_s,pretrained,8,7,0.5906460714456506,0.6589267397722628,ok,
2008_005680,3,4384,0.08737244897959184,5-10%,4384,2472,47704,0.09190005031024652,113,37,223,107,0.6396396396396397,tall,True,True,True,deit_s,pretrained,10,4,0.5120894160583942,0.3580260849266563,ok,
2008_005716,1,12762,0.2543447066326531,20-40%,12762,1631,48545,0.2628901019672469,4,2,127,223,1.7903225806451613,wide,True,True,True,deit_s,pretrained,4,5,0.5811001410437235,0.6214055919918534,ok,
2008_006008,1,2900,0.05779655612244898,5-10%,2900,4047,46129,0.06286717683019359,158,101,223,196,1.4545454545454546,square,True,True,True,deit_s,pretrained,12,9,0.32827586206896553,0.3584436096600905,ok,
2008_006008,4,3851,0.07674984056122448,5-10%,3851,4047,46129,0.08348327516312948,134,17,223,158,1.5777777777777777,wide,True,True,True,deit_s,pretrained,9,6,0.39236561931965724,0.30092585735464605,ok,
2008_006063,1,31200,0.6218112244897959,>=40%,31200,2554,47622,0.6551593801184327,0,0,223,223,1.0,square,True,True,True,deit_s,pretrained,5,5,0.6107692307692307,0.7736177567082051,ok,
2008_006215,1,23415,0.46665736607142855,>=40%,23415,2127,48049,0.4873150325709172,41,1,196,221,1.4166666666666667,square,True,True,True,deit_s,pretrained,7,7,0.5349135169762973,0.529694922574039,ok,
2008_006221,1,834,0.016621492346938774,<2%,834,2885,47291,0.017635490896787974,65,24,98,60,1.088235294117647,square,True,True,True,deit_s,pretrained,4,2,0.5335731414868106,0.230478233451007,ok,
2008_006254,7,13938,0.2777822066326531,20-40%,13938,9130,41046,0.33957023826925886,62,18,207,212,1.3356164383561644,square,True,True,True,deit_s,pretrained,10,8,0.3489022815325011,0.423449837323819,ok,
2008_006275,2,9627,0.19186463647959184,10-20%,9627,4218,45958,0.20947386744418817,43,76,223,161,0.47513812154696133,tall,True,True,True,deit_s,pretrained,9,7,0.5428482393268931,0.5501595839747606,ok,
2008_006289,1,673,0.013412786989795918,<2%,673,2737,47439,0.014186639684647652,120,154,164,190,0.8222222222222222,square,True,True,True,deit_s,pretrained,9,11,0.31946508172362553,0.11293105924451675,ok,
2008_006289,3,19546,0.38954878826530615,20-40%,19546,2737,47439,0.4120238622230654,0,0,203,187,0.9215686274509803,square,True,True,True,deit_s,pretrained,6,3,0.6813670316177223,0.7672516171611304,ok,
2008_007090,1,976,0.0194515306122449,<2%,976,3601,46575,0.020955448201825013,118,0,158,45,1.1219512195121952,square,True,True,True,deit_s,pretrained,9,1,0.36065573770491804,0.12220822505951039,ok,
2008_007378,2,3986,0.07944036989795919,5-10%,3986,5550,44626,0.08932012728006095,0,139,118,223,0.7142857142857143,square,True,True,True,deit_s,pretrained,2,12,0.325137982940291,0.21127718722095964,ok,
2008_007402,2,16358,0.3260124362244898,20-40%,16358,3924,46252,0.35367119259707686,0,52,223,160,0.48660714285714285,tall,True,True,True,deit_s,pretrained,7,6,0.564127643966255,0.5719725551592856,ok,
2008_007402,5,950,0.018933354591836735,<2%,950,3924,46252,0.020539652339358297,61,0,143,43,0.5301204819277109,tall,True,True,True,deit_s,pretrained,4,1,0.3505263157894737,0.13568756410828545,ok,
2008_007428,2,625,0.012456154336734694,<2%,625,634,49542,0.01261555851600662,162,158,190,188,1.0689655172413792,square,True,True,True,deit_s,pretrained,11,10,0.2784,0.09500278665234832,ok,
2008_007737,1,1039,0.020707110969387755,2-5%,1039,3078,47098,0.022060384729712515,70,102,159,130,0.32222222222222224,tall,True,True,True,deit_s,pretrained,8,7,0.20692974013474494,0.08127012890278368,ok,
2008_007797,1,29813,0.5941685267857143,>=40%,29813,1537,48639,0.6129443450728839,27,35,202,223,1.0738636363636365,square,True,True,True,deit_s,pretrained,7,8,0.5942038707946198,0.6144519757944448,ok,
2008_007811,1,20608,0.4107142857142857,>=40%,20608,1198,48978,0.42076034137776147,0,63,223,193,0.5848214285714286,tall,True,True,True,deit_s,pretrained,8,7,0.20671583850931677,0.25658814047132295,ok,
2008_008051,1,40136,0.7999043367346939,>=40%,40136,1074,49102,0.8174005132173843,44,0,223,223,1.2444444444444445,square,True,True,True,deit_s,pretrained,8,6,0.831796890572055,0.8731105826937537,ok,
2008_008051,2,7136,0.14221938775510204,10-20%,7136,1074,49102,0.14533012911897683,0,13,43,223,4.795454545454546,wide,True,True,True,deit_s,pretrained,1,7,0.5909473094170403,0.6095892909127208,ok,
2008_008193,1,14752,0.2940051020408163,20-40%,14752,3286,46890,0.3146086585625933,29,49,195,223,1.0479041916167664,square,True,True,True,deit_s,pretrained,5,8,0.6336767895878525,0.7493359297461123,ok,
2008_008268,3,933,0.018594547193877552,<2%,933,1875,48301,0.01931637026148527,152,179,201,223,0.9,square,True,True,True,deit_s,pretrained,11,12,0.6688102893890675,0.2992733610622944,ok,
2008_008362,4,2932,0.0584343112244898,5-10%,2932,4931,45245,0.06480274063432423,93,102,162,175,1.0571428571428572,square,True,True,True,deit_s,pretrained,8,8,0.5306957708049114,0.3544658393158017,ok,
2008_008682,2,1939,0.03864397321428571,2-5%,1939,1105,49071,0.039514173340669645,104,67,149,114,1.0434782608695652,square,True,True,True,deit_s,pretrained,7,5,0.19907168643630738,0.15991276826089926,ok,
2009_000121,3,2048,0.04081632653061224,2-5%,2048,1999,48177,0.04250991136849534,0,191,73,223,0.44594594594594594,tall,True,True,True,deit_s,pretrained,2,13,0.42138671875,0.19581912426200732,ok,
2009_000133,1,4639,0.0924545599489796,5-10%,4639,2438,47738,0.09717625371821191,117,0,187,215,3.0422535211267605,wide,True,True,True,deit_s,pretrained,10,6,0.3410217719336064,0.24212086164209953,ok,
2009_000335,3,1608,0.03204719387755102,2-5%,1608,1753,48423,0.03320736013877703,81,0,173,18,0.20430107526881722,tall,True,True,True,deit_s,pretrained,8,0,0.5062189054726368,0.25201054764132014,ok,
2009_000409,1,571,0.011379942602040817,<2%,571,1704,48472,0.011779996699125269,125,0,159,32,0.9428571428571428,square,True,True,True,deit_s,pretrained,8,0,0.5183887915936952,0.13782908924117548,ok,
2009_000426,1,10788,0.2150031887755102,20-40%,10788,1638,48538,0.222258848737072,49,0,166,103,0.8813559322033898,square,True,True,True,deit_s,pretrained,6,2,0.34621802002224694,0.39266206997945163,ok,
2009_000469,1,9120,0.18176020408163265,10-20%,9120,6668,43508,0.2096166222303944,25,0,190,176,1.0662650602409638,square,True,True,True,deit_s,pretrained,9,5,0.4569078947368421,0.42394060813400164,ok,
2009_000488,2,766,0.01526626275510204,<2%,766,1714,48462,0.015806198671123768,97,97,133,131,0.9459459459459459,square,True,True,True,deit_s,pretrained,7,7,0.37597911227154046,0.14209384863919902,ok,
2009_000503,1,2145,0.04274952168367347,2-5%,2145,724,49452,0.04337539432176656,68,42,155,98,0.6477272727272727,tall,True,True,True,deit_s,pretrained,6,4,0.6191142191142192,0.3211421989133938,ok,
2009_000505,3,3051,0.06080596301020408,5-10%,3051,12503,37673,0.08098638282058769,30,52,137,157,0.9814814814814815,square,True,True,True,deit_s,pretrained,6,7,0.40970173713536545,0.523396860710481,ok,
2009_000573,1,6450,0.12854751275510204,10-20%,6450,6142,44034,0.14647772176045784,53,0,198,223,1.5342465753424657,wide,True,True,True,deit_s,pretrained,9,7,0.1677519379844961,0.24226712513005547,ok,
2009_000664,1,4387,0.08743223852040816,5-10%,4387,2627,47549,0.09226271845885298,12,101,171,173,0.45625,tall,True,True,True,deit_s,pretrained,5,9,0.5881012081148849,0.4166365454768533,ok,
2009_000675,1,3577,0.0712890625,5-10%,3577,1583,48593,0.07361142551396292,81,39,144,131,1.453125,square,True,True,True,deit_s,pretrained,6,5,0.6432764886776628,0.5334579789936634,ok,
2009_000705,1,2317,0.046177455357142856,2-5%,2317,1854,48322,0.047949174289143665,81,80,153,191,1.5342465753424657,wide,True,True,True,deit_s,pretrained,6,8,0.43634009495036685,0.3574142621875955,ok,
2009_000712,1,11611,0.23140545280612246,20-40%,11611,1068,49108,0.2364380548994054,94,0,185,160,1.75,wide,True,True,True,deit_s,pretrained,8,4,0.3095340625269141,0.24966241229245079,ok,
2009_000727,1,3733,0.07439811862244898,5-10%,3733,3555,46621,0.08007121254370349,65,74,199,216,1.0592592592592593,square,True,True,True,deit_s,pretrained,7,9,0.48647200642914545,0.3857728087262877,ok,
2009_000731,1,32454,0.6468032525510204,>=40%,32454,15755,34421,0.9428546526829552,0,0,223,223,1.0,square,True,True,True,deit_s,pretrained,6,5,0.9476797929376964,0.9811590767998658,ok,
2009_000931,1,1195,0.023816167091836735,2-5%,1195,1779,48397,0.024691613116515486,54,181,116,223,0.6825396825396826,square,True,True,True,deit_s,pretrained,4,12,0.40334728033472805,0.22533739812008405,ok,
2009_001019,4,5976,0.11910076530612244,10-20%,5976,2299,47877,0.12481985086784886,47,21,97,223,3.980392156862745,wide,True,True,True,deit_s,pretrained,4,8,0.38587684069611783,0.31131080433729635,ok,
2009_001082,2,21624,0.4309630102040816,>=40%,21624,1618,48558,0.44532311874459407,8,0,203,137,0.7040816326530612,square,True,True,True,deit_s,pretrained,6,3,0.45694598594154645,0.604964560366425,ok,
2009_001104,4,608,0.01211734693877551,<2%,608,2726,47450,0.012813487881981033,61,0,106,19,0.43478260869565216,tall,True,True,True,deit_s,pretrained,5,0,0.40625,0.12938657020096106,ok,
2009_001117,1,8818,0.17574139030612246,10-20%,8818,3083,47093,0.18724651222049987,14,14,143,143,1.0,square,True,True,True,deit_s,pretrained,4,4,0.6315491041052392,0.582241264672877,ok,
2009_001145,1,12718,0.2534677933673469,20-40%,12718,2258,47918,0.26541174506448517,46,2,178,163,1.218045112781955,square,True,True,True,deit_s,pretrained,6,5,0.6514389054882843,0.6721058352892912,ok,
2009_001197,1,22736,0.453125,>=40%,22736,1783,48393,0.4698200152914678,57,37,201,223,1.289655172413793,square,True,True,True,deit_s,pretrained,8,8,0.4742698803659395,0.6297180713175323,ok,
2009_001205,1,23923,0.47678172831632654,>=40%,23923,1681,48495,0.49330858851427983,19,24,197,197,0.9720670391061452,square,True,True,True,deit_s,pretrained,6,7,0.750407557580571,0.8000926116328229,ok,
2009_001251,1,24421,0.48670679209183676,>=40%,24421,2579,47597,0.5130785553711369,12,1,223,193,0.910377358490566,square,True,True,True,deit_s,pretrained,6,6,0.7389132304164449,0.8295047267038859,ok,
2009_001253,1,11297,0.22514748086734693,20-40%,11297,2797,47379,0.23843897085206525,26,53,223,170,0.5959595959595959,tall,True,True,True,deit_s,pretrained,8,7,0.5654598565990971,0.5452875543011846,ok,
2009_001300,1,5361,0.10684390943877552,10-20%,5361,1005,49171,0.10902767891643449,87,73,164,193,1.5512820512820513,wide,True,True,True,deit_s,pretrained,8,9,0.4706211527700056,0.3632400893495469,ok,
2009_001339,1,3718,0.07409917091836735,5-10%,3718,4371,45805,0.08117017792817378,115,54,223,113,0.5504587155963303,tall,True,True,True,deit_s,pretrained,11,5,0.5258203335126412,0.4204715022723592,ok,
2009_001388,1,988,0.019690688775510203,<2%,988,344,49832,0.01982661743458019,98,113,127,157,1.5,wide,True,True,True,deit_s,pretrained,7,8,0.46153846153846156,0.19847867802244154,ok,
2009_001422,1,13631,0.271663743622449,20-40%,13631,1998,48178,0.2829299680352028,0,37,223,152,0.5178571428571429,tall,True,True,True,deit_s,pretrained,7,5,0.5937201966106669,0.5526321722791152,ok,
2009_001443,2,3354,0.06684470663265306,5-10%,3354,1243,48933,0.06854270124455888,138,116,194,207,1.6140350877192982,wide,True,True,True,deit_s,pretrained,10,10,0.2877161598091831,0.232573395524405,ok,
2009_001444,1,31157,0.6209542410714286,>=40%,31157,2559,47617,0.6543251359808472,9,0,223,164,0.7674418604651163,square,True,True,True,deit_s,pretrained,7,4,0.7017363674294701,0.669824435146329,ok,
2009_001481,1,5588,0.11136798469387756,10-20%,5588,8492,41684,0.1340562326072354,46,0,195,180,1.2066666666666668,square,True,True,True,deit_s,pretrained,8,5,0.15479599141016465,0.16509209560850835,ok,
2009_001505,2,4923,0.09811463647959184,5-10%,4923,4566,45610,0.10793685595264196,99,65,218,167,0.8583333333333333,square,True,True,True,deit_s,pretrained,9,7,0.5084298192159252,0.48385171965871787,ok,
2009_001514,2,967,0.01927216198979592,<2%,967,4871,45305,0.021344222491998674,164,52,215,94,0.8269230769230769,square,True,True,True,deit_s,pretrained,12,4,0.38676318510858326,0.13105723861627155,ok,
2009_001514,4,7120,0.14190051020408162,10-20%,7120,4871,45305,0.157157046683589,8,87,191,219,0.7228260869565217,square,True,True,True,deit_s,pretrained,7,9,0.3883426966292135,0.4284741693474921,ok,
2009_001607,1,4469,0.08906648596938775,5-10%,4469,1822,48354,0.09242255035777805,0,73,184,155,0.4486486486486487,tall,True,True,True,deit_s,pretrained,5,6,0.3649586037144775,0.4206438147820773,ok,
2009_001690,1,20329,0.4051538584183674,>=40%,20329,1941,48235,0.42145744791126777,2,90,223,223,0.6036036036036037,tall,True,True,True,deit_s,pretrained,8,10,0.5942741895813862,0.6598570916636968,ok,
2009_001718,1,11045,0.2201251594387755,20-40%,11045,2725,47451,0.2327664327411435,48,31,223,167,0.7784090909090909,square,True,True,True,deit_s,pretrained,8,6,0.5231326392032594,0.5561794698836657,ok,
2009_001768,1,1590,0.03168845663265306,2-5%,1590,4004,46172,0.034436454994368884,0,66,34,144,2.257142857142857,wide,True,True,True,deit_s,pretrained,0,6,0.5339622641509434,0.3922308589851618,ok,
2009_001775,4,2399,0.04781170280612245,2-5%,2399,3486,46690,0.05138145213107732,158,0,214,58,1.0350877192982457,square,True,True,True,deit_s,pretrained,11,1,0.574822842851188,0.3483065012863988,ok,
2009_001802,1,3515,0.07005341198979592,5-10%,3515,586,49590,0.07088122605363985,83,84,159,140,0.7402597402597403,square,True,True,True,deit_s,pretrained,7,7,0.510099573257468,0.3158291569599567,ok,
2009_001961,2,4198,0.0836654974489796,5-10%,4198,3186,46990,0.08933815705469249,54,189,194,223,0.24822695035460993,tall,True,True,True,deit_s,pretrained,7,13,0.6298237255836112,0.5684238726752344,ok,
2009_001972,1,5510,0.10981345663265306,10-20%,5510,1271,48905,0.112667416419589,91,22,222,143,0.9242424242424242,square,True,True,True,deit_s,pretrained,9,5,0.41941923774954626,0.31296823961836945,ok,
2009_002082,1,4164,0.08298788265306123,5-10%,4164,2552,47624,0.08743490676969595,75,0,155,121,1.5061728395061729,wide,True,True,True,deit_s,pretrained,6,3,0.6421709894332372,0.5064930639719704,ok,
2009_002122,1,7632,0.1521045918367347,10-20%,7632,2533,47643,0.16019142371387193,62,65,159,214,1.530612244897959,wide,True,True,True,deit_s,pretrained,6,9,0.5002620545073375,0.4729202350451912,ok,
2009_002150,1,18556,0.3698182397959184,20-40%,18556,3478,46698,0.397361771382072,18,16,222,198,0.8926829268292683,square,True,True,True,deit_s,pretrained,6,6,0.734587195516275,0.8730594003486208,ok,
2009_002155,1,15577,0.31044722576530615,20-40%,15577,1399,48777,0.31935133362035384,33,0,212,165,0.9222222222222223,square,True,True,True,deit_s,pretrained,7,5,0.6186043525710984,0.6769786443479142,ok,
2009_002165,2,7420,0.14787946428571427,10-20%,7420,2020,48156,0.15408256499709277,82,29,173,163,1.4673913043478262,square,True,True,True,deit_s,pretrained,7,5,0.636522911051213,0.6363248332716112,ok,
2009_002229,1,20905,0.41663345025510207,>=40%,20905,2989,47187,0.443024561849662,0,41,212,223,0.8591549295774648,square,True,True,True,deit_s,pretrained,6,8,0.6376943314996413,0.6556698166208726,ok,
2009_002268,1,11828,0.23573022959183673,20-40%,11828,1621,48555,0.24360004119040263,109,23,223,222,1.7391304347826086,wide,True,True,True,deit_s,pretrained,11,8,0.407845789651674,0.38497553344515667,ok,
2009_002317,1,11955,0.23826132015306123,20-40%,11955,2619,47557,0.25138255146455835,50,0,176,174,1.3779527559055118,square,True,True,True,deit_s,pretrained,7,5,0.4737766624843162,0.4799141436133163,ok,
2009_002343,5,14537,0.2897201849489796,20-40%,14537,1685,48491,0.2997875894495886,68,0,186,178,1.504201680672269,wide,True,True,True,deit_s,pretrained,7,5,0.5204650202930453,0.5409698669845927,ok,
2009_002382,5,868,0.017299107142857144,<2%,868,4870,45306,0.019158610338586502,98,196,168,223,0.39436619718309857,tall,True,True,True,deit_s,pretrained,8,13,0.2995391705069124,0.12198562115336467,ok,
2009_002416,2,6672,0.1329719387755102,10-20%,6672,3571,46605,0.14316060508529127,5,32,179,121,0.5142857142857142,tall,True,True,True,deit_s,pretrained,5,4,0.5463129496402878,0.6084326238297154,ok,
2009_002487,1,4504,0.0897640306122449,5-10%,4504,6819,43357,0.10388172613418825,121,50,223,165,1.1262135922330097,square,True,True,True,deit_s,pretrained,9,6,0.26243339253996445,0.2329637751210449,ok,
2009_002584,2,801,0.015963807397959183,<2%,801,5639,44537,0.017985046141410513,0,71,19,140,3.5,wide,True,True,True,deit_s,pretrained,0,6,0.38701622971285893,0.11485569291908349,ok,
2009_002584,3,3831,0.07635124362244898,5-10%,3831,5639,44537,0.08601836675124054,44,27,128,174,1.7411764705882353,wide,True,True,True,deit_s,pretrained,5,6,0.584703732706865,0.5469298693080744,ok,
2009_002618,1,6055,0.12067522321428571,10-20%,6055,671,49505,0.12231087768912231,106,0,223,71,0.6101694915254238,tall,True,True,True,deit_s,pretrained,10,1,0.4421139554087531,0.3610478946141781,ok,
2009_002628,1,9545,0.19023038903061223,10-20%,9545,3273,46903,0.2035051062831802,51,60,215,157,0.593939393939394,tall,True,True,True,deit_s,pretrained,7,6,0.5417496071241488,0.42873786675128045,ok,
2009_002713,1,27949,0.5570192920918368,>=40%,27949,1775,48401,0.5774467469680379,32,1,183,221,1.4539473684210527,square,True,True,True,deit_s,pretrained,6,6,0.5815234892124942,0.6033400699790641,ok,
2009_002727,2,1224,0.024394132653061226,2-5%,1224,695,49481,0.024736767648188194,125,133,161,221,2.4054054054054053,wide,True,True,True,deit_s,pretrained,9,11,0.21650326797385622,0.1181284178408519,ok,
2009_002749,1,14759,0.29414461096938777,20-40%,14759,1886,48290,0.30563263615655417,0,16,223,89,0.33035714285714285,tall,True,True,True,deit_s,pretrained,7,3,0.17528287824378344,0.20379442407676404,ok,
2009_002820,1,12303,0.2451969068877551,20-40%,12303,1921,48255,0.2549580354367423,32,50,194,180,0.803680981595092,square,True,True,True,deit_s,pretrained,6,7,0.5901812566040803,0.6426490755496738,ok,
2009_002820,2,12931,0.25771285076530615,20-40%,12931,1921,48255,0.267972230856906,0,0,92,223,2.4086021505376345,wide,True,True,True,deit_s,pretrained,1,6,0.6274843399582399,0.6129644295213056,ok,
2009_002912,1,901,0.017956792091836735,<2%,901,1841,48335,0.018640736526326678,90,13,121,66,1.6875,wide,True,True,True,deit_s,pretrained,6,2,0.2952275249722531,0.1315560012983704,ok,
2009_002932,3,823,0.016402264030612245,<2%,823,5245,44931,0.0183169749170951,119,0,155,22,0.6216216216216216,tall,True,True,True,deit_s,pretrained,8,0,0.27460510328068044,0.08854403962945741,ok,
2009_002936,1,6013,0.11983816964285714,10-20%,6013,1045,49131,0.12238708758217826,43,76,200,150,0.47468354430379744,tall,True,True,True,deit_s,pretrained,7,6,0.5321802760685183,0.6388084380896422,ok,
2009_002984,2,3994,0.07959980867346939,5-10%,3994,1985,48191,0.08287854578655765,60,154,128,223,1.0144927536231885,square,True,True,True,deit_s,pretrained,5,11,0.5585878818227341,0.434232874019598,ok,
2009_003059,2,13640,0.27184311224489793,20-40%,13640,3931,46245,0.2949508054924857,57,0,223,130,0.7844311377245509,square,True,True,True,deit_s,pretrained,8,3,0.45498533724340173,0.40992419402781133,ok,
2009_003063,2,740,0.014748086734693877,<2%,740,1212,48964,0.01511314435095172,124,123,159,171,1.3611111111111112,square,True,True,True,deit_s,pretrained,8,9,0.5378378378378378,0.1863330534951234,ok,
2009_003105,1,14817,0.29530054209183676,20-40%,14817,1337,48839,0.3033845901840742,45,0,159,202,1.7652173913043478,wide,True,True,True,deit_s,pretrained,6,6,0.4214753323884727,0.4181205721333618,ok,
2009_003146,1,6456,0.1286670918367347,10-20%,6456,3239,46937,0.13754607239491232,66,13,147,183,2.0853658536585367,wide,True,True,True,deit_s,pretrained,5,5,0.544454770755886,0.5931075762585298,ok,
2009_003224,1,5532,0.11025191326530612,10-20%,5532,7810,42366,0.13057640560827077,17,0,213,202,1.0304568527918783,square,True,True,True,deit_s,pretrained,8,7,0.13665943600867678,0.1762821886454422,ok,
2009_003273,1,26219,0.5225406568877551,>=40%,26219,2900,47276,0.554594297317878,31,0,222,183,0.9583333333333334,square,True,True,True,deit_s,pretrained,8,5,0.7329799000724665,0.7781010223831126,ok,
2009_003387,3,527,0.010503029336734694,<2%,527,1719,48457,0.01087562168520544,33,32,52,58,1.35,square,True,True,True,deit_s,pretrained,2,2,0.3055028462998102,0.06788589297455859,ok,
2009_003481,3,2519,0.05020328443877551,5-10%,2519,3378,46798,0.05382708662763366,75,48,121,184,2.9148936170212765,wide,True,True,True,deit_s,pretrained,6,8,0.370782056371576,0.25013099419951373,ok,
2009_003522,2,954,0.019013073979591837,<2%,954,2347,47829,0.01994605783102302,60,78,89,118,1.3666666666666667,square,True,True,True,deit_s,pretrained,4,6,0.33228511530398325,0.15589723586444965,ok,
2009_003551,1,10838,0.21599968112244897,20-40%,10838,1371,48805,0.22206741112590922,68,80,193,213,1.0634920634920635,square,True,True,True,deit_s,pretrained,7,8,0.5350618195238974,0.7306518943289075,ok,
2009_003666,5,838,0.01670121173469388,<2%,838,3109,47067,0.017804406484373342,67,126,109,175,1.1627906976744187,square,True,True,True,deit_s,pretrained,5,9,0.47613365155131265,0.18243301614742205,ok,
2009_003736,1,6972,0.13895089285714285,10-20%,6972,1057,49119,0.14194100042753313,40,147,222,223,0.4207650273224044,tall,True,True,True,deit_s,pretrained,8,12,0.5600975329890993,0.48862535269716506,ok,
2009_003773,1,25279,0.5038066007653061,>=40%,25279,6015,44161,0.5724281605941894,2,53,223,223,0.7702702702702703,square,True,True,True,deit_s,pretrained,7,9,0.8268127694924641,0.9165112316097486,ok,
2009_003895,3,1186,0.023636798469387755,2-5%,1186,2867,47309,0.025069225728719693,0,54,17,119,3.6666666666666665,wide,True,True,True,deit_s,pretrained,0,5,0.17622259696458684,0.09805008151063643,ok,
2009_003928,1,7575,0.1509685905612245,10-20%,7575,1095,49081,0.1543367087060166,91,67,200,183,1.0636363636363637,square,True,True,True,deit_s,pretrained,9,7,0.38415841584158417,0.37280238669962606,ok,
2009_004043,2,5809,0.11577248086734694,10-20%,5809,3206,46970,0.12367468596976794,36,62,160,165,0.832,square,True,True,True,deit_s,pretrained,5,6,0.2756068170080909,0.2778038570983178,ok,
2009_004099,1,1590,0.03168845663265306,2-5%,1590,1168,49008,0.03244368266405485,60,68,126,118,0.7611940298507462,square,True,True,True,deit_s,pretrained,6,6,0.3987421383647799,0.14938837857193904,ok,
2009_004105,2,2423,0.04829001913265306,2-5%,2423,3728,46448,0.052165862900447814,0,0,135,69,0.5147058823529411,tall,True,True,True,deit_s,pretrained,1,1,0.5163021048287247,0.31156605738332677,ok,
2009_004171,1,684,0.01363201530612245,<2%,684,3527,46649,0.014662693734056464,127,194,177,223,0.5882352941176471,tall,True,True,True,deit_s,pretrained,8,13,0.4152046783625731,0.20469862312447967,ok,
2009_004171,3,2705,0.05391023596938776,5-10%,2705,3527,46649,0.057986237647109265,61,61,119,132,1.2203389830508475,square,True,True,True,deit_s,pretrained,5,6,0.31719038817005546,0.20552234355623128,ok,
2009_004180,1,6524,0.13002232142857142,10-20%,6524,2436,47740,0.13665689149560117,117,74,171,223,2.727272727272727,wide,True,True,True,deit_s,pretrained,8,9,0.28740036787247086,0.2600137107790806,ok,
2009_004186,1,17683,0.3524194834183674,20-40%,17683,2406,47770,0.37016956248691646,51,17,203,200,1.2026143790849673,square,True,True,True,deit_s,pretrained,6,7,0.6038002601368546,0.8085253887902896,ok,
2009_004213,1,12375,0.24663185586734693,20-40%,12375,1463,48713,0.2540389629051793,54,42,170,170,1.1025641025641026,square,True,True,True,deit_s,pretrained,7,6,0.5372929292929293,0.461079578247107,ok,
2009_004221,1,6213,0.12382413903061225,10-20%,6213,1972,48204,0.12888971869554394,4,121,207,195,0.36764705882352944,tall,True,True,True,deit_s,pretrained,5,9,0.4192821503299533,0.4064059912820468,ok,
2009_004228,1,13797,0.2749720982142857,20-40%,13797,3168,47008,0.29350323349217156,142,0,222,212,2.6296296296296298,wide,True,True,True,deit_s,pretrained,11,6,0.5057621222004783,0.6399154420071091,ok,
2009_004228,3,6116,0.12189094387755102,10-20%,6116,3168,47008,0.13010551395507147,48,45,147,156,1.12,square,True,True,True,deit_s,pretrained,6,6,0.43868541530412036,0.3946648384131129,ok,
2009_004301,1,3504,0.06983418367346939,5-10%,3504,10004,40172,0.08722493278900727,45,97,178,158,0.4626865671641791,tall,True,True,True,deit_s,pretrained,6,8,0.3393264840182648,0.22063083601071554,ok,
2009_004327,1,22418,0.4467873086734694,>=40%,22418,1437,48739,0.4599601961468229,53,0,184,223,1.696969696969697,wide,True,True,True,deit_s,pretrained,7,6,0.483896868587742,0.5727278305677262,ok,
2009_004464,1,22693,0.4522680165816326,>=40%,22693,1499,48677,0.4661955338250098,53,24,199,223,1.3605442176870748,square,True,True,True,deit_s,pretrained,7,8,0.6502005023575552,0.7131594250997423,ok,
2009_004509,1,1727,0.03441884566326531,2-5%,1727,1410,48766,0.03541401796333511,97,82,190,128,0.5,tall,True,True,True,deit_s,pretrained,8,6,0.5778807180081066,0.2926545668850819,ok,
2009_004539,1,10430,0.20786830357142858,20-40%,10430,3014,47162,0.221152622874348,16,43,214,194,0.7638190954773869,square,True,True,True,deit_s,pretrained,8,6,0.25340364333652926,0.3028993215639275,ok,
2009_004626,1,8640,0.17219387755102042,10-20%,8640,5416,44760,0.19302949061662197,17,3,174,211,1.3227848101265822,square,True,True,True,deit_s,pretrained,6,7,0.19895833333333332,0.20452415120356035,ok,
2009_004789,1,25881,0.5158043686224489,>=40%,25881,1977,48199,0.5369613477458038,41,0,204,223,1.3658536585365855,square,True,True,True,deit_s,pretrained,7,8,0.6638460646806538,0.7127039814948317,ok,
2009_004789,2,6125,0.1220703125,10-20%,6125,1977,48199,0.1270773252557107,45,0,184,101,0.7285714285714285,square,True,True,True,deit_s,pretrained,5,2,0.39363265306122447,0.49448888243851175,ok,
2009_004790,1,17232,0.3434311224489796,20-40%,17232,2096,48080,0.3584026622296173,5,60,223,196,0.6255707762557078,tall,True,True,True,deit_s,pretrained,7,7,0.6724698235840297,0.8843813367135878,ok,
2009_004829,1,27411,0.5462970344387755,>=40%,27411,1683,48493,0.5652568411935743,23,16,203,199,1.0165745856353592,square,True,True,True,deit_s,pretrained,7,6,0.4701032432235234,0.721214993782057,ok,
2009_004848,2,4107,0.08185188137755102,5-10%,4107,4760,45416,0.09043068522106747,24,76,193,147,0.4235294117647059,tall,True,True,True,deit_s,pretrained,5,7,0.4964694424153884,0.6463310059260204,ok,
2009_004867,1,27127,0.5406369579081632,>=40%,27127,1305,48871,0.5550735610075505,37,0,189,223,1.4640522875816993,square,True,True,True,deit_s,pretrained,6,7,0.636819405020828,0.6983260659085144,ok,
2009_004890,1,953,0.018993144132653062,<2%,953,4058,46118,0.020664382670540788,149,0,222,27,0.3783783783783784,tall,True,True,True,deit_s,pretrained,12,0,0.4018887722980063,0.20691534037182183,ok,
2009_004901,1,3004,0.059869260204081634,5-10%,3004,2007,48169,0.06236376092507629,90,8,125,166,4.416666666666667,wide,True,True,True,deit_s,pretrained,6,4,0.30193075898801597,0.21445959579130316,ok,
2009_004939,2,22232,0.44308035714285715,>=40%,22232,4991,45185,0.49202168861347795,30,1,223,223,1.1494845360824741,square,True,True,True,deit_s,pretrained,9,9,0.6775368837711407,0.7065609746532341,ok,
2009_004994,1,12737,0.2538464604591837,20-40%,12737,2483,47693,0.2670622523221437,63,92,222,198,0.66875,square,True,True,True,deit_s,pretrained,9,9,0.5608070974326764,0.5457020662355918,ok,
2009_005000,1,24721,0.4926857461734694,>=40%,24721,4826,45350,0.5451157662624035,0,29,223,179,0.6741071428571429,square,True,True,True,deit_s,pretrained,8,6,0.6100885886493265,0.663462919122003,ok,
2009_005085,1,21223,0.4229711415816326,>=40%,21223,2196,47980,0.44233013755731554,77,23,221,223,1.3862068965517242,square,True,True,True,deit_s,pretrained,9,8,0.5909155161852707,0.6856840796765058,ok,
2009_005087,2,1659,0.03306361607142857,2-5%,1659,4231,45945,0.03610839046686255,26,41,150,117,0.616,tall,True,True,True,deit_s,pretrained,6,4,0.4279686558167571,0.22233260194296497,ok,
2009_005160,1,20642,0.4113919005102041,>=40%,20642,2293,47883,0.4310924545245703,7,0,223,138,0.6405529953917051,tall,True,True,True,deit_s,pretrained,7,3,0.8297645576978975,0.8328923391439162,ok,
2009_005287,1,15710,0.31309789540816324,20-40%,15710,1975,48201,0.3259268479907056,75,0,174,223,2.24,wide,True,True,True,deit_s,pretrained,7,7,0.5986632718014003,0.5247921481221894,ok,
2010_000148,3,3901,0.07774633290816327,5-10%,3901,2754,47422,0.08226139766353169,72,0,223,49,0.32894736842105265,tall,True,True,True,deit_s,pretrained,8,1,0.3537554473211997,0.33094979683169184,ok,
2010_000160,1,37878,0.7549027423469388,>=40%,37878,3546,46630,0.8123096718850525,16,0,219,223,1.0980392156862746,square,True,True,True,deit_s,pretrained,7,7,0.8424415227836739,0.8094375062197733,ok,
2010_000160,2,931,0.0185546875,<2%,931,3546,46630,0.019965687325755953,20,0,67,50,1.0625,square,True,True,True,deit_s,pretrained,3,1,0.4092373791621912,0.15838387055272007,ok,
2010_000174,1,6658,0.13269292091836735,10-20%,6658,3240,46936,0.14185273564002046,186,0,223,223,5.894736842105263,wide,True,True,True,deit_s,pretrained,13,6,0.35656353259237006,0.4362416283507544,ok,
2010_000256,1,14579,0.29055723852040816,20-40%,14579,2633,47543,0.30664871800265026,40,0,168,223,1.7364341085271318,wide,True,True,True,deit_s,pretrained,5,4,0.5169078811989848,0.5354212422646808,ok,
2010_000272,1,13790,0.2748325892857143,20-40%,13790,2547,47629,0.2895294883369376,37,0,124,223,2.5454545454545454,wide,True,True,True,deit_s,pretrained,5,7,0.5243654822335025,0.5295870382713062,ok,
2010_000437,1,10501,0.20928332270408162,20-40%,10501,3817,46359,0.22651480834357945,77,0,187,223,2.018018018018018,wide,True,True,True,deit_s,pretrained,8,8,0.30892295971812206,0.30585309869011873,ok,
2010_000503,2,3958,0.07888233418367346,5-10%,3958,2553,47623,0.08311110177855238,93,38,223,83,0.3511450381679389,tall,True,True,True,deit_s,pretrained,10,3,0.4070237493683679,0.3519216340990095,ok,
2010_000503,3,4212,0.08394451530612244,5-10%,4212,2553,47623,0.08844465909329526,85,111,223,153,0.30935251798561153,tall,True,True,True,deit_s,pretrained,9,8,0.42426400759734095,0.38093409384363486,ok,
2010_000622,1,5919,0.11796476403061225,10-20%,5919,1142,49034,0.12071215891014399,87,0,148,175,2.838709677419355,wide,True,True,True,deit_s,pretrained,7,5,0.4298023314749113,0.3822557805955334,ok,
2010_000632,1,825,0.016442123724489797,<2%,825,1086,49090,0.016805866775310655,54,49,120,88,0.5970149253731343,tall,True,True,True,deit_s,pretrained,5,4,0.4448484848484848,0.1378994161344873,ok,
2010_000666,1,9632,0.19196428571428573,10-20%,9632,4058,46118,0.20885554447287394,51,0,198,200,1.3581081081081081,square,True,True,True,deit_s,pretrained,7,6,0.39794435215946844,0.41436247432339507,ok,
2010_000666,2,1820,0.03627232142857143,2-5%,1820,4058,46118,0.03946398369400234,22,72,110,128,0.6404494382022472,tall,True,True,True,deit_s,pretrained,3,6,0.33186813186813185,0.2316714411916756,ok,
2010_000675,1,29586,0.5896444515306123,>=40%,29586,1748,48428,0.6109275625671099,0,0,223,184,0.8258928571428571,square,True,True,True,deit_s,pretrained,7,6,0.6391198539849929,0.7186355599663377,ok,
2010_000738,2,787,0.015684789540816327,<2%,787,2387,47789,0.01646822490531294,73,187,106,217,0.9117647058823529,square,True,True,True,deit_s,pretrained,5,12,0.29987293519695046,0.16868459071543473,ok,
2010_000874,2,22189,0.4422233737244898,>=40%,22189,4644,45532,0.4873275937801985,4,71,223,223,0.6954545454545454,square,True,True,True,deit_s,pretrained,6,9,0.6987696606426608,0.7407241481845429,ok,
2010_000952,1,22031,0.43907445790816324,>=40%,22031,1672,48504,0.4542099620649843,35,0,181,223,1.5238095238095237,wide,True,True,True,deit_s,pretrained,6,7,0.5889882438382279,0.6649889021347958,ok,
2010_000986,1,1577,0.03142936862244898,2-5%,1577,1276,48900,0.03224948875255624,59,133,94,223,2.5277777777777777,wide,True,True,True,deit_s,pretrained,5,11,0.23272035510462905,0.13561491625922287,ok,
2010_001024,3,991,0.01975047831632653,<2%,991,5084,45092,0.021977290871995032,13,94,87,124,0.41333333333333333,tall,True,True,True,deit_s,pretrained,2,6,0.36528758829465185,0.2739262711376034,ok,
2010_001120,2,6030,0.12017697704081633,10-20%,6030,5835,44341,0.1359915202634131,86,0,223,92,0.6739130434782609,square,True,True,True,deit_s,pretrained,11,3,0.627363184079602,0.5501609640252381,ok,
2010_001131,2,21746,0.43339445153061223,>=40%,21746,3164,47012,0.4625627499361865,0,1,172,173,1.0,square,True,True,True,deit_s,pretrained,5,5,0.6909776510622643,0.7811699487950877,ok,
2010_001246,4,915,0.01823580994897959,<2%,915,1652,48524,0.01885664825653285,97,72,135,109,0.9743589743589743,square,True,True,True,deit_s,pretrained,7,5,0.453551912568306,0.16601815406938217,ok,
2010_001247,1,864,0.01721938775510204,<2%,864,1674,48502,0.017813698404189518,22,57,69,99,0.8958333333333334,square,True,True,True,deit_s,pretrained,2,4,0.2962962962962963,0.11101230611153505,ok,
2010_001247,4,1373,0.027363679846938774,2-5%,1373,1674,48502,0.02830811100573172,108,56,165,105,0.8620689655172413,square,True,True,True,deit_s,pretrained,8,4,0.3175528040786599,0.15688102444881802,ok,
2010_001279,1,2753,0.05486686862244898,5-10%,2753,3005,47171,0.058362129274342284,108,132,190,223,1.108433734939759,square,True,True,True,deit_s,pretrained,9,11,0.4780239738467127,0.5071769763161168,ok,
2010_001282,1,5113,0.10190130739795919,10-20%,5113,1173,49003,0.10434055057853601,63,117,222,223,0.66875,square,True,True,True,deit_s,pretrained,6,11,0.5290436143164483,0.5082302715498285,ok,
2010_001367,1,3463,0.0690170599489796,5-10%,3463,4689,45487,0.07613164200760657,49,54,206,208,0.9810126582278481,square,True,True,True,deit_s,pretrained,6,6,0.32861680623736644,0.24061248451054587,ok,
2010_001367,3,14281,0.2846181441326531,20-40%,14281,4689,45487,0.313957834106448,0,121,221,223,0.46396396396396394,tall,True,True,True,deit_s,pretrained,6,11,0.5197815279042084,0.5143914718112361,ok,
2010_001403,2,845,0.016840720663265307,<2%,845,1493,48683,0.017357188340899287,135,0,194,19,0.3333333333333333,tall,True,True,True,deit_s,pretrained,10,0,0.336094674556213,0.13330044373609956,ok,
2010_001514,3,4988,0.09941007653061225,5-10%,4988,7581,42595,0.11710294635520602,0,0,69,113,1.6285714285714286,wide,True,True,True,deit_s,pretrained,1,3,0.495990376904571,0.3732409694099793,ok,
2010_001522,1,10292,0.20511798469387754,20-40%,10292,3495,46681,0.22047513977849661,81,0,187,213,2.0,wide,True,True,True,deit_s,pretrained,8,6,0.581033812670035,0.5177669298818135,ok,
2010_001576,1,39361,0.7844587053571429,>=40%,39361,702,49474,0.7955896026195578,30,0,223,223,1.1546391752577319,square,True,True,True,deit_s,pretrained,8,6,0.8413658189578517,0.9368659044769352,ok,
2010_001579,1,16761,0.3340441645408163,20-40%,16761,3462,46714,0.3588003596352271,142,0,222,223,2.765432098765432,wide,True,True,True,deit_s,pretrained,11,7,0.6511544657240022,0.739599554955446,ok,
2010_001579,2,10936,0.21795280612244897,20-40%,10936,3462,46714,0.23410540737252217,2,0,150,129,0.87248322147651,square,True,True,True,deit_s,pretrained,5,4,0.5825713240673006,0.643135708765761,ok,
2010_001590,1,33632,0.670280612244898,>=40%,33632,2289,47887,0.7023200451061875,19,0,213,223,1.1487179487179486,square,True,True,True,deit_s,pretrained,7,6,0.7539248334919124,0.8037874317463048,ok,
2010_001619,3,1989,0.03964046556122449,2-5%,1989,3633,46543,0.042734675461401285,123,12,219,52,0.422680412371134,tall,True,True,True,deit_s,pretrained,10,1,0.11764705882352941,0.10933787327710462,ok,
2010_001807,1,686,0.013671875,<2%,686,2946,47230,0.014524666525513446,192,93,214,135,1.8695652173913044,wide,True,True,True,deit_s,pretrained,12,7,0.41836734693877553,0.2378491165479152,ok,
2010_001850,2,1581,0.03150908801020408,2-5%,1581,4228,45948,0.034408461739357535,113,3,185,51,0.6712328767123288,square,True,True,True,deit_s,pretrained,9,1,0.4250474383301708,0.2502876722950393,ok,
2010_001850,3,3287,0.0655094068877551,5-10%,3287,4228,45948,0.07153739009314877,7,203,223,223,0.0967741935483871,tall,True,True,True,deit_s,pretrained,7,13,0.3894128384545178,0.32416428388813023,ok,
2010_001852,1,9352,0.18638392857142858,10-20%,9352,2347,47829,0.1955299086328378,21,144,214,223,0.41237113402061853,tall,True,True,True,deit_s,pretrained,8,11,0.600727117194183,0.584882292382618,ok,
2010_002018,7,996,0.01985012755102041,<2%,996,4231,45945,0.02167809337251061,27,35,92,66,0.48484848484848486,tall,True,True,True,deit_s,pretrained,3,3,0.4919678714859438,0.21494935405857452,ok,
2010_002020,1,27556,0.549186862244898,>=40%,27556,10473,39703,0.6940533460947536,0,8,223,204,0.8794642857142857,square,True,True,True,deit_s,pretrained,7,6,0.7253229786616345,0.8758719833899649,ok,
2010_002032,6,3458,0.06891741071428571,5-10%,3458,3388,46788,0.0739078396169958,121,14,199,149,1.7215189873417722,wide,True,True,True,deit_s,pretrained,8,4,0.2611336032388664,0.23720261479945567,ok,
2010_002039,2,1986,0.03958067602040816,2-5%,1986,4307,45869,0.04329721598465194,103,104,170,150,0.6911764705882353,square,True,True,True,deit_s,pretrained,8,8,0.41842900302114805,0.2715607448967609,ok,
2010_002039,4,846,0.01686065051020408,<2%,846,4307,45869,0.018443829165667443,116,193,163,223,0.6458333333333334,tall,True,True,True,deit_s,pretrained,8,12,0.5874704491725768,0.25907888700351667,ok,
2010_002039,11,992,0.019770408163265307,<2%,992,4307,45869,0.021626806775818092,56,177,117,219,0.6935483870967742,square,True,True,True,deit_s,pretrained,5,12,0.41330645161290325,0.16481026428533418,ok,
2010_002147,1,14582,0.29061702806122447,20-40%,14582,2576,47600,0.30634453781512605,21,0,191,223,1.3099415204678362,square,True,True,True,deit_s,pretrained,7,6,0.44452064188725826,0.4327316628694409,ok,
2010_002251,1,9173,0.18281648596938777,10-20%,9173,3830,46346,0.19792430846243472,100,0,223,173,1.403225806451613,square,True,True,True,deit_s,pretrained,10,5,0.43410007631091246,0.39354554822943494,ok,
2010_002305,1,12461,0.24834582270408162,20-40%,12461,37715,12461,1.0,100,0,185,215,2.511627906976744,wide,True,True,True,deit_s,pretrained,8,6,1.0,1.0,ok,
2010_002310,1,5270,0.10503029336734694,10-20%,5270,1658,48518,0.10861948142957253,84,2,158,223,2.96,wide,True,True,True,deit_s,pretrained,7,6,0.25692599620493356,0.20469423529895803,ok,
2010_002336,3,3018,0.06014827806122449,5-10%,3018,5008,45168,0.06681721572794899,57,0,209,91,0.6013071895424836,tall,True,True,True,deit_s,pretrained,7,3,0.3108018555334659,0.21237808845121925,ok,
2010_002338,1,12063,0.24041374362244897,20-40%,12063,1794,48382,0.24932826257699145,76,0,181,203,1.9245283018867925,wide,True,True,True,deit_s,pretrained,7,4,0.6885517698748238,0.6668783819087781,ok,
2010_002348,1,31292,0.6236447704081632,>=40%,31292,2640,47536,0.658280040390441,2,3,223,223,0.9954954954954955,square,True,True,True,deit_s,pretrained,6,7,0.7934296305765052,0.8814265550853276,ok,
2010_002396,2,7112,0.14174107142857142,10-20%,7112,3380,46796,0.15197880160697497,81,34,223,155,0.8531468531468531,square,True,True,True,deit_s,pretrained,9,6,0.14609111361079866,0.24450068362513402,ok,
2010_002455,1,13690,0.27283960459183676,20-40%,13690,17160,33016,0.41464744366367823,2,127,221,203,0.35,tall,True,True,True,deit_s,pretrained,7,10,0.5014609203798392,0.6187585774167159,ok,
2010_002527,2,17816,0.35507015306122447,20-40%,17816,1854,48322,0.3686933487852324,0,27,156,223,1.2547770700636942,square,True,True,True,deit_s,pretrained,4,9,0.7400651100134711,0.8443390369569238,ok,
2010_002570,2,21218,0.42287149234693877,>=40%,21218,2721,47455,0.4471183226214308,0,0,186,223,1.1978609625668448,square,True,True,True,deit_s,pretrained,6,8,0.5352059572061457,0.6337785583863073,ok,
2010_002659,2,9661,0.1925422512755102,10-20%,9661,3911,46265,0.20881876148276235,1,0,93,128,1.3870967741935485,square,True,True,True,deit_s,pretrained,2,3,0.5401097194907359,0.5428818915603424,ok,
2010_002720,4,902,0.01797672193877551,<2%,902,5285,44891,0.020093114432737074,53,0,122,29,0.42857142857142855,tall,True,True,True,deit_s,pretrained,5,0,0.38913525498891355,0.1410151889643673,ok,
2010_002763,5,6652,0.1325733418367347,10-20%,6652,5487,44689,0.1488509476604981,42,35,153,142,0.9642857142857143,square,True,True,True,deit_s,pretrained,6,4,0.49323511725796754,0.44971799849719274,ok,
2010_002921,2,670,0.013352997448979591,<2%,670,3067,47109,0.014222335434842599,177,0,221,30,0.6888888888888889,square,True,True,True,deit_s,pretrained,12,0,0.48955223880597015,0.18485715940128697,ok,
2010_002921,3,2759,0.054986447704081634,5-10%,2759,3067,47109,0.05856630367870258,105,118,161,172,0.9649122807017544,square,True,True,True,deit_s,pretrained,8,9,0.37803552011598407,0.41226788831508276,ok,
2010_002929,7,871,0.01735889668367347,<2%,871,4244,45932,0.018962814595488982,46,121,90,156,0.8,square,True,True,True,deit_s,pretrained,4,8,0.41446613088404133,0.1852322431698516,ok,
2010_002988,3,1727,0.03441884566326531,2-5%,1727,1545,48631,0.035512327527708665,106,13,151,90,1.6956521739130435,wide,True,True,True,deit_s,pretrained,7,2,0.31731325998841925,0.24573180694355584,ok,
2010_003010,1,3324,0.06624681122448979,5-10%,3324,3547,46629,0.07128610950267002,110,160,198,223,0.7191011235955056,square,True,True,True,deit_s,pretrained,9,12,0.5321901323706378,0.3513227785484067,ok,
2010_003060,1,20781,0.41416214923469385,>=40%,20781,1978,48198,0.43115896925183617,0,0,223,155,0.6964285714285714,square,True,True,True,deit_s,pretrained,6,5,0.6962610076512199,0.7459511812467156,ok,
2010_003123,3,29922,0.5963408801020408,>=40%,29922,1003,49173,0.6085046671954121,73,0,223,223,1.4834437086092715,square,True,True,True,deit_s,pretrained,9,6,0.6109885702827351,0.6149525636369557,ok,
2010_003157,2,2304,0.04591836734693878,2-5%,2304,3415,46761,0.04927182908834285,62,35,191,118,0.6461538461538462,tall,True,True,True,deit_s,pretrained,7,3,0.2309027777777778,0.17004734490038795,ok,
2010_003168,1,4650,0.09267378826530612,5-10%,4650,1778,48398,0.09607835034505557,37,0,114,131,1.6923076923076923,wide,True,True,True,deit_s,pretrained,4,4,0.6081720430107527,0.46614821367963666,ok,
2010_003187,1,24164,0.48158482142857145,>=40%,24164,1011,49165,0.49148784704566256,0,0,130,223,1.7099236641221374,wide,True,True,True,deit_s,pretrained,3,7,0.7235970865750704,0.8007464917988646,ok,
2010_003203,2,622,0.012396364795918368,<2%,622,3108,47068,0.01321492308999745,169,0,189,31,1.5238095238095237,wide,True,True,True,deit_s,pretrained,11,0,0.5514469453376206,0.18048478001688933,ok,
2010_003203,5,2788,0.055564413265306124,5-10%,2788,3108,47068,0.059233449477351915,42,156,133,223,0.7391304347826086,square,True,True,True,deit_s,pretrained,6,12,0.41284074605451937,0.2410249071870842,ok,
2010_003380,1,31256,0.6229272959183674,>=40%,31256,3634,46542,0.6715654677495595,0,0,223,209,0.9375,square,True,True,True,deit_s,pretrained,7,6,0.8830304581520348,0.9404611066158335,ok,
2010_003381,1,30326,0.6043925382653061,>=40%,30326,2561,47615,0.6369001365116035,62,0,222,223,1.391304347826087,square,True,True,True,deit_s,pretrained,9,6,0.7366616104992416,0.8045313852347294,ok,
2010_003409,2,1768,0.035235969387755105,2-5%,1768,2166,48010,0.036825661320558215,102,102,200,138,0.37373737373737376,tall,True,True,True,deit_s,pretrained,9,7,0.27262443438914025,0.1352149779798173,ok,
2010_003418,1,4310,0.08589764030612244,5-10%,4310,1113,49063,0.08784623850967124,20,61,156,151,0.6642335766423357,tall,True,True,True,deit_s,pretrained,6,6,0.3561484918793503,0.3419981804483835,ok,
2010_003453,1,33276,0.6631855867346939,>=40%,33276,1941,48235,0.6898724992225562,31,0,215,223,1.2108108108108109,square,True,True,True,deit_s,pretrained,7,7,0.7623211924510157,0.8375606331339683,ok,
2010_003495,1,9836,0.19602997448979592,10-20%,9836,2771,47405,0.2074886615335935,6,0,193,223,1.1914893617021276,square,True,True,True,deit_s,pretrained,6,7,0.28497356649044325,0.31980381987511924,ok,
2010_003531,5,734,0.014628507653061224,<2%,734,5572,44604,0.016455923235584254,132,2,221,30,0.32222222222222224,tall,True,True,True,deit_s,pretrained,9,0,0.3133514986376022,0.12055911429069809,ok,
2010_003531,8,800,0.01594387755102041,<2%,800,5572,44604,0.01793561115595014,136,192,164,223,1.103448275862069,square,True,True,True,deit_s,pretrained,9,13,0.37375,0.15304259986104896,ok,
2010_003532,1,19587,0.3903659119897959,20-40%,19587,3941,46235,0.42364009949172704,14,6,215,218,1.0544554455445545,square,True,True,True,deit_s,pretrained,5,7,0.5467912390871497,0.6772088825543149,ok,
2010_003597,4,937,0.018674266581632654,<2%,937,4517,45659,0.02052169342298342,108,183,221,223,0.35964912280701755,tall,True,True,True,deit_s,pretrained,7,13,0.3425827107790822,0.18113294436555613,ok,
2010_003597,9,1168,0.023278061224489797,2-5%,1168,4517,45659,0.025580936945618606,83,81,137,113,0.6,tall,True,True,True,deit_s,pretrained,6,6,0.4426369863013699,0.2223117123245212,ok,
2010_003680,1,8650,0.17239317602040816,10-20%,8650,1917,48259,0.1792411778113927,25,47,187,187,0.8650306748466258,square,True,True,True,deit_s,pretrained,6,8,0.2699421965317919,0.24381377340376506,ok,
2010_003746,2,2022,0.04029815051020408,2-5%,2022,4460,45716,0.04422959139032286,14,0,67,81,1.5185185185185186,wide,True,True,True,deit_s,pretrained,2,1,0.47675568743818003,0.22351035528847923,ok,
2010_003746,3,4040,0.08051658163265306,5-10%,4040,4460,45716,0.08837168606177269,0,90,171,223,0.7790697674418605,square,True,True,True,deit_s,pretrained,1,12,0.33564356435643566,0.2767394662102273,ok,
2010_003764,1,16056,0.3199936224489796,20-40%,16056,2181,47995,0.3345348473799354,23,46,170,223,1.2027027027027026,square,True,True,True,deit_s,pretrained,5,8,0.5873816641753862,0.570268583668607,ok,
2010_003884,2,4341,0.08651546556122448,5-10%,4341,3805,46371,0.09361454357249142,2,176,165,223,0.2926829268292683,tall,True,True,True,deit_s,pretrained,5,13,0.3872379636028565,0.26254896390189847,ok,
2010_004056,1,4379,0.08727279974489796,5-10%,4379,1287,48889,0.08957025097670232,93,5,205,119,1.0176991150442478,square,True,True,True,deit_s,pretrained,9,3,0.4571820050239781,0.47826238954513717,ok,
2010_004060,1,7125,0.1420001594387755,10-20%,7125,1348,48828,0.1459203735561563,65,94,215,181,0.5827814569536424,tall,True,True,True,deit_s,pretrained,8,8,0.3550877192982456,0.3317397604234969,ok,
2010_004171,1,29720,0.5923150510204082,>=40%,29720,3039,47137,0.6305025775929737,0,26,223,223,0.8839285714285714,square,True,True,True,deit_s,pretrained,7,8,0.6860699865410498,0.677894261727141,ok,
2010_004226,2,2818,0.056162308673469385,5-10%,2818,2866,47310,0.05956457408581695,92,161,193,223,0.6176470588235294,tall,True,True,True,deit_s,pretrained,8,12,0.49041873669268987,0.28877956552783973,ok,
2010_004320,1,24486,0.48800223214285715,>=40%,24486,2103,48073,0.50935036298962,0,0,181,205,1.1318681318681318,square,True,True,True,deit_s,pretrained,5,5,0.6065506820223802,0.5876895387015989,ok,
2010_004520,1,20370,0.40597098214285715,>=40%,20370,1466,48710,0.4181892835146787,0,57,223,163,0.47767857142857145,tall,True,True,True,deit_s,pretrained,7,6,0.3260677466863034,0.3947429627776754,ok,
2010_004551,1,19379,0.3862205038265306,20-40%,19379,30797,19379,1.0,0,60,223,169,0.49107142857142855,tall,True,True,True,deit_s,pretrained,7,7,1.0,1.0,ok,
2010_004560,1,5684,0.11328125,10-20%,5684,6406,43770,0.12986063513822252,35,0,181,109,0.7482993197278912,square,True,True,True,deit_s,pretrained,5,2,0.3798381421534131,0.49931367345019145,ok,
2010_004625,1,34411,0.6858059630102041,>=40%,34411,1709,48467,0.7099882394206367,19,0,198,223,1.2444444444444445,square,True,True,True,deit_s,pretrained,7,7,0.7435703699398448,0.7769063971069042,ok,
2010_004628,2,793,0.01580436862244898,<2%,793,1208,48968,0.01619424930566901,120,139,169,164,0.52,tall,True,True,True,deit_s,pretrained,9,9,0.5031525851197982,0.18750973590459036,ok,
2010_004683,2,2856,0.056919642857142856,5-10%,2856,7614,42562,0.0671021098632583,108,0,180,69,0.958904109589041,square,True,True,True,deit_s,pretrained,9,1,0.390406162464986,0.3084594809877789,ok,
2010_004763,3,13489,0.26883370535714285,20-40%,13489,19211,30965,0.4356208622638463,0,0,223,153,0.6875,square,True,True,True,deit_s,pretrained,3,6,0.6944176736600193,0.7267487339967823,ok,
2010_004783,2,722,0.014389349489795918,<2%,722,2908,47268,0.015274604383515274,137,0,193,29,0.5263157894736842,tall,True,True,True,deit_s,pretrained,10,0,0.4155124653739612,0.12080786742642041,ok,
2010_004941,1,18749,0.37366470025510207,20-40%,18749,5223,44953,0.41708006139745957,24,18,223,209,0.96,square,True,True,True,deit_s,pretrained,7,7,0.4677049442636941,0.5473582163730356,ok,
2010_004946,1,20080,0.40019132653061223,>=40%,20080,1583,48593,0.4132282427510135,61,24,214,194,1.1103896103896105,square,True,True,True,deit_s,pretrained,8,6,0.5943227091633466,0.6860250509591284,ok,
2010_004994,3,2795,0.05570392219387755,5-10%,2795,2736,47440,0.05891652613827993,69,188,194,223,0.2857142857142857,tall,True,True,True,deit_s,pretrained,7,13,0.5055456171735242,0.34321086702947995,ok,
2010_005063,1,618,0.012316645408163265,<2%,618,1816,48360,0.012779156327543425,92,204,125,223,0.5882352941176471,tall,True,True,True,deit_s,pretrained,6,13,0.43851132686084143,0.1350145985678425,ok,
2010_005106,1,3827,0.07627152423469388,5-10%,3827,2891,47285,0.08093475732261816,75,12,161,223,2.4367816091954024,wide,True,True,True,deit_s,pretrained,7,7,0.2466684086752025,0.21480674161860924,ok,
2010_005108,1,28480,0.5676020408163265,>=40%,28480,2657,47519,0.5993392116837476,31,0,223,220,1.145077720207254,square,True,True,True,deit_s,pretrained,8,5,0.7232794943820224,0.9040899092160677,ok,
2010_005128,1,10110,0.20149075255102042,20-40%,10110,1602,48574,0.20813603985671347,74,9,166,197,2.032258064516129,wide,True,True,True,deit_s,pretrained,6,5,0.6701285855588526,0.6469431603226126,ok,
2010_005129,1,1566,0.031210140306122448,2-5%,1566,566,49610,0.031566216488611167,66,100,142,134,0.45454545454545453,tall,True,True,True,deit_s,pretrained,6,7,0.5957854406130269,0.25640461616741583,ok,
2010_005166,6,2223,0.04430404974489796,2-5%,2223,7508,42668,0.05209993437705072,36,164,121,220,0.6627906976744186,tall,True,True,True,deit_s,pretrained,5,11,0.45209176788124156,0.2851023307880217,ok,
2010_005180,2,791,0.015764508928571428,<2%,791,631,49545,0.015965284085175092,102,58,126,90,1.32,square,True,True,True,deit_s,pretrained,7,4,0.36788874841972186,0.12671594231220606,ok,
2010_005217,1,19868,0.39596619897959184,20-40%,19868,1677,48499,0.4096579310913627,63,0,188,223,1.7777777777777777,wide,True,True,True,deit_s,pretrained,7,7,0.7529695993557479,0.7739275173439573,ok,
2010_005223,2,2644,0.05269451530612245,5-10%,2644,3652,46524,0.05683088298512596,99,72,177,139,0.8607594936708861,square,True,True,True,deit_s,pretrained,8,6,0.3441754916792738,0.3228116924906534,ok,
2010_005223,3,2810,0.05600286989795918,5-10%,2810,3652,46524,0.06039893388358696,97,0,177,73,0.9135802469135802,square,True,True,True,deit_s,pretrained,7,1,0.5580071174377225,0.519533062522472,ok,
2010_005252,2,1624,0.03236607142857143,2-5%,1624,2651,47525,0.03417148869016307,101,131,158,188,1.0,square,True,True,True,deit_s,pretrained,8,9,0.45997536945812806,0.2200348250091144,ok,
2010_005318,4,909,0.018116230867346938,<2%,909,7678,42498,0.021389241846675136,41,4,97,28,0.43859649122807015,tall,True,True,True,deit_s,pretrained,4,0,0.42794279427942794,0.22872915343485942,ok,
2010_005450,1,11135,0.2219188456632653,20-40%,11135,1259,48917,0.2276304761125989,23,108,149,223,0.9133858267716536,square,True,True,True,deit_s,pretrained,4,10,0.5254602604400539,0.4931797380102857,ok,
2010_005457,1,39327,0.7837810905612245,>=40%,39327,1823,48353,0.8133311273343949,2,0,219,223,1.0275229357798166,square,True,True,True,deit_s,pretrained,6,7,0.8134869173850027,0.8986844478942277,ok,
2010_005519,1,1346,0.026825573979591837,2-5%,1346,1802,48374,0.02782486459668417,134,198,221,223,0.29545454545454547,tall,True,True,True,deit_s,pretrained,10,13,0.6753343239227341,0.2741949534279483,ok,
2010_005522,1,4613,0.09193638392857142,5-10%,4613,1347,48829,0.09447254705195683,67,108,188,188,0.6639344262295082,tall,True,True,True,deit_s,pretrained,7,9,0.5974420117060482,0.5629894373974178,ok,
2010_005678,1,42378,0.8445870535714286,>=40%,42378,1055,49121,0.8627267360192179,11,0,212,223,1.108910891089109,square,True,True,True,deit_s,pretrained,6,6,0.8792533861909482,0.9612781242757854,ok,
2010_005709,2,17174,0.3422751913265306,20-40%,17174,16475,33701,0.5095991216877838,0,30,223,212,0.8169642857142857,square,True,True,True,deit_s,pretrained,8,7,0.5244555723768487,0.5119422075890226,ok,
2010_005744,1,7949,0.15842235331632654,10-20%,7949,1318,48858,0.16269597609398664,68,43,167,142,1.0,square,True,True,True,deit_s,pretrained,7,5,0.2748773430620204,0.3377461933002159,ok,
2010_005788,1,1435,0.028599330357142856,2-5%,1435,2865,47311,0.03033121261440257,74,179,129,223,0.8035714285714286,square,True,True,True,deit_s,pretrained,6,12,0.4926829268292683,0.295177277540161,ok,
2010_005796,1,880,0.017538265306122448,<2%,880,1740,48436,0.018168304566851104,55,0,86,36,1.15625,square,True,True,True,deit_s,pretrained,4,1,0.42954545454545456,0.1578794400965401,ok,
2010_005810,6,15299,0.30490672831632654,20-40%,15299,2985,47191,0.32419317242694584,0,0,124,208,1.672,wide,True,True,True,deit_s,pretrained,3,4,0.4933002157003726,0.5640428905027624,ok,
2010_005830,5,1655,0.03298389668367347,2-5%,1655,8584,41592,0.03979130602038854,93,48,211,112,0.5462184873949579,tall,True,True,True,deit_s,pretrained,8,5,0.24229607250755286,0.18564770823366314,ok,
2010_005835,1,9543,0.1901905293367347,10-20%,9543,2401,47775,0.19974882260596546,61,73,214,201,0.8376623376623377,square,True,True,True,deit_s,pretrained,9,8,0.2924656816514723,0.3093932939828547,ok,
2010_005835,2,33418,0.666015625,>=40%,33418,2401,47775,0.6994871794871795,0,0,223,223,1.0,square,True,True,True,deit_s,pretrained,6,6,0.716679633730325,0.6891455332126746,ok,
2010_005871,2,2633,0.05247528698979592,5-10%,2633,3735,46441,0.056695592256842016,20,19,127,165,1.3611111111111112,square,True,True,True,deit_s,pretrained,3,5,0.27003418154196734,0.27779832280848726,ok,
2010_005952,1,18965,0.37796954719387754,20-40%,18965,8640,41536,0.45659187211093993,0,47,223,148,0.45535714285714285,tall,True,True,True,deit_s,pretrained,7,6,0.5385183232269971,0.43400936064768714,ok,
2011_000051,3,3410,0.06796077806122448,5-10%,3410,2366,47810,0.07132399079690441,57,0,223,37,0.2275449101796407,tall,True,True,True,deit_s,pretrained,8,0,0.5067448680351906,0.521756439605968,ok,
2011_000112,1,964,0.01921237244897959,<2%,964,1095,49081,0.019641001609584156,130,4,155,78,2.8846153846153846,wide,True,True,True,deit_s,pretrained,9,2,0.4678423236514523,0.18024926812058722,ok,
2011_000112,2,1825,0.03637197066326531,2-5%,1825,1095,49081,0.03718343147042644,124,135,167,203,1.5681818181818181,wide,True,True,True,deit_s,pretrained,9,10,0.47342465753424656,0.2508343697456803,ok,
2011_000122,2,22744,0.4532844387755102,>=40%,22744,1869,48307,0.47082203407373674,0,0,220,223,1.0135746606334841,square,True,True,True,deit_s,pretrained,5,7,0.36545902215969045,0.3848373208072196,ok,
2011_000208,2,19994,0.39847735969387754,20-40%,19994,1635,48541,0.4118992192167446,76,0,187,223,2.0,wide,True,True,True,deit_s,pretrained,8,7,0.5317095128538561,0.5470885068420059,ok,
2011_000252,2,2694,0.05369100765306122,5-10%,2694,3113,47063,0.0572424197352485,59,29,190,73,0.3409090909090909,tall,True,True,True,deit_s,pretrained,7,3,0.3166295471417966,0.3060620839303937,ok,
2011_000312,2,6220,0.12396364795918367,10-20%,6220,1433,48743,0.12760806679933528,44,0,107,106,1.671875,wide,True,True,True,deit_s,pretrained,4,3,0.345016077170418,0.4085474721994026,ok,
2011_000338,4,1153,0.022979113520408163,2-5%,1153,2975,47201,0.024427448571004852,161,0,223,81,1.3015873015873016,square,True,True,True,deit_s,pretrained,10,1,0.3798785776235906,0.16211042059102965,ok,
2011_000379,2,17519,0.34915098852040816,20-40%,17519,4456,45720,0.38318022747156605,1,0,223,223,1.0044843049327354,square,True,True,True,deit_s,pretrained,9,6,0.4035618471373937,0.44110918776665825,ok,
2011_000400,1,1800,0.03587372448979592,2-5%,1800,5023,45153,0.039864460833167234,77,82,116,126,1.125,square,True,True,True,deit_s,pretrained,6,6,0.2111111111111111,0.1093932598005425,ok,
2011_000438,5,5020,0.10004783163265306,10-20%,5020,6057,44119,0.11378317731589564,133,0,223,124,1.3736263736263736,square,True,True,True,deit_s,pretrained,11,4,0.3344621513944223,0.29782981256002206,ok,
2011_000503,6,5180,0.10323660714285714,10-20%,5180,1550,48626,0.1065273721877185,168,65,223,223,2.8392857142857144,wide,True,True,True,deit_s,pretrained,12,10,0.34922779922779923,0.4098666062542571,ok,
2011_000512,1,21132,0.4211575255102041,>=40%,21132,3608,46568,0.453788008933173,5,18,213,216,0.9521531100478469,square,True,True,True,deit_s,pretrained,7,7,0.49436872988832103,0.598316493541199,ok,
2011_000526,1,35443,0.7063735650510204,>=40%,35443,2648,47528,0.7457288335297088,18,0,223,223,1.087378640776699,square,True,True,True,deit_s,pretrained,7,7,0.7850633411392941,0.8787668590749923,ok,
2011_000548,2,8304,0.16549744897959184,10-20%,8304,5543,44633,0.18605067999014183,62,58,178,193,1.1623931623931625,square,True,True,True,deit_s,pretrained,6,7,0.507466281310212,0.6507292282659148,ok,
2011_000566,1,10489,0.2090441645408163,20-40%,10489,4666,45510,0.23047681828169633,97,94,223,223,1.0236220472440944,square,True,True,True,deit_s,pretrained,9,10,0.5428544189150538,0.5033591496236902,ok,
2011_000573,1,2746,0.05472735969387755,5-10%,2746,5141,45035,0.0609747973798157,125,84,223,175,0.9292929292929293,square,True,True,True,deit_s,pretrained,9,8,0.3040786598689002,0.2531257536648688,ok,
2011_000589,2,2360,0.0470344387755102,2-5%,2360,818,49358,0.047813930872401635,9,0,115,42,0.40186915887850466,tall,True,True,True,deit_s,pretrained,3,1,0.5220338983050847,0.3251953198736357,ok,
2011_000607,2,901,0.017956792091836735,<2%,901,1178,48998,0.018388505653291972,99,183,132,214,0.9411764705882353,square,True,True,True,deit_s,pretrained,7,12,0.3607103218645949,0.14503541450338348,ok,
2011_000638,3,6112,0.12181122448979592,10-20%,6112,2987,47189,0.12952171056814088,71,0,223,57,0.3790849673202614,tall,True,True,True,deit_s,pretrained,9,1,0.27945026178010474,0.23656384462751046,ok,
2011_000780,1,16130,0.321468431122449,20-40%,16130,15556,34620,0.46591565569035237,0,0,210,163,0.7772511848341233,square,True,True,True,deit_s,pretrained,5,5,0.6816491010539367,0.6824931783678856,ok,
2011_000834,4,1880,0.03746811224489796,2-5%,1880,2509,47667,0.03944028363438018,93,17,149,76,1.0526315789473684,square,True,True,True,deit_s,pretrained,7,2,0.625,0.38466630459007795,ok,
2011_000944,1,42904,0.8550701530612245,>=40%,42904,2221,47955,0.8946720884162236,0,0,202,223,1.103448275862069,square,True,True,True,deit_s,pretrained,6,7,0.8836239045310461,0.8590747365856689,ok,
2011_000973,1,13115,0.26137994260204084,20-40%,13115,1463,48713,0.26922997967688295,31,21,208,160,0.7865168539325843,square,True,True,True,deit_s,pretrained,8,6,0.6995043842927945,0.7114444065025266,ok,
2011_001027,4,2020,0.04025829081632653,2-5%,2020,6473,43703,0.04622108322083152,57,0,114,119,2.0689655172413794,wide,True,True,True,deit_s,pretrained,5,5,0.3410891089108911,0.21407870757631658,ok,
2011_001060,2,3089,0.06156329719387755,5-10%,3089,6110,44066,0.07009939636000545,36,139,179,186,0.3333333333333333,tall,True,True,True,deit_s,pretrained,5,10,0.47652962123664616,0.520268231253982,ok,
2011_001071,3,12496,0.24904336734693877,20-40%,12496,2942,47234,0.26455519329296695,23,0,223,111,0.5572139303482587,tall,True,True,True,deit_s,pretrained,8,2,0.49127720870678615,0.5201377283408317,ok,
2011_001135,1,11688,0.23294005102040816,20-40%,11688,2068,48108,0.24295335495135945,42,7,213,157,0.877906976744186,square,True,True,True,deit_s,pretrained,7,5,0.6481006160164271,0.6208419862723255,ok,
2011_001139,2,3228,0.06433354591836735,5-10%,3228,2693,47483,0.06798222521744625,24,12,132,94,0.7614678899082569,square,True,True,True,deit_s,pretrained,5,2,0.44083023543990085,0.30650149229434415,ok,
2011_001161,1,1574,0.031369579081632654,2-5%,1574,623,49553,0.031763969890823966,90,73,152,114,0.6666666666666666,tall,True,True,True,deit_s,pretrained,7,5,0.32592121982210925,0.17808548996005705,ok,
2011_001175,4,1326,0.026426977040816327,2-5%,1326,9497,40679,0.03259667150126601,127,160,174,200,0.8541666666666666,square,True,True,True,deit_s,pretrained,9,11,0.30844645550527905,0.1522172496485385,ok,
2011_001211,1,22439,0.4472058354591837,>=40%,22439,2085,48091,0.466594581106652,0,28,223,180,0.6830357142857143,square,True,True,True,deit_s,pretrained,7,6,0.5308614465885289,0.5931677216480195,ok,
2011_001292,1,23142,0.46121651785714285,>=40%,23142,1475,48701,0.47518531446992873,33,34,206,223,1.0919540229885059,square,True,True,True,deit_s,pretrained,7,8,0.5526747904243368,0.549842580071309,ok,
2011_001346,3,1663,0.03314333545918367,2-5%,1663,6989,43187,0.038506958112394934,146,25,223,155,1.6794871794871795,wide,True,True,True,deit_s,pretrained,11,5,0.18400481058328322,0.156297829146734,ok,
2011_001350,1,1599,0.03186782525510204,2-5%,1599,1851,48325,0.033088463528194514,133,114,179,191,1.6595744680851063,wide,True,True,True,deit_s,pretrained,9,9,0.48592870544090055,0.27133164279378497,ok,
2011_001350,2,7903,0.15750558035714285,10-20%,7903,1851,48325,0.16353854112778066,77,81,179,217,1.3300970873786409,square,True,True,True,deit_s,pretrained,7,9,0.5648487915981273,0.48217703321092303,ok,
2011_001412,5,1081,0.021544164540816327,2-5%,1081,6346,43830,0.02466347250741501,62,157,171,223,0.6090909090909091,tall,True,True,True,deit_s,pretrained,5,12,0.45790934320074006,0.175539885830775,ok,
2011_001546,1,5582,0.1112484056122449,10-20%,5582,1887,48289,0.11559568431733935,73,70,177,180,1.0571428571428572,square,True,True,True,deit_s,pretrained,6,8,0.4647079899677535,0.42986308596458456,ok,
2011_001567,5,1761,0.03509646045918367,2-5%,1761,5873,44303,0.03974900119630725,67,107,157,146,0.43956043956043955,tall,True,True,True,deit_s,pretrained,6,7,0.3191368540601931,0.23477506759265176,ok,
2011_001597,1,25364,0.505500637755102,>=40%,25364,4546,45630,0.5558623712469867,0,0,223,164,0.7366071428571429,square,True,True,True,deit_s,pretrained,6,4,0.43183251853020027,0.31709545074321355,ok,
2011_001642,1,21020,0.41892538265306123,>=40%,21020,4069,46107,0.45589606784219316,7,43,201,189,0.7538461538461538,square,True,True,True,deit_s,pretrained,6,7,0.5904376784015224,0.6633519247912788,ok,
2011_001653,3,3326,0.06628667091836735,5-10%,3326,5007,45169,0.0736345723837145,131,70,185,158,1.6181818181818182,wide,True,True,True,deit_s,pretrained,10,7,0.3800360793746242,0.328318394637292,ok,
2011_001714,2,20982,0.41816804846938777,>=40%,20982,11687,38489,0.5451427680636026,0,13,223,223,0.9419642857142857,square,True,True,True,deit_s,pretrained,6,5,0.5653417214755505,0.6718239367316412,ok,
2011_001722,1,12367,0.24647241709183673,20-40%,12367,3950,46226,0.26753342274910225,35,0,209,223,1.28,square,True,True,True,deit_s,pretrained,6,8,0.4568610010511846,0.46115874787630473,ok,
2011_001775,1,46497,0.9266780931122449,>=40%,46497,1775,48401,0.9606619697940125,0,0,223,223,1.0,square,True,True,True,deit_s,pretrained,7,6,0.9619545347011635,0.9572844580488385,ok,
2011_001855,1,33583,0.669304049744898,>=40%,33583,16593,33583,1.0,5,1,223,218,0.9954337899543378,square,True,True,True,deit_s,pretrained,7,6,1.0,1.0,ok,
2011_001862,5,4110,0.08191167091836735,5-10%,4110,2360,47816,0.08595449222017734,152,0,223,113,1.5833333333333333,wide,True,True,True,deit_s,pretrained,12,2,0.5211678832116788,0.3589778536856746,ok,
2011_001922,2,4877,0.09719786352040816,5-10%,4877,11570,38606,0.12632751385794955,123,18,207,220,2.388235294117647,wide,True,True,True,deit_s,pretrained,10,6,0.3649784703711298,0.3317476720177572,ok,
2011_001924,1,1492,0.029735331632653062,2-5%,1492,728,49448,0.030173111147063583,67,41,131,107,1.0307692307692307,square,True,True,True,deit_s,pretrained,5,4,0.3049597855227882,0.1624186889511908,ok,
2011_001967,1,11881,0.23678651147959184,20-40%,11881,2884,47292,0.25122642307367,0,18,211,212,0.9198113207547169,square,True,True,True,deit_s,pretrained,7,6,0.2940829896473361,0.3285594092028911,ok,
2011_002002,4,3325,0.06626674107142858,5-10%,3325,3747,46429,0.07161472355639795,50,148,176,212,0.5118110236220472,tall,True,True,True,deit_s,pretrained,6,11,0.3082706766917293,0.282506202992941,ok,
2011_002040,1,18454,0.36778539540816324,20-40%,18454,1700,48476,0.38068322468850563,17,2,217,216,1.0696517412935322,square,True,True,True,deit_s,pretrained,7,7,0.5903327191936707,0.7140775001104366,ok,
2011_002064,4,1102,0.02196269132653061,2-5%,1102,10769,39407,0.02796457482173218,42,190,83,223,0.8095238095238095,square,True,True,True,deit_s,pretrained,3,13,0.3956442831215971,0.1684994147000931,ok,
2011_002110,2,2531,0.05044244260204082,5-10%,2531,9543,40633,0.06228927226638446,0,166,116,223,0.49572649572649574,tall,True,True,True,deit_s,pretrained,2,12,0.5088897668905571,0.32642678443953727,ok,
2011_002119,2,1409,0.028081154336734693,2-5%,1409,4399,45777,0.030779649168796556,85,54,147,111,0.9206349206349206,square,True,True,True,deit_s,pretrained,7,5,0.47054648687012063,0.16835584885424726,ok,
2011_002119,3,752,0.014987244897959183,<2%,752,4399,45777,0.01642746357341023,102,123,137,164,1.1666666666666667,square,True,True,True,deit_s,pretrained,7,8,0.5851063829787234,0.23102424246216613,ok,
2011_002135,3,1002,0.019969706632653062,<2%,1002,7644,42532,0.02355873224865983,0,86,28,167,2.8275862068965516,wide,True,True,True,deit_s,pretrained,0,8,0.28043912175648705,0.14049953076022711,ok,
2011_002178,1,32344,0.6446109693877551,>=40%,32344,5574,44602,0.7251692749204072,18,0,223,223,1.087378640776699,square,True,True,True,deit_s,pretrained,7,7,0.8233057135790255,0.8993232326217115,ok,
2011_002222,1,2245,0.04474250637755102,2-5%,2245,1781,48395,0.04638908978200227,74,33,163,181,1.6555555555555554,wide,True,True,True,deit_s,pretrained,7,7,0.20623608017817371,0.10946892271712974,ok,
2011_002247,1,28246,0.5629384566326531,>=40%,28246,3658,46518,0.6072058128036459,0,0,184,223,1.2108108108108109,square,True,True,True,deit_s,pretrained,5,8,0.628832401047936,0.6943319596080131,ok,
2011_002279,1,28919,0.5763512436224489,>=40%,28919,2322,47854,0.6043172984494504,0,0,190,223,1.1727748691099475,square,True,True,True,deit_s,pretrained,4,6,0.8570835782703413,0.9209241456027621,ok,
2011_002291,1,10150,0.20228794642857142,20-40%,10150,2248,47928,0.21177599732932734,75,0,138,223,3.5,wide,True,True,True,deit_s,pretrained,6,7,0.582167487684729,0.7501778588437661,ok,
2011_002308,1,23784,0.47401147959183676,>=40%,23784,1330,48846,0.48691806903328827,3,37,223,194,0.7149321266968326,square,True,True,True,deit_s,pretrained,8,7,0.6897914564413051,0.7926188437549493,ok,
2011_002335,5,961,0.019152582908163265,<2%,961,2787,47389,0.02027896769292452,79,0,119,80,1.975609756097561,wide,True,True,True,deit_s,pretrained,6,3,0.3870967741935484,0.13391870567147948,ok,
2011_002358,3,3081,0.061403858418367346,5-10%,3081,5225,44951,0.06854130052724078,66,0,214,66,0.44966442953020136,tall,True,True,True,deit_s,pretrained,7,1,0.332359623498864,0.20157656192793386,ok,
2011_002358,5,1676,0.03340242346938776,2-5%,1676,5225,44951,0.03728504371426664,47,90,99,139,0.9433962264150944,square,True,True,True,deit_s,pretrained,4,7,0.4815035799522673,0.20512394662190772,ok,
2011_002391,3,1453,0.028958067602040817,2-5%,1453,5663,44513,0.032642149484420284,197,115,223,223,4.037037037037037,wide,True,True,True,deit_s,pretrained,13,11,0.22573984858912594,0.11891243039935488,ok,
2011_002398,1,13738,0.27379623724489793,20-40%,13738,2747,47429,0.2896540091505197,36,51,176,214,1.1631205673758864,square,True,True,True,deit_s,pretrained,6,8,0.3309069733585675,0.3141215369813309,ok,
2011_002504,1,1363,0.02716438137755102,2-5%,1363,677,49499,0.027535909816359925,79,92,125,181,1.9148936170212767,wide,True,True,True,deit_s,pretrained,6,8,0.34776228906823187,0.19656779722222142,ok,
2011_002511,3,3104,0.06186224489795918,5-10%,3104,5344,44832,0.06923625981441828,11,94,104,168,0.7978723404255319,square,True,True,True,deit_s,pretrained,3,8,0.34954896907216493,0.32829342607628376,ok,
2011_002575,3,6396,0.12747130102040816,10-20%,6396,9981,40195,0.15912426918770992,10,117,197,214,0.5212765957446809,tall,True,True,True,deit_s,pretrained,5,10,0.3333333333333333,0.37138585606323404,ok,
2011_002644,1,991,0.01975047831632653,<2%,991,3556,46620,0.021256971256971256,93,58,128,91,0.9444444444444444,square,True,True,True,deit_s,pretrained,6,4,0.2623612512613522,0.0911253741614766,ok,
2011_002675,1,8153,0.16248804209183673,10-20%,8153,3656,46520,0.1752579535683577,40,0,200,209,1.3043478260869565,square,True,True,True,deit_s,pretrained,5,6,0.34576229608732983,0.38097146041335994,ok,
2011_002812,2,869,0.01731903698979592,<2%,869,4560,45616,0.019050333216415295,164,0,208,32,0.7333333333333333,square,True,True,True,deit_s,pretrained,11,0,0.5212888377445339,0.18940599841749228,ok,
2011_002851,1,6457,0.12868702168367346,10-20%,6457,1267,48909,0.13202069148827414,75,0,142,223,3.2941176470588234,wide,True,True,True,deit_s,pretrained,7,6,0.2752052036549481,0.2367903845701198,ok,
2011_002953,1,1483,0.02955596301020408,2-5%,1483,1701,48475,0.030593089221248065,82,0,157,38,0.5131578947368421,tall,True,True,True,deit_s,pretrained,6,1,0.5940660822656777,0.2993417463823238,ok,
2011_002953,2,12975,0.25858976403061223,20-40%,12975,1701,48475,0.26766374419804023,94,15,222,174,1.2403100775193798,square,True,True,True,deit_s,pretrained,9,6,0.6063198458574182,0.5885511655076062,ok,
2011_003057,1,27980,0.5576371173469388,>=40%,27980,2596,47580,0.5880622110130307,13,0,223,223,1.061611374407583,square,True,True,True,deit_s,pretrained,9,6,0.5764117226590422,0.8379826937005609,ok,
2011_003066,1,921,0.018355389030612245,<2%,921,6938,43238,0.021300707710809937,152,94,205,117,0.4444444444444444,tall,True,True,True,deit_s,pretrained,11,6,0.30184581976112923,0.15083384721342843,ok,
2011_003066,10,1163,0.02317841198979592,2-5%,1163,6938,43238,0.02689763633840603,21,0,105,52,0.6235294117647059,tall,True,True,True,deit_s,pretrained,3,0,0.29578675838349094,0.22619408968318389,ok,
2011_003066,19,15636,0.31162308673469385,20-40%,15636,6938,43238,0.36162634719459735,128,24,223,223,2.0833333333333335,wide,True,True,True,deit_s,pretrained,11,8,0.5102967510872346,0.7399804366537027,ok,
2011_003103,4,837,0.0166812818877551,<2%,837,4333,45843,0.018257967410509782,87,133,138,163,0.5961538461538461,tall,True,True,True,deit_s,pretrained,7,9,0.43010752688172044,0.12766782126682238,ok,
2011_003182,1,38579,0.7688735650510204,>=40%,38579,1645,48531,0.7949351960602502,20,0,223,223,1.0980392156862746,square,True,True,True,deit_s,pretrained,7,6,0.7838461339070478,0.7908046879393851,ok,
2011_003238,2,4113,0.08197146045918367,5-10%,4113,1718,48458,0.08487762598538941,65,71,223,154,0.5283018867924528,tall,True,True,True,deit_s,pretrained,8,8,0.3561876975443715,0.27783776289459094,ok,
2011_003256,2,5124,0.10212053571428571,10-20%,5124,2759,47417,0.10806250922664867,75,0,164,132,1.4777777777777779,square,True,True,True,deit_s,pretrained,7,3,0.5515222482435597,0.4570687760127237,ok,
2007_000032,1,2609,0.05199697066326531,5-10%,2609,2802,47374,0.055072402583695695,84,0,145,210,3.403225806451613,wide,True,True,True,deit_s,random_init,6,6,0.17592947489459562,0.6078387875416891,ok,
2007_000061,1,3525,0.07025271045918367,5-10%,3525,2016,48160,0.07319352159468438,9,130,183,223,0.5371428571428571,tall,True,True,True,deit_s,random_init,9,11,0.15347517730496454,0.5152025061876887,ok,
2007_000063,2,28004,0.5581154336734694,>=40%,28004,3202,46974,0.5961595776386938,0,9,223,215,0.9241071428571429,square,True,True,True,deit_s,random_init,9,5,0.7613912298243108,0.8331805055735924,ok,
2007_000241,1,570,0.01136001275510204,<2%,570,1436,48740,0.011694706606483382,127,178,158,223,1.4375,square,True,True,True,deit_s,random_init,9,12,0.30350877192982456,0.329987353407565,ok,
2007_000241,3,975,0.01943160076530612,<2%,975,1436,48740,0.020004103405826836,85,113,124,163,1.275,square,True,True,True,deit_s,random_init,7,8,0.2164102564102564,0.46028916063030645,ok,
2007_000243,1,935,0.0186344068877551,<2%,935,637,49539,0.018874018450110015,85,64,127,124,1.4186046511627908,square,True,True,True,deit_s,random_init,6,6,0.25775401069518716,0.4883612880245398,ok,
2007_000256,1,6317,0.1258968431122449,10-20%,6317,2287,47889,0.131909206707177,64,0,147,223,2.6666666666666665,wide,True,True,True,deit_s,random_init,7,4,0.046857685610258035,0.4939964722907214,ok,
2007_000346,1,5229,0.10421316964285714,10-20%,5229,2345,47831,0.10932240597102298,65,39,202,96,0.42028985507246375,tall,True,True,True,deit_s,random_init,9,4,0.0996366418053165,0.507457895181065,ok,
2007_000346,2,16704,0.33290816326530615,20-40%,16704,2345,47831,0.3492295791432335,50,74,223,223,0.8620689655172413,square,True,True,True,deit_s,random_init,8,9,0.24161877394636017,0.5764100832414365,ok,
2007_000720,1,3384,0.06744260204081633,5-10%,3384,1079,49097,0.06892478155488116,80,91,176,147,0.5876288659793815,tall,True,True,True,deit_s,random_init,7,7,0.09692671394799054,0.5968158302724054,ok,
2007_000727,1,4702,0.09371014030612244,5-10%,4702,2481,47695,0.09858475731208723,156,53,216,161,1.7868852459016393,wide,True,True,True,deit_s,random_init,11,6,0.08528285835814547,0.6173282408156926,ok,
2007_000733,2,9467,0.18867586096938777,10-20%,9467,2795,47381,0.19980582934087504,104,52,223,223,1.4333333333333333,square,True,True,True,deit_s,random_init,11,8,0.04003380162670329,0.5226052095366779,ok,
2007_000768,1,4628,0.09223533163265306,5-10%,4628,1407,48769,0.09489634808997519,63,178,170,223,0.42592592592592593,tall,True,True,True,deit_s,random_init,7,12,0.08794295592048401,0.6284516458199298,ok,
2007_000799,2,6764,0.13480548469387754,10-20%,6764,2034,48142,0.14050101782227578,116,105,223,223,1.1018518518518519,square,True,True,True,deit_s,random_init,11,11,0.27217622708456535,0.6694050740527607,ok,
2007_000876,1,21966,0.43777901785714285,>=40%,21966,2749,47427,0.46315389967739895,21,30,220,191,0.81,square,True,True,True,deit_s,random_init,8,6,0.521851953018301,0.7684669817782322,ok,
2007_001073,1,1050,0.020926339285714284,2-5%,1050,3319,46857,0.022408604904283244,106,0,145,48,1.225,square,True,True,True,deit_s,random_init,7,1,0.24571428571428572,0.5543194383912254,ok,
2007_001239,2,5715,0.11389907525510204,10-20%,5715,3195,46981,0.1216449202869245,83,100,223,187,0.624113475177305,tall,True,True,True,deit_s,random_init,9,9,0.11303587051618548,0.5660409037010483,ok,
2007_001299,3,2434,0.048509247448979595,2-5%,2434,3838,46338,0.05252708360309034,97,167,204,210,0.4074074074074074,tall,True,True,True,deit_s,random_init,9,11,0.10517666392769104,0.38628227412097793,ok,
2007_001311,4,2302,0.04587850765306122,2-5%,2302,5807,44369,0.05188307151389484,134,60,223,148,0.9888888888888889,square,True,True,True,deit_s,random_init,11,6,0.08992180712423979,0.4600870815082231,ok,
2007_001340,3,3959,0.07890226403061225,5-10%,3959,3801,46375,0.08536927223719677,85,62,222,113,0.37681159420289856,tall,True,True,True,deit_s,random_init,9,5,0.10608739580702198,0.5590062472739651,ok,
2007_001408,6,763,0.015206473214285714,<2%,763,2986,47190,0.01616867980504344,0,87,30,121,1.1290322580645162,square,True,True,True,deit_s,random_init,0,6,0.32503276539973786,0.5682708934710343,ok,
2007_001430,2,3188,0.06353635204081633,5-10%,3188,3238,46938,0.0679193830158933,93,26,177,98,0.8588235294117647,square,True,True,True,deit_s,random_init,8,4,0.0903387703889586,0.5351529909304896,ok,
2007_001430,4,7230,0.14409279336734693,10-20%,7230,3238,46938,0.15403297967531637,92,111,223,205,0.7196969696969697,square,True,True,True,deit_s,random_init,10,10,0.12143845089903181,0.5372467259276751,ok,
2007_001430,6,2100,0.04185267857142857,2-5%,2100,3238,46938,0.04473986961523712,0,153,47,208,1.1666666666666667,square,True,True,True,deit_s,random_init,1,11,0.1261904761904762,0.5164308251934986,ok,
2007_001458,1,16567,0.33017777423469385,20-40%,16567,1605,48571,0.34108830372032695,84,17,200,204,1.606837606837607,wide,True,True,True,deit_s,random_init,8,6,0.32377618156576327,0.6698941414902668,ok,
2007_001594,1,835,0.016641422193877552,<2%,835,2767,47409,0.017612689573709633,102,127,137,165,1.0833333333333333,square,True,True,True,deit_s,random_init,7,9,0.25269461077844313,0.42955110092494736,ok,
2007_001595,1,6939,0.13829320790816327,10-20%,6939,1274,48902,0.14189603697190298,97,123,178,223,1.2317073170731707,square,True,True,True,deit_s,random_init,8,10,0.22178988326848248,0.6519431498811533,ok,
2007_001717,2,4077,0.08125398596938775,5-10%,4077,2931,47245,0.08629484601545137,88,178,223,223,0.3382352941176471,tall,True,True,True,deit_s,random_init,9,13,0.07162129016433652,0.5403375495943294,ok,
2007_001763,3,14795,0.2948620854591837,20-40%,14795,2209,47967,0.3084412200054204,26,0,223,223,1.1313131313131313,square,True,True,True,deit_s,random_init,4,7,0.2331868874619804,0.6883166237000785,ok,
2007_001857,1,38087,0.7590680803571429,>=40%,38087,1568,48608,0.7835541474654378,7,0,223,223,1.032258064516129,square,True,True,True,deit_s,random_init,8,6,0.7471315672014073,0.8955242862103163,ok,
2007_001857,3,2768,0.055165816326530615,5-10%,2768,1568,48608,0.056945358788676764,0,157,72,210,0.7397260273972602,square,True,True,True,deit_s,random_init,2,11,0.13872832369942195,0.6749464902816478,ok,
2007_001857,5,1631,0.032505580357142856,2-5%,1631,1568,48608,0.033554147465437785,0,63,59,103,0.6833333333333333,square,True,True,True,deit_s,random_init,1,5,0.2838749233599019,0.6916480266453124,ok,
2007_001884,3,977,0.019471460459183673,<2%,977,1933,48243,0.020251642725369483,128,148,144,208,3.588235294117647,wide,True,True,True,deit_s,random_init,8,11,0.26509723643807576,0.4964087726106415,ok,
2007_001901,4,1489,0.029675542091836735,2-5%,1489,3837,46339,0.032132760741492045,126,141,205,183,0.5375,tall,True,True,True,deit_s,random_init,9,9,0.16588314304902618,0.5216489946912564,ok,
2007_002046,2,15524,0.309390943877551,20-40%,15524,2364,47812,0.32468836275412033,22,0,202,130,0.7237569060773481,square,True,True,True,deit_s,random_init,6,4,0.3991883535171348,0.693066505971273,ok,
2007_002055,1,2047,0.04079639668367347,2-5%,2047,2555,47621,0.042985237605258186,150,0,222,51,0.7123287671232876,square,True,True,True,deit_s,random_init,11,1,0.1255495847581827,0.6329863955838331,ok,
2007_002055,2,4884,0.0973373724489796,5-10%,4884,2555,47621,0.10255979504840301,87,2,223,97,0.7007299270072993,square,True,True,True,deit_s,random_init,9,3,0.1205978705978706,0.6113990408024101,ok,
2007_002088,1,32167,0.6410833864795918,>=40%,32167,1856,48320,0.6657077814569536,16,0,223,223,1.0769230769230769,square,True,True,True,deit_s,random_init,8,6,0.6082942145677247,0.7628699542941201,ok,
2007_002120,1,927,0.0184749681122449,<2%,927,2409,47767,0.019406703372621265,23,101,53,170,2.2580645161290325,wide,True,True,True,deit_s,random_init,2,7,0.2750809061488673,0.4590863925151799,ok,
2007_002216,2,23599,0.47032445790816324,>=40%,23599,1760,48416,0.4874215135492399,67,0,210,206,1.4375,square,True,True,True,deit_s,random_init,8,6,0.3944234925208695,0.7588692651123672,ok,
2007_002234,2,645,0.012854751275510204,<2%,645,1702,48474,0.013306102240376285,69,0,93,40,1.64,wide,True,True,True,deit_s,random_init,5,0,0.34728682170542635,0.41303775781991464,ok,
2007_002284,4,823,0.016402264030612245,<2%,823,2323,47853,0.017198503751070987,0,102,37,130,0.7631578947368421,square,True,True,True,deit_s,random_init,1,7,0.30741190765492105,0.4850324894716247,ok,
2007_002293,1,21109,0.42069913903061223,>=40%,21109,1864,48312,0.43693078324225865,0,0,223,174,0.78125,square,True,True,True,deit_s,random_init,7,3,0.5604244634989815,0.781641463260041,ok,
2007_002368,2,1996,0.03977997448979592,2-5%,1996,3660,46516,0.04290996646315246,159,192,223,223,0.49230769230769234,tall,True,True,True,deit_s,random_init,11,13,0.1282565130260521,0.48021995595854977,ok,
2007_002488,1,3031,0.06040736607142857,5-10%,3031,5841,44335,0.06836585090786061,10,67,176,155,0.5329341317365269,tall,True,True,True,deit_s,random_init,5,7,0.20158363576377433,0.640924053420398,ok,
2007_002539,1,43265,0.8622648278061225,>=40%,43265,1230,48946,0.8839333142646999,0,0,222,223,1.0044843049327354,square,True,True,True,deit_s,random_init,6,5,0.8814052929619786,0.8002042405757872,ok,
2007_002668,1,6318,0.1259167729591837,10-20%,6318,2467,47709,0.13242784380305603,186,17,223,223,5.447368421052632,wide,True,True,True,deit_s,random_init,13,7,0.06552706552706553,0.6375003637996471,ok,
2007_002760,2,21822,0.43490911989795916,>=40%,21822,1937,48239,0.45237256162026573,4,0,197,136,0.7061855670103093,square,True,True,True,deit_s,random_init,6,3,0.47012189533498305,0.717712115353649,ok,
2007_002789,2,1372,0.02734375,2-5%,1372,1595,48581,0.02824149358802824,99,0,149,55,1.0980392156862746,square,True,True,True,deit_s,random_init,7,1,0.18731778425655976,0.49038743761812514,ok,
2007_002896,1,6290,0.12535873724489796,10-20%,6290,1977,48199,0.13050063279321147,6,70,209,148,0.3872549019607843,tall,True,True,True,deit_s,random_init,5,6,0.23068362480127186,0.7285075173664689,ok,
2007_002903,1,35791,0.7133091517857143,>=40%,35791,2377,47799,0.7487813552584782,13,0,219,223,1.0821256038647342,square,True,True,True,deit_s,random_init,7,6,0.7243161688692689,0.8572532110509742,ok,
2007_002953,1,1882,0.03750797193877551,2-5%,1882,3475,46701,0.04029892293526905,63,0,196,16,0.12686567164179105,tall,True,True,True,deit_s,random_init,8,0,0.18437832093517534,0.6404699532932012,ok,
2007_002953,5,1147,0.02285953443877551,2-5%,1147,3475,46701,0.024560501916447184,38,17,75,56,1.0526315789473684,square,True,True,True,deit_s,random_init,3,2,0.2005231037489102,0.5761720128562942,ok,
2007_003022,1,7396,0.1474011479591837,10-20%,7396,3575,46601,0.15870904057852836,57,48,193,223,1.2846715328467153,square,True,True,True,deit_s,random_init,7,8,0.16468361276365603,0.4076442766662059,ok,
2007_003051,1,8921,0.1777941645408163,10-20%,8921,982,49194,0.18134325324226533,56,0,138,133,1.6144578313253013,wide,True,True,True,deit_s,random_init,6,3,0.02869633449164892,0.25316278313083734,ok,
2007_003101,3,14896,0.296875,20-40%,14896,1861,48315,0.30831004863913897,0,0,199,84,0.425,tall,True,True,True,deit_s,random_init,6,2,0.2805451127819549,0.7377711100313583,ok,
2007_003118,1,1490,0.02969547193877551,2-5%,1490,2677,47499,0.03136908145434641,15,85,72,135,0.8793103448275862,square,True,True,True,deit_s,random_init,2,6,0.17181208053691274,0.4929485465274665,ok,
2007_003118,4,18444,0.36758609693877553,20-40%,18444,2677,47499,0.38830291164024505,49,29,223,204,1.0057142857142858,square,True,True,True,deit_s,random_init,9,6,0.247777054868792,0.6447794896281923,ok,
2007_003131,1,1544,0.03077168367346939,2-5%,1544,638,49538,0.031167992248374986,150,172,219,217,0.6571428571428571,tall,True,True,True,deit_s,random_init,12,12,0.16580310880829016,0.40268807444543053,ok,
2007_003134,2,5961,0.11880181760204081,10-20%,5961,3586,46590,0.12794591113972956,45,61,173,140,0.6201550387596899,tall,True,True,True,deit_s,random_init,6,5,0.20634121791645696,0.6191852792908723,ok,
2007_003189,2,1134,0.022600446428571428,2-5%,1134,1947,48229,0.023512824234381804,19,82,122,136,0.5288461538461539,tall,True,True,True,deit_s,random_init,3,6,0.2037037037037037,0.4367963047385629,ok,
2007_003190,1,2678,0.05337213010204082,5-10%,2678,3753,46423,0.057686922430691685,0,59,84,168,1.2941176470588236,square,True,True,True,deit_s,random_init,1,5,0.062359970126960415,0.30027449646098153,ok,
2007_003201,1,4751,0.09468670280612244,5-10%,4751,4201,45975,0.10333877107123436,38,0,179,49,0.352112676056338,tall,True,True,True,deit_s,random_init,6,1,0.13323510839823194,0.5732015873223975,ok,
2007_003201,2,20600,0.41055484693877553,>=40%,20600,4201,45975,0.4480696030451332,20,32,209,223,1.0105263157894737,square,True,True,True,deit_s,random_init,5,8,0.5818932038834952,0.8241530210691083,ok,
2007_003207,9,2079,0.04143415178571429,2-5%,2079,3449,46727,0.04449247758255399,83,150,167,181,0.3764705882352941,tall,True,True,True,deit_s,random_init,8,10,0.14814814814814814,0.6516221793329228,ok,
2007_003251,4,1296,0.025829081632653062,2-5%,1296,4492,45684,0.028368794326241134,106,29,195,91,0.7,square,True,True,True,deit_s,random_init,9,3,0.1875,0.4814938518789527,ok,
2007_003367,3,901,0.017956792091836735,<2%,901,3657,46519,0.019368430103828542,127,0,177,25,0.5098039215686274,tall,True,True,True,deit_s,random_init,9,0,0.28412874583795783,0.5218997949133471,ok,
2007_003451,1,3878,0.07728794642857142,5-10%,3878,1762,48414,0.08010079729004008,105,104,151,215,2.382978723404255,wide,True,True,True,deit_s,random_init,7,9,0.06601340897369778,0.3432319066528548,ok,
2007_003580,1,31141,0.6206353635204082,>=40%,31141,1762,48414,0.643223034659396,0,0,223,198,0.8883928571428571,square,True,True,True,deit_s,random_init,7,6,0.7198869657364889,0.8746302083261117,ok,
2007_003711,2,20428,0.40712691326530615,>=40%,20428,1643,48533,0.4209094842684359,49,59,194,223,1.13013698630137,square,True,True,True,deit_s,random_init,7,8,0.4488936753475622,0.7652520001133297,ok,
2007_003778,1,13727,0.27357700892857145,20-40%,13727,3127,47049,0.29175965482794536,30,18,206,197,1.0169491525423728,square,True,True,True,deit_s,random_init,7,7,0.36832519851387774,0.6903072884777047,ok,
2007_003815,1,6980,0.13911033163265307,10-20%,6980,2124,48052,0.14525930242237575,74,70,138,223,2.3692307692307693,wide,True,True,True,deit_s,random_init,6,8,0.03968481375358166,0.4084381237219383,ok,
2007_004081,1,2169,0.04322783801020408,2-5%,2169,5393,44783,0.04843355737668312,57,70,121,159,1.3846153846153846,square,True,True,True,deit_s,random_init,4,6,0.21807284462886123,0.7210806950858191,ok,
2007_004121,3,994,0.019810267857142856,<2%,994,1822,48354,0.020556727468254953,96,55,147,93,0.75,square,True,True,True,deit_s,random_init,7,4,0.2505030181086519,0.5498812659740937,ok,
2007_004537,4,1619,0.03226642219387755,2-5%,1619,7559,42617,0.037989534692728255,53,50,118,167,1.7878787878787878,wide,True,True,True,deit_s,random_init,4,8,0.1525633106856084,0.46382396543917237,ok,
2007_004558,2,870,0.017338966836734693,<2%,870,2181,47995,0.01812688821752266,61,87,99,119,0.8461538461538461,square,True,True,True,deit_s,random_init,5,6,0.2988505747126437,0.49169575851899455,ok,
2007_004649,2,894,0.017817283163265307,<2%,894,2187,47989,0.018629269207526725,90,204,137,223,0.4166666666666667,tall,True,True,True,deit_s,random_init,7,13,0.28747203579418346,0.5997539692983849,ok,
2007_004707,1,879,0.017518335459183673,<2%,879,1199,48977,0.01794719970598444,175,147,223,191,0.9183673469387755,square,True,True,True,deit_s,random_init,12,10,0.19340159271899887,0.48033801303388507,ok,
2007_004856,1,26887,0.5358537946428571,>=40%,26887,1539,48637,0.5528095894072415,0,24,223,199,0.7857142857142857,square,True,True,True,deit_s,random_init,7,6,0.7245880908989475,0.8361443965077017,ok,
2007_005074,1,10711,0.2134685905612245,20-40%,10711,2530,47646,0.22480376107123368,0,0,193,200,1.0360824742268042,square,True,True,True,deit_s,random_init,9,5,0.14331061525534497,0.6354053444567763,ok,
2007_005130,1,5057,0.10078523596938775,10-20%,5057,968,49208,0.10276784262721508,60,52,192,147,0.7218045112781954,square,True,True,True,deit_s,random_init,7,6,0.32628040340122605,0.6770919613689039,ok,
2007_005173,12,990,0.019730548469387755,<2%,990,6789,43387,0.022817894761103557,1,189,56,221,0.5892857142857143,tall,True,True,True,deit_s,random_init,1,12,0.18787878787878787,0.474930962977855,ok,
2007_005173,14,1217,0.024254623724489797,2-5%,1217,6789,43387,0.028049876691174775,0,51,59,80,0.5,tall,True,True,True,deit_s,random_init,1,4,0.21199671322925226,0.5485087630054714,ok,
2007_005173,16,624,0.012436224489795918,<2%,624,6789,43387,0.014382188213059212,1,2,36,28,0.75,square,True,True,True,deit_s,random_init,0,0,0.3349358974358974,0.5160062611126452,ok,
2007_005212,1,1030,0.020527742346938774,2-5%,1030,1721,48455,0.021256836239810135,137,182,175,223,1.0769230769230769,square,True,True,True,deit_s,random_init,9,12,0.14563106796116504,0.3160159094249034,ok,
2007_005266,2,680,0.013552295918367346,<2%,680,3149,47027,0.014459778425160014,97,68,142,112,0.9782608695652174,square,True,True,True,deit_s,random_init,7,5,0.27941176470588236,0.5006918973805916,ok,
2007_005266,3,830,0.016541772959183673,<2%,830,3149,47027,0.017649435430710018,95,140,142,190,1.0625,square,True,True,True,deit_s,random_init,6,10,0.25180722891566265,0.5423395293502037,ok,
2007_005281,2,1170,0.023317920918367346,2-5%,1170,3659,46517,0.025152094933035236,65,92,158,127,0.3829787234042553,tall,True,True,True,deit_s,random_init,6,7,0.15726495726495726,0.48861679588476764,ok,
2007_005294,1,23045,0.4592833227040816,>=40%,23045,1223,48953,0.47075766551590303,0,45,223,223,0.7991071428571429,square,True,True,True,deit_s,random_init,7,8,0.5625515296159688,0.8046710709396866,ok,
2007_005296,2,860,0.017139668367346938,<2%,860,889,49287,0.01744882017570556,162,0,203,26,0.6428571428571429,tall,True,True,True,deit_s,random_init,11,0,0.2988372093023256,0.683684885641964,ok,
2007_005331,2,3114,0.06206154336734694,5-10%,3114,5012,45164,0.06894872021964396,3,97,152,168,0.48,tall,True,True,True,deit_s,random_init,4,8,0.07675016056518946,0.44898760411863703,ok,
2007_005331,3,934,0.018614477040816327,<2%,934,5012,45164,0.020680187760162963,10,62,35,107,1.7692307692307692,wide,True,True,True,deit_s,random_init,1,5,0.2740899357601713,0.43115864368336054,ok,
2007_005331,5,713,0.01420998086734694,<2%,713,5012,45164,0.01578690992826145,7,0,38,26,0.84375,square,True,True,True,deit_s,random_init,1,0,0.3590462833099579,0.4247633791052336,ok,
2007_005354,2,9703,0.19337930484693877,10-20%,9703,2514,47662,0.2035793714069909,60,0,223,96,0.5914634146341463,tall,True,True,True,deit_s,random_init,9,2,0.3207255487993404,0.7109177174713027,ok,
2007_005360,1,16628,0.33139349489795916,20-40%,16628,1928,48248,0.3446360470900348,66,0,162,223,2.3092783505154637,wide,True,True,True,deit_s,random_init,7,7,0.2295525619437094,0.6759439214048786,ok,
2007_005368,2,31652,0.6308195153061225,>=40%,31652,3510,46666,0.6782668323833198,0,20,223,214,0.8705357142857143,square,True,True,True,deit_s,random_init,6,7,0.6889296095033489,0.8450604661528095,ok,
2007_005702,2,15544,0.30978954081632654,20-40%,15544,5263,44913,0.34609133213100884,0,46,223,219,0.7767857142857143,square,True,True,True,deit_s,random_init,5,9,0.16224909933093154,0.5405027129321435,ok,
2007_005797,3,2227,0.04438376913265306,2-5%,2227,3398,46778,0.047607849843943735,0,17,80,60,0.5432098765432098,tall,True,True,True,deit_s,random_init,2,2,0.13066906151773686,0.6008225356441396,ok,
2007_005813,2,1241,0.02473294005102041,2-5%,1241,4296,45880,0.02704882301656495,108,73,175,135,0.9264705882352942,square,True,True,True,deit_s,random_init,9,7,0.23851732473811443,0.6468966967950375,ok,
2007_005845,1,5872,0.11702806122448979,10-20%,5872,1676,48500,0.1210721649484536,148,0,223,119,1.5789473684210527,wide,True,True,True,deit_s,random_init,11,3,0.14475476839237056,0.5463261998176516,ok,
2007_005911,1,30411,0.606086575255102,>=40%,30411,1095,49081,0.6196084024367882,32,0,186,223,1.4451612903225806,square,True,True,True,deit_s,random_init,6,7,0.5718654434250765,0.7880067848903434,ok,
2007_005951,2,2821,0.05622209821428571,5-10%,2821,2184,47992,0.0587806301050175,23,169,164,223,0.3873239436619718,tall,True,True,True,deit_s,random_init,5,13,0.05140021269053527,0.2544304967255615,ok,
2007_005989,2,2692,0.05365114795918367,5-10%,2692,2303,47873,0.056232114135316355,58,100,153,169,0.7291666666666666,square,True,True,True,deit_s,random_init,6,8,0.07429420505200594,0.40352382747922005,ok,
2007_006151,2,2594,0.05169802295918367,5-10%,2594,5286,44890,0.05778569837380263,59,34,180,87,0.4426229508196721,tall,True,True,True,deit_s,random_init,7,3,0.1646106399383192,0.5162198488238581,ok,
2007_006277,1,20518,0.4089205994897959,>=40%,20518,1520,48656,0.4216951660637948,45,1,189,223,1.5379310344827586,wide,True,True,True,deit_s,random_init,7,7,0.6652695194463398,0.8381662454937979,ok,
2007_006409,2,938,0.018694196428571428,<2%,938,2113,48063,0.019516051848615358,84,0,150,29,0.44776119402985076,tall,True,True,True,deit_s,random_init,8,0,0.27292110874200426,0.4728901846143593,ok,
2007_006660,1,5826,0.11611128826530612,10-20%,5826,2239,47937,0.12153451404969022,153,0,210,136,2.3620689655172415,wide,True,True,True,deit_s,random_init,11,4,0.044284243048403706,0.44887217076978686,ok,
2007_006699,2,20378,0.4061304209183674,>=40%,20378,1376,48800,0.41758196721311475,0,23,124,223,1.608,wide,True,True,True,deit_s,random_init,3,8,0.47502208263813916,0.7508962910446433,ok,
2007_006900,3,857,0.01707987882653061,<2%,857,2260,47916,0.01788546623257367,72,0,118,33,0.723404255319149,square,True,True,True,deit_s,random_init,5,0,0.30921820303383896,0.5993544831142833,ok,
2007_006944,1,6142,0.12240911989795919,10-20%,6142,2806,47370,0.1296601224403631,106,0,194,85,0.9662921348314607,square,True,True,True,deit_s,random_init,9,2,0.2289156626506024,0.5854616090286155,ok,
2007_007007,3,7910,0.15764508928571427,10-20%,7910,4891,45285,0.1746715247874572,114,107,223,223,1.0636363636363637,square,True,True,True,deit_s,random_init,10,11,0.32756005056890014,0.6793789960478258,ok,
2007_007109,1,24653,0.4913305165816326,>=40%,24653,3328,46848,0.5262337773224044,1,46,223,223,0.7982062780269058,square,True,True,True,deit_s,random_init,6,8,0.4968969293797915,0.7465297428939486,ok,
2007_007130,2,1355,0.027004942602040817,2-5%,1355,3469,46707,0.029010640803305714,48,99,93,136,0.8260869565217391,square,True,True,True,deit_s,random_init,4,7,0.18892988929889298,0.5971364915564482,ok,
2007_007154,1,16187,0.32260443239795916,20-40%,16187,1669,48507,0.33370441379594695,0,42,223,151,0.49107142857142855,tall,True,True,True,deit_s,random_init,7,6,0.5320318774325076,0.7515396098061389,ok,
2007_007165,1,2705,0.05391023596938776,5-10%,2705,782,49394,0.054763736486212904,182,115,223,215,2.4047619047619047,wide,True,True,True,deit_s,random_init,12,10,0.10609981515711644,0.46092757253409034,ok,
2007_007168,1,23856,0.47544642857142855,>=40%,23856,2610,47566,0.5015347096665685,24,29,214,223,1.0209424083769634,square,True,True,True,deit_s,random_init,8,7,0.460387323943662,0.759492919164679,ok,
2007_007230,1,3555,0.07085060586734694,5-10%,3555,1956,48220,0.07372459560348403,75,122,172,177,0.5714285714285714,tall,True,True,True,deit_s,random_init,7,9,0.0751054852320675,0.39981851758305303,ok,
2007_007235,1,3738,0.07449776785714286,5-10%,3738,6870,43306,0.08631598392832401,81,37,185,190,1.4666666666666666,square,True,True,True,deit_s,random_init,9,8,0.0377207062600321,0.3041525096419894,ok,
2007_007414,2,5631,0.1122249681122449,10-20%,5631,1033,49143,0.11458396923264758,74,72,133,204,2.216666666666667,wide,True,True,True,deit_s,random_init,6,8,0.06233351092168354,0.46293832112532335,ok,
2007_007415,2,13864,0.2763073979591837,20-40%,13864,2225,47951,0.2891284853287731,62,0,168,223,2.0934579439252334,wide,True,True,True,deit_s,random_init,7,6,0.1358193883439123,0.6293974793464265,ok,
2007_007498,2,22914,0.45667251275510207,>=40%,22914,6219,43957,0.5212821621129741,0,36,223,223,0.8392857142857143,square,True,True,True,deit_s,random_init,9,9,0.6125949201361613,0.8096462643442244,ok,
2007_007534,1,10312,0.20551658163265307,20-40%,10312,2390,47786,0.21579542125308668,93,85,223,214,0.9923664122137404,square,True,True,True,deit_s,random_init,10,10,0.30032971295577965,0.6237150649632345,ok,
2007_007621,1,2635,0.05251514668367347,5-10%,2635,1224,48952,0.053828239908481776,62,144,119,206,1.0862068965517242,square,True,True,True,deit_s,random_init,5,10,0.1157495256166983,0.6913566872975017,ok,
2007_007688,1,30827,0.6143773915816326,>=40%,30827,2903,47273,0.6521058532354621,0,0,223,223,1.0,square,True,True,True,deit_s,random_init,8,7,0.6719109871216791,0.8496603986578545,ok,
2007_007818,1,807,0.016083386479591837,<2%,807,1430,48746,0.01655520452960243,67,157,99,184,0.8484848484848485,square,True,True,True,deit_s,random_init,5,10,0.33209417596034696,0.610925308375814,ok,
2007_007836,3,1574,0.031369579081632654,2-5%,1574,4088,46088,0.03415205693455997,70,177,156,223,0.5402298850574713,tall,True,True,True,deit_s,random_init,6,13,0.19250317662007624,0.65436032975662,ok,
2007_007902,2,7999,0.1594188456632653,10-20%,7999,2005,48171,0.1660542650142202,34,0,189,98,0.6346153846153846,tall,True,True,True,deit_s,random_init,7,2,0.032754094261782725,0.4801574136376877,ok,
2007_007902,4,1839,0.03665098852040816,2-5%,1839,2005,48171,0.03817649623217288,29,0,90,79,1.2903225806451613,square,True,True,True,deit_s,random_init,3,2,0.10277324632952692,0.3307015524442253,ok,
2007_007996,4,4149,0.0826889349489796,5-10%,4149,6816,43360,0.09568726937269373,145,76,223,182,1.3544303797468353,square,True,True,True,deit_s,random_init,11,8,0.165823089901181,0.5878201390540616,ok,
2007_008051,1,12269,0.24451929209183673,20-40%,12269,1198,48978,0.25050022459063254,67,42,223,174,0.8471337579617835,square,True,True,True,deit_s,random_init,9,6,0.25503301002526696,0.6458693939108338,ok,
2007_008110,1,1282,0.025550063775510203,2-5%,1282,3815,46361,0.027652552792217597,87,58,131,122,1.4444444444444444,square,True,True,True,deit_s,random_init,7,5,0.1996879875195008,0.3827123740243366,ok,
2007_008110,3,7106,0.14162149234693877,10-20%,7106,3815,46361,0.15327538232566165,49,36,223,142,0.6114285714285714,tall,True,True,True,deit_s,random_init,8,5,0.059527160146355194,0.40007639873988937,ok,
2007_008110,4,1469,0.029276945153061226,2-5%,1469,3815,46361,0.03168611548499817,32,183,113,221,0.47560975609756095,tall,True,True,True,deit_s,random_init,3,12,0.1906058543226685,0.5720363080274551,ok,
2007_008204,2,9117,0.1817004145408163,10-20%,9117,1672,48504,0.18796387926768926,67,147,195,223,0.5968992248062015,tall,True,True,True,deit_s,random_init,8,11,0.0657014368761654,0.5889498374698167,ok,
2007_008260,2,36692,0.7312659438775511,>=40%,36692,945,49231,0.7453027563933294,0,0,223,223,1.0,square,True,True,True,deit_s,random_init,8,7,0.7697045677531887,0.7329777140961787,ok,
2007_008407,2,872,0.017378826530612245,<2%,872,4812,45364,0.019222290803280133,94,170,129,197,0.7777777777777778,square,True,True,True,deit_s,random_init,6,11,0.29357798165137616,0.546031327105036,ok,
2007_008407,3,786,0.015664859693877552,<2%,786,4812,45364,0.017326514416718102,186,173,223,223,1.3421052631578947,square,True,True,True,deit_s,random_init,12,12,0.20610687022900764,0.43285709094109004,ok,
2007_008526,5,1129,0.022500797193877552,2-5%,1129,2676,47500,0.023768421052631578,67,57,129,92,0.5714285714285714,tall,True,True,True,deit_s,random_init,6,4,0.20283436669619131,0.6182666170973325,ok,
2007_008543,3,2964,0.059072066326530615,5-10%,2964,1455,48721,0.060836189733379856,180,103,223,223,2.75,wide,True,True,True,deit_s,random_init,12,9,0.08738191632928476,0.5828441886307194,ok,
2007_008547,4,881,0.017558195153061226,<2%,881,6807,43369,0.020314049205653807,103,0,160,36,0.6379310344827587,tall,True,True,True,deit_s,random_init,8,0,0.2724177071509648,0.5980189061059639,ok,
2007_008778,1,2211,0.044064891581632654,2-5%,2211,1373,48803,0.04530459193082392,1,182,88,215,0.38636363636363635,tall,True,True,True,deit_s,random_init,2,12,0.1320669380370873,0.5953437587444043,ok,
2007_008778,2,3085,0.06148357780612245,5-10%,3085,1373,48803,0.06321332704956663,5,0,223,72,0.3333333333333333,tall,True,True,True,deit_s,random_init,4,1,0.2635332252836305,0.6055912628879992,ok,
2007_008945,1,18217,0.36306202168367346,20-40%,18217,12468,37708,0.48310703299034685,124,0,223,223,2.24,wide,True,True,True,deit_s,random_init,11,7,0.4516660262392271,0.755078556268916,ok,
2007_008973,1,9117,0.1817004145408163,10-20%,9117,1514,48662,0.18735358185031442,31,127,182,223,0.6381578947368421,tall,True,True,True,deit_s,random_init,6,11,0.03147965339475705,0.436813601891437,ok,
2007_008994,2,2223,0.04430404974489796,2-5%,2223,2899,47277,0.047020750047591854,94,0,203,41,0.38181818181818183,tall,True,True,True,deit_s,random_init,10,1,0.10211426000899686,0.5486058246908547,ok,
2007_009068,1,1753,0.03493702168367347,2-5%,1753,3109,47067,0.037244778719697454,180,170,222,223,1.255813953488372,square,True,True,True,deit_s,random_init,12,12,0.14603536794067312,0.5009668614556017,ok,
2007_009139,2,2503,0.049884406887755105,2-5%,2503,6316,43860,0.05706794345645235,0,19,119,60,0.35,tall,True,True,True,deit_s,random_init,2,2,0.1082700759089093,0.6014453973844988,ok,
2007_009139,5,970,0.019331951530612245,<2%,970,6316,43860,0.022115823073415412,0,74,46,113,0.851063829787234,square,True,True,True,deit_s,random_init,1,6,0.3154639175257732,0.6611245219495652,ok,
2007_009331,4,939,0.018714126275510203,<2%,939,2767,47409,0.01980636587989622,118,117,156,177,1.564102564102564,wide,True,True,True,deit_s,random_init,8,9,0.25559105431309903,0.5356435243809972,ok,
2007_009346,2,5708,0.11375956632653061,10-20%,5708,2173,48003,0.1189092348394892,63,108,187,219,0.896,square,True,True,True,deit_s,random_init,8,11,0.10861948142957253,0.5820559863818415,ok,
2007_009413,2,1200,0.02391581632653061,2-5%,1200,8904,41272,0.029075402209730566,52,107,106,149,0.7818181818181819,square,True,True,True,deit_s,random_init,4,7,0.21583333333333332,0.5871744005971792,ok,
2007_009435,2,7318,0.1458466198979592,10-20%,7318,1358,48818,0.14990372403621616,94,0,191,110,1.1326530612244898,square,True,True,True,deit_s,random_init,8,2,0.4174637879201968,0.6699418320328924,ok,
2007_009458,2,1158,0.02307876275510204,2-5%,1158,1341,48835,0.0237125012798198,2,54,39,96,1.131578947368421,square,True,True,True,deit_s,random_init,1,4,0.2219343696027634,0.5816189820374674,ok,
2007_009458,3,882,0.017578125,<2%,882,1341,48835,0.018060817036961194,9,98,39,133,1.1612903225806452,square,True,True,True,deit_s,random_init,1,7,0.29365079365079366,0.5775805900951793,ok,
2007_009458,7,600,0.011957908163265306,<2%,600,1341,48835,0.012286270093170881,0,190,22,223,1.4782608695652173,square,True,True,True,deit_s,random_init,0,13,0.425,0.577206138579101,ok,
2007_009550,5,977,0.019471460459183673,<2%,977,3727,46449,0.021033822041378717,181,190,223,222,0.7674418604651163,square,True,True,True,deit_s,random_init,12,13,0.23029682702149437,0.48900614895255723,ok,
2007_009649,4,1322,0.026347257653061226,2-5%,1322,7889,42287,0.03126256296261262,82,82,150,137,0.8115942028985508,square,True,True,True,deit_s,random_init,7,6,0.13388804841149773,0.4233520435750062,ok,
2007_009649,7,8200,0.1634247448979592,10-20%,8200,7889,42287,0.1939130229148438,52,0,223,165,0.9651162790697675,square,True,True,True,deit_s,random_init,9,3,0.046097560975609755,0.570828615746151,ok,
2007_009665,2,919,0.018315529336734693,<2%,919,1937,48239,0.019050975351893696,114,0,172,21,0.3728813559322034,tall,True,True,True,deit_s,random_init,8,0,0.27856365614798695,0.5172101868378995,ok,
2007_009764,1,12405,0.2472297512755102,20-40%,12405,1499,48677,0.25484314974217803,77,106,204,223,0.921875,square,True,True,True,deit_s,random_init,8,10,0.35880693268843206,0.6892890359807511,ok,
2007_009950,2,1585,0.03158880739795918,2-5%,1585,1209,48967,0.032368738129760856,77,104,130,142,0.7222222222222222,square,True,True,True,deit_s,random_init,6,7,0.18548895899053627,0.5792517548373366,ok,
2008_000009,1,693,0.013811383928571428,<2%,693,565,49611,0.013968676301626655,97,94,130,135,1.2352941176470589,square,True,True,True,deit_s,random_init,6,7,0.31746031746031744,0.4507811801057408,ok,
2008_000019,1,10795,0.21514269770408162,20-40%,10795,4793,45383,0.23786439856333869,0,29,143,217,1.3125,square,True,True,True,deit_s,random_init,3,8,0.04001852709587772,0.4685301448689312,ok,
2008_000019,2,5454,0.10869738520408163,10-20%,5454,4793,45383,0.1201771588480268,60,53,187,175,0.9609375,square,True,True,True,deit_s,random_init,8,6,0.07554088742207554,0.4626071824786867,ok,
2008_000120,1,19818,0.3949697066326531,20-40%,19818,4489,45687,0.4337776610414341,38,0,170,218,1.6466165413533835,wide,True,True,True,deit_s,random_init,7,6,0.5561106065193259,0.801267529326218,ok,
2008_000182,1,2053,0.040915975765306124,2-5%,2053,492,49684,0.041321149665888415,154,128,208,182,1.0,square,True,True,True,deit_s,random_init,11,9,0.2138334145153434,0.5933909034638456,ok,
2008_000217,2,14775,0.29446348852040816,20-40%,14775,2116,48060,0.3074282147315855,33,104,223,212,0.5706806282722513,tall,True,True,True,deit_s,random_init,9,9,0.16697123519458545,0.6751242584728224,ok,
2008_000226,5,1347,0.02684550382653061,2-5%,1347,2194,47982,0.028073027385269476,96,58,127,140,2.59375,wide,True,True,True,deit_s,random_init,6,5,0.19079435783221974,0.5070330255067234,ok,
2008_000235,1,2263,0.04510124362244898,2-5%,2263,1466,48710,0.046458632724286596,57,137,133,189,0.6883116883116883,square,True,True,True,deit_s,random_init,6,9,0.09500662836942113,0.3993489287192841,ok,
2008_000259,3,855,0.017040019132653062,<2%,855,2912,47264,0.018089878131347326,89,185,148,213,0.48333333333333334,tall,True,True,True,deit_s,random_init,7,12,0.2654970760233918,0.6598858771349563,ok,
2008_000270,1,8866,0.1766980229591837,10-20%,8866,3812,46364,0.19122595116901045,86,12,223,186,1.2681159420289856,square,True,True,True,deit_s,random_init,10,7,0.43909316489961653,0.6882764216347544,ok,
2008_000284,2,926,0.01845503826530612,<2%,926,4550,45626,0.020295445579274974,25,0,188,37,0.23170731707317074,tall,True,True,True,deit_s,random_init,10,1,0.17818574514038876,0.5080107893174707,ok,
2008_000289,1,8561,0.17061941964285715,10-20%,8561,1084,49092,0.17438686547706347,53,29,223,108,0.4678362573099415,tall,True,True,True,deit_s,random_init,8,4,0.10477747926644083,0.6316014938780883,ok,
2008_000365,1,4116,0.08203125,5-10%,4116,1516,48660,0.0845869297163995,130,134,222,221,0.946236559139785,square,True,True,True,deit_s,random_init,11,11,0.271865889212828,0.662168104251549,ok,
2008_000400,1,907,0.01807637117346939,<2%,907,571,49605,0.01828444713234553,110,88,154,139,1.1555555555555554,square,True,True,True,deit_s,random_init,7,7,0.2822491730981257,0.6392835207215813,ok,
2008_000422,1,17313,0.3450454400510204,20-40%,17313,2375,47801,0.3621890755423527,0,16,205,175,0.7766990291262136,square,True,True,True,deit_s,random_init,6,6,0.3202217986484145,0.6813763391439692,ok,
2008_000464,1,13753,0.2740951849489796,20-40%,13753,1779,48397,0.28417050643634933,13,61,193,199,0.7679558011049724,square,True,True,True,deit_s,random_init,7,8,0.5751472406020505,0.8190962506835362,ok,
2008_000505,1,19252,0.38368941326530615,20-40%,19252,1295,48881,0.3938544628792373,50,0,223,150,0.867816091954023,square,True,True,True,deit_s,random_init,9,4,0.20325161022231455,0.6920594183892752,ok,
2008_000540,1,13141,0.261898118622449,20-40%,13141,1191,48985,0.26826579565173014,73,57,222,200,0.96,square,True,True,True,deit_s,random_init,10,7,0.3127615858762651,0.6975029842744866,ok,
2008_000588,1,7381,0.14710220025510204,10-20%,7381,15002,35174,0.20984249729914142,39,53,190,203,0.993421052631579,square,True,True,True,deit_s,random_init,6,9,0.20634060425416612,0.6489046766397863,ok,
2008_000711,2,3174,0.06325733418367346,5-10%,3174,3770,46406,0.06839632806102659,27,166,105,223,0.7341772151898734,square,True,True,True,deit_s,random_init,4,12,0.22117202268431002,0.6194019986702569,ok,
2008_000760,3,767,0.015286192602040817,<2%,767,4273,45903,0.016709147550269046,0,0,72,39,0.547945205479452,tall,True,True,True,deit_s,random_init,1,1,0.23728813559322035,0.28223798236475084,ok,
2008_000811,1,2076,0.04137436224489796,2-5%,2076,3460,46716,0.044438736193167225,33,150,207,223,0.4228571428571429,tall,True,True,True,deit_s,random_init,4,13,0.08766859344894026,0.4598265092675057,ok,
2008_000841,1,25991,0.5179966517857143,>=40%,25991,2365,47811,0.5436196691138022,15,0,222,161,0.7788461538461539,square,True,True,True,deit_s,random_init,8,4,0.5287984302258474,0.7791458007890896,ok,
2008_000992,1,21749,0.43345424107142855,>=40%,21749,1794,48382,0.44952668347732627,17,39,223,219,0.8743961352657005,square,True,True,True,deit_s,random_init,8,8,0.4826888592578969,0.7003193962140155,ok,
2008_001070,1,5752,0.11463647959183673,10-20%,5752,966,49210,0.11688681162365373,70,66,173,153,0.8461538461538461,square,True,True,True,deit_s,random_init,8,7,0.09770514603616133,0.5432759255854819,ok,
2008_001112,1,8565,0.17069913903061223,10-20%,8565,1931,48245,0.17753135039900508,69,85,223,191,0.6903225806451613,square,True,True,True,deit_s,random_init,9,9,0.11115002918855808,0.5945007477762937,ok,
2008_001231,1,1803,0.03593351403061224,2-5%,1803,2273,47903,0.03763856125921132,42,89,137,137,0.5104166666666666,tall,True,True,True,deit_s,random_init,5,6,0.14420410427066002,0.5163976834628716,ok,
2008_001375,3,5053,0.10070551658163265,10-20%,5053,4730,45446,0.11118690313778991,83,103,160,197,1.2179487179487178,square,True,True,True,deit_s,random_init,7,9,0.12547001781120126,0.6651603796629317,ok,
2008_001379,1,11084,0.22090242346938777,20-40%,11084,1354,48822,0.2270287984924829,38,41,213,151,0.6306818181818182,tall,True,True,True,deit_s,random_init,7,6,0.037802237459400936,0.5035177382774383,ok,
2008_001399,1,13599,0.27102598852040816,20-40%,13599,912,49264,0.2760433582331926,92,0,223,146,1.1136363636363635,square,True,True,True,deit_s,random_init,9,3,0.3915729097727774,0.6806239122582537,ok,
2008_001404,1,9506,0.189453125,10-20%,9506,3315,46861,0.20285525276882696,27,79,223,176,0.49746192893401014,tall,True,True,True,deit_s,random_init,6,8,0.09183673469387756,0.5699411006949779,ok,
2008_001439,1,4683,0.09333147321428571,5-10%,4683,9356,40820,0.11472317491425772,31,0,213,52,0.2896174863387978,tall,True,True,True,deit_s,random_init,6,1,0.06918641896220372,0.3947017054405294,ok,
2008_001491,1,13885,0.27672592474489793,20-40%,13885,2605,47571,0.2918795064219798,51,0,171,223,1.8512396694214877,wide,True,True,True,deit_s,random_init,6,6,0.19747929420237667,0.6419564499198858,ok,
2008_001682,1,3978,0.07928093112244898,5-10%,3978,1253,48923,0.08131144860290661,78,52,178,150,0.9801980198019802,square,True,True,True,deit_s,random_init,7,6,0.1425339366515837,0.6597468893319994,ok,
2008_001997,4,5113,0.10190130739795919,10-20%,5113,2389,47787,0.10699562642559692,101,53,223,144,0.7479674796747967,square,True,True,True,deit_s,random_init,10,6,0.09290044983375709,0.42010635190613954,ok,
2008_002032,1,994,0.019810267857142856,<2%,994,5928,44248,0.022464292171397577,7,0,223,22,0.10599078341013825,tall,True,True,True,deit_s,random_init,11,0,0.14386317907444668,0.40974064777360797,ok,
2008_002123,2,860,0.017139668367346938,<2%,860,6121,44055,0.019521053228918398,64,187,132,212,0.37681159420289856,tall,True,True,True,deit_s,random_init,6,12,0.22093023255813954,0.47303005383636,ok,
2008_002212,2,1459,0.02907764668367347,2-5%,1459,2179,47997,0.03039773319165781,87,35,144,73,0.6724137931034483,square,True,True,True,deit_s,random_init,7,3,0.17546264564770392,0.43561376669211577,ok,
2008_002212,3,862,0.01717952806122449,<2%,862,2179,47997,0.01795945579932079,52,58,96,95,0.8444444444444444,square,True,True,True,deit_s,random_init,4,4,0.25754060324825984,0.37223151256691467,ok,
2008_002218,3,9601,0.1913464604591837,10-20%,9601,3231,46945,0.20451592288848652,42,110,184,215,0.7412587412587412,square,True,True,True,deit_s,random_init,6,9,0.07197166961774815,0.6314526459524238,ok,
2008_002288,1,10739,0.2140266262755102,20-40%,10739,1693,48483,0.22150031969968856,86,74,223,218,1.0507246376811594,square,True,True,True,deit_s,random_init,8,10,0.13856038737312598,0.5367896334247633,ok,
2008_002411,1,2783,0.05546476403061224,5-10%,2783,3243,46933,0.059297296145569216,119,64,210,159,1.0434782608695652,square,True,True,True,deit_s,random_init,9,7,0.10600071864893999,0.59973121550694,ok,
2008_002536,2,854,0.017020089285714284,<2%,854,2837,47339,0.01804009379158833,62,196,130,223,0.4057971014492754,tall,True,True,True,deit_s,random_init,5,13,0.2903981264637002,0.39407241110363783,ok,
2008_002623,1,4834,0.09634088010204081,5-10%,4834,811,49365,0.0979236301022992,167,0,223,207,3.6491228070175437,wide,True,True,True,deit_s,random_init,12,5,0.06971452213487794,0.4452445540764818,ok,
2008_002681,1,10264,0.20455994897959184,20-40%,10264,1290,48886,0.20995786114634046,44,99,223,194,0.5333333333333333,tall,True,True,True,deit_s,random_init,7,8,0.06040530007794232,0.5487813662019384,ok,
2008_002894,1,9588,0.19108737244897958,10-20%,9588,4264,45912,0.20883429168844747,105,0,223,203,1.7142857142857142,wide,True,True,True,deit_s,random_init,11,4,0.10857321652065081,0.6031764954140437,ok,
2008_002929,1,8179,0.1630062181122449,10-20%,8179,3493,46683,0.1752029646766489,123,5,223,223,2.1683168316831685,wide,True,True,True,deit_s,random_init,11,7,0.12385377185474997,0.5071369014995034,ok,
2008_003034,1,6648,0.13249362244897958,10-20%,6648,2931,47245,0.14071330299502594,161,0,214,223,4.148148148148148,wide,True,True,True,deit_s,random_init,12,6,0.17117930204572804,0.6105895506718817,ok,
2008_003065,1,21493,0.42835220025510207,>=40%,21493,3364,46812,0.45913440998034694,0,24,223,223,0.8928571428571429,square,True,True,True,deit_s,random_init,4,6,0.6321593076815707,0.7938506297556929,ok,
2008_003094,1,931,0.0185546875,<2%,931,3157,47019,0.01980050617835343,133,156,190,190,0.603448275862069,tall,True,True,True,deit_s,random_init,9,10,0.24489795918367346,0.520029031878312,ok,
2008_003333,1,2397,0.047771843112244895,2-5%,2397,4358,45818,0.052315683792396005,61,179,125,223,0.6923076923076923,square,True,True,True,deit_s,random_init,5,12,0.13600333750521484,0.604460741915028,ok,
2008_003333,2,3982,0.07936065051020408,5-10%,3982,4358,45818,0.08690907503601204,86,50,198,189,1.238938053097345,square,True,True,True,deit_s,random_init,9,7,0.06504269211451531,0.5000901294373186,ok,
2008_003333,3,3339,0.06654575892857142,5-10%,3339,4358,45818,0.07287528918765551,52,112,173,176,0.5327868852459017,tall,True,True,True,deit_s,random_init,6,9,0.15064390536088648,0.6293205010643593,ok,
2008_003362,1,3646,0.07266422193877552,5-10%,3646,900,49276,0.07399139540547123,37,116,84,223,2.25,wide,True,True,True,deit_s,random_init,3,10,0.07268239166209545,0.5073309298607913,ok,
2008_003461,4,1737,0.03461814413265306,2-5%,1737,4218,45958,0.03779537838896384,104,171,202,223,0.5353535353535354,tall,True,True,True,deit_s,random_init,9,12,0.08175014392630973,0.29260792211094544,ok,
2008_003477,1,1387,0.027642697704081634,2-5%,1387,3194,46982,0.0295219445745179,81,182,121,223,1.024390243902439,square,True,True,True,deit_s,random_init,6,12,0.1788031723143475,0.4616672976784584,ok,
2008_003500,1,36105,0.7195671237244898,>=40%,36105,1354,48822,0.7395231657859161,0,2,190,215,1.1204188481675392,square,True,True,True,deit_s,random_init,5,6,0.7735770668882426,0.8860387345927565,ok,
2008_003511,3,20150,0.40158641581632654,>=40%,20150,2478,47698,0.4224495785986834,16,101,223,223,0.5913461538461539,tall,True,True,True,deit_s,random_init,8,10,0.24898263027295287,0.6606009747792863,ok,
2008_003523,4,667,0.013293207908163265,<2%,667,4950,45226,0.014748153716888516,188,0,223,39,1.1111111111111112,square,True,True,True,deit_s,random_init,13,1,0.21739130434782608,0.33695924904293684,ok,
2008_003585,1,22713,0.45266661352040816,>=40%,22713,1348,48828,0.4651634308183829,16,0,196,139,0.7734806629834254,square,True,True,True,deit_s,random_init,6,4,0.4620261524237221,0.7480446987125665,ok,
2008_003676,2,5199,0.10361527423469388,10-20%,5199,6046,44130,0.1178110129163834,94,110,223,167,0.4461538461538462,tall,True,True,True,deit_s,random_init,10,8,0.08059242161954222,0.5574546883211066,ok,
2008_003733,3,14169,0.2823860012755102,20-40%,14169,3836,46340,0.30576176089771256,29,31,223,210,0.9230769230769231,square,True,True,True,deit_s,random_init,9,5,0.2878114192956454,0.6843692144915149,ok,
2008_003814,2,3162,0.06301817602040816,5-10%,3162,349,49827,0.06345957011258956,139,0,223,56,0.6705882352941176,square,True,True,True,deit_s,random_init,11,1,0.08412397216951296,0.44066244862426424,ok,
2008_003874,1,13326,0.26558514030612246,20-40%,13326,6456,43720,0.30480329368709974,27,0,223,99,0.5076142131979695,tall,True,True,True,deit_s,random_init,8,3,0.16591625393966683,0.6467636053195179,ok,
2008_003874,2,16767,0.334163743622449,20-40%,16767,6456,43720,0.38350869167429097,11,109,222,223,0.5424528301886793,tall,True,True,True,deit_s,random_init,8,10,0.4954374664519592,0.7461046475123643,ok,
2008_003998,1,43087,0.8587173150510204,>=40%,43087,3138,47038,0.9160040818061992,18,0,223,223,1.087378640776699,square,True,True,True,deit_s,random_init,7,6,0.9129435792698494,0.9458203641091872,ok,
2008_004175,1,6003,0.11963887117346939,10-20%,6003,2308,47868,0.12540737026823764,59,0,131,146,2.0136986301369864,wide,True,True,True,deit_s,random_init,5,3,0.22955189072130602,0.6599584303546003,ok,
2008_004212,1,6958,0.138671875,10-20%,6958,1076,49100,0.14171079429735234,90,62,164,223,2.16,wide,True,True,True,deit_s,random_init,7,8,0.09471112388617418,0.5926163736576644,ok,
2008_004321,5,918,0.01829559948979592,<2%,918,2703,47473,0.019337307522170496,181,0,223,23,0.5581395348837209,tall,True,True,True,deit_s,random_init,12,0,0.3082788671023965,0.550284418056228,ok,
2008_004583,1,15523,0.30937101403061223,20-40%,15523,1270,48906,0.3174048174048174,59,0,161,223,2.174757281553398,wide,True,True,True,deit_s,random_init,6,7,0.2650905108548605,0.7195837655142204,ok,
2008_004588,1,4613,0.09193638392857142,5-10%,4613,591,49585,0.09303216698598367,166,113,221,223,1.9821428571428572,wide,True,True,True,deit_s,random_init,12,11,0.10340342510296986,0.6076719020507401,ok,
2008_004610,1,26015,0.5184749681122449,>=40%,26015,1651,48525,0.5361154044307058,36,0,206,223,1.3099415204678362,square,True,True,True,deit_s,random_init,7,5,0.6118008841053239,0.8246450100823526,ok,
2008_004758,1,6292,0.1253985969387755,10-20%,6292,5947,44229,0.14225960342761537,26,0,209,182,0.9945652173913043,square,True,True,True,deit_s,random_init,8,6,0.14939605848696758,0.5043420417124008,ok,
2008_004776,3,4998,0.099609375,5-10%,4998,2610,47566,0.10507505360972123,146,0,223,97,1.2564102564102564,square,True,True,True,deit_s,random_init,10,2,0.05162064825930372,0.4904080364067824,ok,
2008_004946,1,20966,0.4178491709183674,>=40%,20966,2845,47331,0.44296549829921195,16,0,193,206,1.1629213483146068,square,True,True,True,deit_s,random_init,8,6,0.5545645330535152,0.7436336647447153,ok,
2008_005006,1,6739,0.13430723852040816,10-20%,6739,623,49553,0.13599580247411863,70,51,145,143,1.2236842105263157,square,True,True,True,deit_s,random_init,6,6,0.14393826977296334,0.6534822186974574,ok,
2008_005089,3,787,0.015684789540816327,<2%,787,3307,46869,0.01679148264311165,131,193,171,223,0.7560975609756098,square,True,True,True,deit_s,random_init,9,13,0.30495552731893266,0.5316567271858487,ok,
2008_005197,4,2470,0.04922672193877551,2-5%,2470,4011,46165,0.05350373659698906,27,156,158,209,0.4090909090909091,tall,True,True,True,deit_s,random_init,4,11,0.11538461538461539,0.5627783613656495,ok,
2008_005342,2,10447,0.20820711096938777,20-40%,10447,5677,44499,0.23476932065889122,131,0,223,166,1.7956989247311828,wide,True,True,True,deit_s,random_init,10,4,0.15918445486742605,0.6197057445718224,ok,
2008_005541,1,12939,0.2578722895408163,20-40%,12939,1618,48558,0.26646484616335103,56,0,152,223,2.3092783505154637,wide,True,True,True,deit_s,random_init,7,6,0.15518973645567663,0.6918085086137447,ok,
2008_005600,1,6602,0.13157684948979592,10-20%,6602,3631,46545,0.14184122891825116,53,19,223,111,0.543859649122807,tall,True,True,True,deit_s,random_init,8,5,0.23492880945168132,0.5540982380466446,ok,
2008_005678,1,20911,0.4167530293367347,>=40%,20911,1400,48776,0.42871494177464325,53,35,203,223,1.2516556291390728,square,True,True,True,deit_s,random_init,8,7,0.7047008751374875,0.8246390410379633,ok,
2008_005680,3,4384,0.08737244897959184,5-10%,4384,2472,47704,0.09190005031024652,113,37,223,107,0.6396396396396397,tall,True,True,True,deit_s,random_init,10,4,0.09511861313868614,0.6296871189254194,ok,
2008_005716,1,12762,0.2543447066326531,20-40%,12762,1631,48545,0.2628901019672469,4,2,127,223,1.7903225806451613,wide,True,True,True,deit_s,random_init,4,5,0.2137595988089641,0.5592929987345656,ok,
2008_006008,1,2900,0.05779655612244898,5-10%,2900,4047,46129,0.06286717683019359,158,101,223,196,1.4545454545454546,square,True,True,True,deit_s,random_init,12,9,0.06551724137931035,0.39823487874205826,ok,
2008_006008,4,3851,0.07674984056122448,5-10%,3851,4047,46129,0.08348327516312948,134,17,223,158,1.5777777777777777,wide,True,True,True,deit_s,random_init,9,6,0.2900545312905739,0.5682866925089102,ok,
2008_006063,1,31200,0.6218112244897959,>=40%,31200,2554,47622,0.6551593801184327,0,0,223,223,1.0,square,True,True,True,deit_s,random_init,5,5,0.6616025641025641,0.8597307842251127,ok,
2008_006215,1,23415,0.46665736607142855,>=40%,23415,2127,48049,0.4873150325709172,41,1,196,221,1.4166666666666667,square,True,True,True,deit_s,random_init,7,7,0.5625880845611787,0.8141220705989136,ok,
2008_006221,1,834,0.016621492346938774,<2%,834,2885,47291,0.017635490896787974,65,24,98,60,1.088235294117647,square,True,True,True,deit_s,random_init,4,2,0.28177458033573144,0.43254593583164874,ok,
2008_006254,7,13938,0.2777822066326531,20-40%,13938,9130,41046,0.33957023826925886,62,18,207,212,1.3356164383561644,square,True,True,True,deit_s,random_init,10,8,0.332257138757354,0.6189549138922902,ok,
2008_006275,2,9627,0.19186463647959184,10-20%,9627,4218,45958,0.20947386744418817,43,76,223,161,0.47513812154696133,tall,True,True,True,deit_s,random_init,9,7,0.3033135971746131,0.6897764121905857,ok,
2008_006289,1,673,0.013412786989795918,<2%,673,2737,47439,0.014186639684647652,120,154,164,190,0.8222222222222222,square,True,True,True,deit_s,random_init,9,11,0.28826151560178304,0.45843964873091303,ok,
2008_006289,3,19546,0.38954878826530615,20-40%,19546,2737,47439,0.4120238622230654,0,0,203,187,0.9215686274509803,square,True,True,True,deit_s,random_init,6,3,0.3340836999897677,0.7070534181400255,ok,
2008_007090,1,976,0.0194515306122449,<2%,976,3601,46575,0.020955448201825013,118,0,158,45,1.1219512195121952,square,True,True,True,deit_s,random_init,9,1,0.18032786885245902,0.3742604741805636,ok,
2008_007378,2,3986,0.07944036989795919,5-10%,3986,5550,44626,0.08932012728006095,0,139,118,223,0.7142857142857143,square,True,True,True,deit_s,random_init,2,12,0.09909683893627697,0.4452920334249118,ok,
2008_007402,2,16358,0.3260124362244898,20-40%,16358,3924,46252,0.35367119259707686,0,52,223,160,0.48660714285714285,tall,True,True,True,deit_s,random_init,7,6,0.38439907079105023,0.7117400057850198,ok,
2008_007402,5,950,0.018933354591836735,<2%,950,3924,46252,0.020539652339358297,61,0,143,43,0.5301204819277109,tall,True,True,True,deit_s,random_init,4,1,0.2694736842105263,0.5700939830000746,ok,
2008_007428,2,625,0.012456154336734694,<2%,625,634,49542,0.01261555851600662,162,158,190,188,1.0689655172413792,square,True,True,True,deit_s,random_init,11,10,0.3088,0.321723058328616,ok,
2008_007737,1,1039,0.020707110969387755,2-5%,1039,3078,47098,0.022060384729712515,70,102,159,130,0.32222222222222224,tall,True,True,True,deit_s,random_init,8,7,0.17709335899903753,0.3693344142194935,ok,
2008_007797,1,29813,0.5941685267857143,>=40%,29813,1537,48639,0.6129443450728839,27,35,202,223,1.0738636363636365,square,True,True,True,deit_s,random_init,7,8,0.6981182705531144,0.8063056283907414,ok,
2008_007811,1,20608,0.4107142857142857,>=40%,20608,1198,48978,0.42076034137776147,0,63,223,193,0.5848214285714286,tall,True,True,True,deit_s,random_init,8,7,0.4306579968944099,0.7517944395192417,ok,
2008_008051,1,40136,0.7999043367346939,>=40%,40136,1074,49102,0.8174005132173843,44,0,223,223,1.2444444444444445,square,True,True,True,deit_s,random_init,8,6,0.8107434721945386,0.9015435501341278,ok,
2008_008051,2,7136,0.14221938775510204,10-20%,7136,1074,49102,0.14533012911897683,0,13,43,223,4.795454545454546,wide,True,True,True,deit_s,random_init,1,7,0.24173206278026907,0.6057781945057782,ok,
2008_008193,1,14752,0.2940051020408163,20-40%,14752,3286,46890,0.3146086585625933,29,49,195,223,1.0479041916167664,square,True,True,True,deit_s,random_init,5,8,0.10608731019522777,0.5667118431619637,ok,
2008_008268,3,933,0.018594547193877552,<2%,933,1875,48301,0.01931637026148527,152,179,201,223,0.9,square,True,True,True,deit_s,random_init,11,12,0.2454448017148982,0.33091464218019706,ok,
2008_008362,4,2932,0.0584343112244898,5-10%,2932,4931,45245,0.06480274063432423,93,102,162,175,1.0571428571428572,square,True,True,True,deit_s,random_init,8,8,0.47271487039563437,0.7457946815515796,ok,
2008_008682,2,1939,0.03864397321428571,2-5%,1939,1105,49071,0.039514173340669645,104,67,149,114,1.0434782608695652,square,True,True,True,deit_s,random_init,7,5,0.13357400722021662,0.5257324700336745,ok,
2009_000121,3,2048,0.04081632653061224,2-5%,2048,1999,48177,0.04250991136849534,0,191,73,223,0.44594594594594594,tall,True,True,True,deit_s,random_init,2,13,0.125,0.4722499678269267,ok,
2009_000133,1,4639,0.0924545599489796,5-10%,4639,2438,47738,0.09717625371821191,117,0,187,215,3.0422535211267605,wide,True,True,True,deit_s,random_init,10,6,0.08450097003664583,0.6131716185753011,ok,
2009_000335,3,1608,0.03204719387755102,2-5%,1608,1753,48423,0.03320736013877703,81,0,173,18,0.20430107526881722,tall,True,True,True,deit_s,random_init,8,0,0.15920398009950248,0.5569227505081846,ok,
2009_000409,1,571,0.011379942602040817,<2%,571,1704,48472,0.011779996699125269,125,0,159,32,0.9428571428571428,square,True,True,True,deit_s,random_init,8,0,0.436077057793345,0.5409951504842601,ok,
2009_000426,1,10788,0.2150031887755102,20-40%,10788,1638,48538,0.222258848737072,49,0,166,103,0.8813559322033898,square,True,True,True,deit_s,random_init,6,2,0.19382647385984428,0.6421134375427182,ok,
2009_000469,1,9120,0.18176020408163265,10-20%,9120,6668,43508,0.2096166222303944,25,0,190,176,1.0662650602409638,square,True,True,True,deit_s,random_init,9,5,0.04868421052631579,0.5383818443558575,ok,
2009_000488,2,766,0.01526626275510204,<2%,766,1714,48462,0.015806198671123768,97,97,133,131,0.9459459459459459,square,True,True,True,deit_s,random_init,7,7,0.33159268929503916,0.48038643219422866,ok,
2009_000503,1,2145,0.04274952168367347,2-5%,2145,724,49452,0.04337539432176656,68,42,155,98,0.6477272727272727,tall,True,True,True,deit_s,random_init,6,4,0.16037296037296037,0.534019536128525,ok,
2009_000505,3,3051,0.06080596301020408,5-10%,3051,12503,37673,0.08098638282058769,30,52,137,157,0.9814814814814815,square,True,True,True,deit_s,random_init,6,7,0.1252048508685677,0.7063170987954761,ok,
2009_000573,1,6450,0.12854751275510204,10-20%,6450,6142,44034,0.14647772176045784,53,0,198,223,1.5342465753424657,wide,True,True,True,deit_s,random_init,9,7,0.10124031007751938,0.5714507762376837,ok,
2009_000664,1,4387,0.08743223852040816,5-10%,4387,2627,47549,0.09226271845885298,12,101,171,173,0.45625,tall,True,True,True,deit_s,random_init,5,9,0.11123774789149761,0.4850897515534925,ok,
2009_000675,1,3577,0.0712890625,5-10%,3577,1583,48593,0.07361142551396292,81,39,144,131,1.453125,square,True,True,True,deit_s,random_init,6,5,0.10567514677103718,0.5753918360998516,ok,
2009_000705,1,2317,0.046177455357142856,2-5%,2317,1854,48322,0.047949174289143665,81,80,153,191,1.5342465753424657,wide,True,True,True,deit_s,random_init,6,8,0.0975399223133362,0.4619202223903057,ok,
2009_000712,1,11611,0.23140545280612246,20-40%,11611,1068,49108,0.2364380548994054,94,0,185,160,1.75,wide,True,True,True,deit_s,random_init,8,4,0.3327017483420894,0.6932067485946264,ok,
2009_000727,1,3733,0.07439811862244898,5-10%,3733,3555,46621,0.08007121254370349,65,74,199,216,1.0592592592592593,square,True,True,True,deit_s,random_init,7,9,0.054379855344227165,0.3832944764854587,ok,
2009_000731,1,32454,0.6468032525510204,>=40%,32454,15755,34421,0.9428546526829552,0,0,223,223,1.0,square,True,True,True,deit_s,random_init,6,5,0.9433659949466938,0.9804269034348858,ok,
2009_000931,1,1195,0.023816167091836735,2-5%,1195,1779,48397,0.024691613116515486,54,181,116,223,0.6825396825396826,square,True,True,True,deit_s,random_init,4,12,0.15397489539748954,0.42953691186178683,ok,
2009_001019,4,5976,0.11910076530612244,10-20%,5976,2299,47877,0.12481985086784886,47,21,97,223,3.980392156862745,wide,True,True,True,deit_s,random_init,4,8,0.1209839357429719,0.5140252997422617,ok,
2009_001082,2,21624,0.4309630102040816,>=40%,21624,1618,48558,0.44532311874459407,8,0,203,137,0.7040816326530612,square,True,True,True,deit_s,random_init,6,3,0.4540788013318535,0.7967750490652946,ok,
2009_001104,4,608,0.01211734693877551,<2%,608,2726,47450,0.012813487881981033,61,0,106,19,0.43478260869565216,tall,True,True,True,deit_s,random_init,5,0,0.3963815789473684,0.6351051741263161,ok,
2009_001117,1,8818,0.17574139030612246,10-20%,8818,3083,47093,0.18724651222049987,14,14,143,143,1.0,square,True,True,True,deit_s,random_init,4,4,0.4200498979360399,0.6821405298715592,ok,
2009_001145,1,12718,0.2534677933673469,20-40%,12718,2258,47918,0.26541174506448517,46,2,178,163,1.218045112781955,square,True,True,True,deit_s,random_init,6,5,0.05448969963830791,0.5525804763420725,ok,
2009_001197,1,22736,0.453125,>=40%,22736,1783,48393,0.4698200152914678,57,37,201,223,1.289655172413793,square,True,True,True,deit_s,random_init,8,8,0.5933761435608726,0.7991188832139564,ok,
2009_001205,1,23923,0.47678172831632654,>=40%,23923,1681,48495,0.49330858851427983,19,24,197,197,0.9720670391061452,square,True,True,True,deit_s,random_init,6,7,0.5350081511516114,0.7506432451340245,ok,
2009_001251,1,24421,0.48670679209183676,>=40%,24421,2579,47597,0.5130785553711369,12,1,223,193,0.910377358490566,square,True,True,True,deit_s,random_init,6,6,0.5337209778469351,0.832412318281443,ok,
2009_001253,1,11297,0.22514748086734693,20-40%,11297,2797,47379,0.23843897085206525,26,53,223,170,0.5959595959595959,tall,True,True,True,deit_s,random_init,8,7,0.1154288749225458,0.5913031284938042,ok,
2009_001300,1,5361,0.10684390943877552,10-20%,5361,1005,49171,0.10902767891643449,87,73,164,193,1.5512820512820513,wide,True,True,True,deit_s,random_init,8,9,0.06621898899459056,0.5221189497651578,ok,
2009_001339,1,3718,0.07409917091836735,5-10%,3718,4371,45805,0.08117017792817378,115,54,223,113,0.5504587155963303,tall,True,True,True,deit_s,random_init,11,5,0.10973641742872513,0.5824597580907321,ok,
2009_001388,1,988,0.019690688775510203,<2%,988,344,49832,0.01982661743458019,98,113,127,157,1.5,wide,True,True,True,deit_s,random_init,7,8,0.2591093117408907,0.5494533681822923,ok,
2009_001422,1,13631,0.271663743622449,20-40%,13631,1998,48178,0.2829299680352028,0,37,223,152,0.5178571428571429,tall,True,True,True,deit_s,random_init,7,5,0.17907710366077323,0.6679339925358798,ok,
2009_001443,2,3354,0.06684470663265306,5-10%,3354,1243,48933,0.06854270124455888,138,116,194,207,1.6140350877192982,wide,True,True,True,deit_s,random_init,10,10,0.07811568276684555,0.5684964853788589,ok,
2009_001444,1,31157,0.6209542410714286,>=40%,31157,2559,47617,0.6543251359808472,9,0,223,164,0.7674418604651163,square,True,True,True,deit_s,random_init,7,4,0.6709567673396026,0.8629066815517363,ok,
2009_001481,1,5588,0.11136798469387756,10-20%,5588,8492,41684,0.1340562326072354,46,0,195,180,1.2066666666666668,square,True,True,True,deit_s,random_init,8,5,0.10773085182534002,0.48529142102062117,ok,
2009_001505,2,4923,0.09811463647959184,5-10%,4923,4566,45610,0.10793685595264196,99,65,218,167,0.8583333333333333,square,True,True,True,deit_s,random_init,9,7,0.126955108673573,0.514976941225817,ok,
2009_001514,2,967,0.01927216198979592,<2%,967,4871,45305,0.021344222491998674,164,52,215,94,0.8269230769230769,square,True,True,True,deit_s,random_init,12,4,0.2481902792140641,0.5740468283556017,ok,
2009_001514,4,7120,0.14190051020408162,10-20%,7120,4871,45305,0.157157046683589,8,87,191,219,0.7228260869565217,square,True,True,True,deit_s,random_init,7,9,0.1205056179775281,0.6499040905905455,ok,
2009_001607,1,4469,0.08906648596938775,5-10%,4469,1822,48354,0.09242255035777805,0,73,184,155,0.4486486486486487,tall,True,True,True,deit_s,random_init,5,6,0.23830834638621615,0.6255115100679002,ok,
2009_001690,1,20329,0.4051538584183674,>=40%,20329,1941,48235,0.42145744791126777,2,90,223,223,0.6036036036036037,tall,True,True,True,deit_s,random_init,8,10,0.5432141276009641,0.7741165167002255,ok,
2009_001718,1,11045,0.2201251594387755,20-40%,11045,2725,47451,0.2327664327411435,48,31,223,167,0.7784090909090909,square,True,True,True,deit_s,random_init,8,6,0.0843820733363513,0.5364037896105344,ok,
2009_001768,1,1590,0.03168845663265306,2-5%,1590,4004,46172,0.034436454994368884,0,66,34,144,2.257142857142857,wide,True,True,True,deit_s,random_init,0,6,0.1610062893081761,0.524629513627425,ok,
2009_001775,4,2399,0.04781170280612245,2-5%,2399,3486,46690,0.05138145213107732,158,0,214,58,1.0350877192982457,square,True,True,True,deit_s,random_init,11,1,0.11671529804085036,0.5481056476604175,ok,
2009_001802,1,3515,0.07005341198979592,5-10%,3515,586,49590,0.07088122605363985,83,84,159,140,0.7402597402597403,square,True,True,True,deit_s,random_init,7,7,0.07368421052631578,0.496618203918864,ok,
2009_001961,2,4198,0.0836654974489796,5-10%,4198,3186,46990,0.08933815705469249,54,189,194,223,0.24822695035460993,tall,True,True,True,deit_s,random_init,7,13,0.06098141972367794,0.4680341936879562,ok,
2009_001972,1,5510,0.10981345663265306,10-20%,5510,1271,48905,0.112667416419589,91,22,222,143,0.9242424242424242,square,True,True,True,deit_s,random_init,9,5,0.047912885662431945,0.30561663968030145,ok,
2009_002082,1,4164,0.08298788265306123,5-10%,4164,2552,47624,0.08743490676969595,75,0,155,121,1.5061728395061729,wide,True,True,True,deit_s,random_init,6,3,0.25384245917387127,0.5274034682696425,ok,
2009_002122,1,7632,0.1521045918367347,10-20%,7632,2533,47643,0.16019142371387193,62,65,159,214,1.530612244897959,wide,True,True,True,deit_s,random_init,6,9,0.12277253668763102,0.406911943425661,ok,
2009_002150,1,18556,0.3698182397959184,20-40%,18556,3478,46698,0.397361771382072,18,16,222,198,0.8926829268292683,square,True,True,True,deit_s,random_init,6,6,0.46912050010778183,0.7537247968758404,ok,
2009_002155,1,15577,0.31044722576530615,20-40%,15577,1399,48777,0.31935133362035384,33,0,212,165,0.9222222222222223,square,True,True,True,deit_s,random_init,7,5,0.638056108364897,0.7632443299204013,ok,
2009_002165,2,7420,0.14787946428571427,10-20%,7420,2020,48156,0.15408256499709277,82,29,173,163,1.4673913043478262,square,True,True,True,deit_s,random_init,7,5,0.15161725067385445,0.5283807333999576,ok,
2009_002229,1,20905,0.41663345025510207,>=40%,20905,2989,47187,0.443024561849662,0,41,212,223,0.8591549295774648,square,True,True,True,deit_s,random_init,6,8,0.5446543889021765,0.7857633467861678,ok,
2009_002268,1,11828,0.23573022959183673,20-40%,11828,1621,48555,0.24360004119040263,109,23,223,222,1.7391304347826086,wide,True,True,True,deit_s,random_init,11,8,0.22167737571863375,0.5766122298118895,ok,
2009_002317,1,11955,0.23826132015306123,20-40%,11955,2619,47557,0.25138255146455835,50,0,176,174,1.3779527559055118,square,True,True,True,deit_s,random_init,7,5,0.15407779171894606,0.636899882447431,ok,
2009_002343,5,14537,0.2897201849489796,20-40%,14537,1685,48491,0.2997875894495886,68,0,186,178,1.504201680672269,wide,True,True,True,deit_s,random_init,7,5,0.45201898603563323,0.7370794435676937,ok,
2009_002382,5,868,0.017299107142857144,<2%,868,4870,45306,0.019158610338586502,98,196,168,223,0.39436619718309857,tall,True,True,True,deit_s,random_init,8,13,0.2557603686635945,0.5641200298219906,ok,
2009_002416,2,6672,0.1329719387755102,10-20%,6672,3571,46605,0.14316060508529127,5,32,179,121,0.5142857142857142,tall,True,True,True,deit_s,random_init,5,4,0.040617505995203834,0.4304731914545938,ok,
2009_002487,1,4504,0.0897640306122449,5-10%,4504,6819,43357,0.10388172613418825,121,50,223,165,1.1262135922330097,square,True,True,True,deit_s,random_init,9,6,0.05883658969804618,0.45115646388838415,ok,
2009_002584,2,801,0.015963807397959183,<2%,801,5639,44537,0.017985046141410513,0,71,19,140,3.5,wide,True,True,True,deit_s,random_init,0,6,0.31835205992509363,0.5068832847976132,ok,
2009_002584,3,3831,0.07635124362244898,5-10%,3831,5639,44537,0.08601836675124054,44,27,128,174,1.7411764705882353,wide,True,True,True,deit_s,random_init,5,6,0.06917253980683895,0.5277422251236695,ok,
2009_002618,1,6055,0.12067522321428571,10-20%,6055,671,49505,0.12231087768912231,106,0,223,71,0.6101694915254238,tall,True,True,True,deit_s,random_init,10,1,0.09331131296449216,0.6280996757780941,ok,
2009_002628,1,9545,0.19023038903061223,10-20%,9545,3273,46903,0.2035051062831802,51,60,215,157,0.593939393939394,tall,True,True,True,deit_s,random_init,7,6,0.23761131482451545,0.7076945346772656,ok,
2009_002713,1,27949,0.5570192920918368,>=40%,27949,1775,48401,0.5774467469680379,32,1,183,221,1.4539473684210527,square,True,True,True,deit_s,random_init,6,6,0.667859315181223,0.8303394749920323,ok,
2009_002727,2,1224,0.024394132653061226,2-5%,1224,695,49481,0.024736767648188194,125,133,161,221,2.4054054054054053,wide,True,True,True,deit_s,random_init,9,11,0.1323529411764706,0.379913525218865,ok,
2009_002749,1,14759,0.29414461096938777,20-40%,14759,1886,48290,0.30563263615655417,0,16,223,89,0.33035714285714285,tall,True,True,True,deit_s,random_init,7,3,0.5238159766921878,0.8139257909402003,ok,
2009_002820,1,12303,0.2451969068877551,20-40%,12303,1921,48255,0.2549580354367423,32,50,194,180,0.803680981595092,square,True,True,True,deit_s,random_init,6,7,0.05364545232870032,0.5457293033930773,ok,
2009_002820,2,12931,0.25771285076530615,20-40%,12931,1921,48255,0.267972230856906,0,0,92,223,2.4086021505376345,wide,True,True,True,deit_s,random_init,1,6,0.3963343902250406,0.6681956022275576,ok,
2009_002912,1,901,0.017956792091836735,<2%,901,1841,48335,0.018640736526326678,90,13,121,66,1.6875,wide,True,True,True,deit_s,random_init,6,2,0.33074361820199777,0.6597564870898696,ok,
2009_002932,3,823,0.016402264030612245,<2%,823,5245,44931,0.0183169749170951,119,0,155,22,0.6216216216216216,tall,True,True,True,deit_s,random_init,8,0,0.3110571081409477,0.5210108437439368,ok,
2009_002936,1,6013,0.11983816964285714,10-20%,6013,1045,49131,0.12238708758217826,43,76,200,150,0.47468354430379744,tall,True,True,True,deit_s,random_init,7,6,0.20256111757857975,0.6894655458148296,ok,
2009_002984,2,3994,0.07959980867346939,5-10%,3994,1985,48191,0.08287854578655765,60,154,128,223,1.0144927536231885,square,True,True,True,deit_s,random_init,5,11,0.46945418127190786,0.712021292208817,ok,
2009_003059,2,13640,0.27184311224489793,20-40%,13640,3931,46245,0.2949508054924857,57,0,223,130,0.7844311377245509,square,True,True,True,deit_s,random_init,8,3,0.3468475073313783,0.547941040309567,ok,
2009_003063,2,740,0.014748086734693877,<2%,740,1212,48964,0.01511314435095172,124,123,159,171,1.3611111111111112,square,True,True,True,deit_s,random_init,8,9,0.21756756756756757,0.2756769837487726,ok,
2009_003105,1,14817,0.29530054209183676,20-40%,14817,1337,48839,0.3033845901840742,45,0,159,202,1.7652173913043478,wide,True,True,True,deit_s,random_init,6,6,0.4393601943713302,0.7724339929185635,ok,
2009_003146,1,6456,0.1286670918367347,10-20%,6456,3239,46937,0.13754607239491232,66,13,147,183,2.0853658536585367,wide,True,True,True,deit_s,random_init,5,5,0.1336741016109046,0.5076680900475484,ok,
2009_003224,1,5532,0.11025191326530612,10-20%,5532,7810,42366,0.13057640560827077,17,0,213,202,1.0304568527918783,square,True,True,True,deit_s,random_init,8,7,0.05911062906724512,0.40919260884199943,ok,
2009_003273,1,26219,0.5225406568877551,>=40%,26219,2900,47276,0.554594297317878,31,0,222,183,0.9583333333333334,square,True,True,True,deit_s,random_init,8,5,0.45150463404401386,0.7590641408866523,ok,
2009_003387,3,527,0.010503029336734694,<2%,527,1719,48457,0.01087562168520544,33,32,52,58,1.35,square,True,True,True,deit_s,random_init,2,2,0.43263757115749524,0.5881732441538551,ok,
2009_003481,3,2519,0.05020328443877551,5-10%,2519,3378,46798,0.05382708662763366,75,48,121,184,2.9148936170212765,wide,True,True,True,deit_s,random_init,6,8,0.10400952759031362,0.5029917069357386,ok,
2009_003522,2,954,0.019013073979591837,<2%,954,2347,47829,0.01994605783102302,60,78,89,118,1.3666666666666667,square,True,True,True,deit_s,random_init,4,6,0.2672955974842767,0.5130021350051747,ok,
2009_003551,1,10838,0.21599968112244897,20-40%,10838,1371,48805,0.22206741112590922,68,80,193,213,1.0634920634920635,square,True,True,True,deit_s,random_init,7,8,0.2537368518176785,0.7359896598456936,ok,
2009_003666,5,838,0.01670121173469388,<2%,838,3109,47067,0.017804406484373342,67,126,109,175,1.1627906976744187,square,True,True,True,deit_s,random_init,5,9,0.23389021479713604,0.44214843529041764,ok,
2009_003736,1,6972,0.13895089285714285,10-20%,6972,1057,49119,0.14194100042753313,40,147,222,223,0.4207650273224044,tall,True,True,True,deit_s,random_init,8,12,0.20037292025243833,0.5894117929563476,ok,
2009_003773,1,25279,0.5038066007653061,>=40%,25279,6015,44161,0.5724281605941894,2,53,223,223,0.7702702702702703,square,True,True,True,deit_s,random_init,7,9,0.4598678745203529,0.7849425676259014,ok,
2009_003895,3,1186,0.023636798469387755,2-5%,1186,2867,47309,0.025069225728719693,0,54,17,119,3.6666666666666665,wide,True,True,True,deit_s,random_init,0,5,0.21585160202360876,0.6320550933058985,ok,
2009_003928,1,7575,0.1509685905612245,10-20%,7575,1095,49081,0.1543367087060166,91,67,200,183,1.0636363636363637,square,True,True,True,deit_s,random_init,9,7,0.10283828382838284,0.6207630008876786,ok,
2009_004043,2,5809,0.11577248086734694,10-20%,5809,3206,46970,0.12367468596976794,36,62,160,165,0.832,square,True,True,True,deit_s,random_init,5,6,0.04665174728868996,0.531840276477668,ok,
2009_004099,1,1590,0.03168845663265306,2-5%,1590,1168,49008,0.03244368266405485,60,68,126,118,0.7611940298507462,square,True,True,True,deit_s,random_init,6,6,0.1610062893081761,0.31883393128517334,ok,
2009_004105,2,2423,0.04829001913265306,2-5%,2423,3728,46448,0.052165862900447814,0,0,135,69,0.5147058823529411,tall,True,True,True,deit_s,random_init,1,1,0.2261659100288898,0.5155140060636348,ok,
2009_004171,1,684,0.01363201530612245,<2%,684,3527,46649,0.014662693734056464,127,194,177,223,0.5882352941176471,tall,True,True,True,deit_s,random_init,8,13,0.3538011695906433,0.5499927109765129,ok,
2009_004171,3,2705,0.05391023596938776,5-10%,2705,3527,46649,0.057986237647109265,61,61,119,132,1.2203389830508475,square,True,True,True,deit_s,random_init,5,6,0.09796672828096119,0.5386118371400282,ok,
2009_004180,1,6524,0.13002232142857142,10-20%,6524,2436,47740,0.13665689149560117,117,74,171,223,2.727272727272727,wide,True,True,True,deit_s,random_init,8,9,0.22562844880441446,0.7178264224539651,ok,
2009_004186,1,17683,0.3524194834183674,20-40%,17683,2406,47770,0.37016956248691646,51,17,203,200,1.2026143790849673,square,True,True,True,deit_s,random_init,6,7,0.1940281626420856,0.5810259738646071,ok,
2009_004213,1,12375,0.24663185586734693,20-40%,12375,1463,48713,0.2540389629051793,54,42,170,170,1.1025641025641026,square,True,True,True,deit_s,random_init,7,6,0.37656565656565655,0.6966620663159144,ok,
2009_004221,1,6213,0.12382413903061225,10-20%,6213,1972,48204,0.12888971869554394,4,121,207,195,0.36764705882352944,tall,True,True,True,deit_s,random_init,5,9,0.1413165942378883,0.600706711719188,ok,
2009_004228,1,13797,0.2749720982142857,20-40%,13797,3168,47008,0.29350323349217156,142,0,222,212,2.6296296296296298,wide,True,True,True,deit_s,random_init,11,6,0.2506341958396753,0.6516355047308932,ok,
2009_004228,3,6116,0.12189094387755102,10-20%,6116,3168,47008,0.13010551395507147,48,45,147,156,1.12,square,True,True,True,deit_s,random_init,6,6,0.09221713538260301,0.5552477804283374,ok,
2009_004301,1,3504,0.06983418367346939,5-10%,3504,10004,40172,0.08722493278900727,45,97,178,158,0.4626865671641791,tall,True,True,True,deit_s,random_init,6,8,0.24771689497716895,0.6560861844851377,ok,
2009_004327,1,22418,0.4467873086734694,>=40%,22418,1437,48739,0.4599601961468229,53,0,184,223,1.696969696969697,wide,True,True,True,deit_s,random_init,7,6,0.5063788027477919,0.8331288856635556,ok,
2009_004464,1,22693,0.4522680165816326,>=40%,22693,1499,48677,0.4661955338250098,53,24,199,223,1.3605442176870748,square,True,True,True,deit_s,random_init,7,8,0.43383422200678623,0.7421290881967477,ok,
2009_004509,1,1727,0.03441884566326531,2-5%,1727,1410,48766,0.03541401796333511,97,82,190,128,0.5,tall,True,True,True,deit_s,random_init,8,6,0.09322524609148813,0.3527210433931512,ok,
2009_004539,1,10430,0.20786830357142858,20-40%,10430,3014,47162,0.221152622874348,16,43,214,194,0.7638190954773869,square,True,True,True,deit_s,random_init,8,6,0.18983700862895495,0.6581662859630129,ok,
2009_004626,1,8640,0.17219387755102042,10-20%,8640,5416,44760,0.19302949061662197,17,3,174,211,1.3227848101265822,square,True,True,True,deit_s,random_init,6,7,0.2662037037037037,0.48564157553726334,ok,
2009_004789,1,25881,0.5158043686224489,>=40%,25881,1977,48199,0.5369613477458038,41,0,204,223,1.3658536585365855,square,True,True,True,deit_s,random_init,7,8,0.7104439550249217,0.8503108054058943,ok,
2009_004789,2,6125,0.1220703125,10-20%,6125,1977,48199,0.1270773252557107,45,0,184,101,0.7285714285714285,square,True,True,True,deit_s,random_init,5,2,0.07395918367346939,0.5395904478445641,ok,
2009_004790,1,17232,0.3434311224489796,20-40%,17232,2096,48080,0.3584026622296173,5,60,223,196,0.6255707762557078,tall,True,True,True,deit_s,random_init,7,7,0.1854108635097493,0.6306062325123338,ok,
2009_004829,1,27411,0.5462970344387755,>=40%,27411,1683,48493,0.5652568411935743,23,16,203,199,1.0165745856353592,square,True,True,True,deit_s,random_init,7,6,0.5478457553536902,0.8128704933746352,ok,
2009_004848,2,4107,0.08185188137755102,5-10%,4107,4760,45416,0.09043068522106747,24,76,193,147,0.4235294117647059,tall,True,True,True,deit_s,random_init,5,7,0.06306306306306306,0.5415339353090118,ok,
2009_004867,1,27127,0.5406369579081632,>=40%,27127,1305,48871,0.5550735610075505,37,0,189,223,1.4640522875816993,square,True,True,True,deit_s,random_init,6,7,0.626055221734803,0.795348710807215,ok,
2009_004890,1,953,0.018993144132653062,<2%,953,4058,46118,0.020664382670540788,149,0,222,27,0.3783783783783784,tall,True,True,True,deit_s,random_init,12,0,0.30220356768100737,0.6345566890228996,ok,
2009_004901,1,3004,0.059869260204081634,5-10%,3004,2007,48169,0.06236376092507629,90,8,125,166,4.416666666666667,wide,True,True,True,deit_s,random_init,6,4,0.08821571238348869,0.5677454235826429,ok,
2009_004939,2,22232,0.44308035714285715,>=40%,22232,4991,45185,0.49202168861347795,30,1,223,223,1.1494845360824741,square,True,True,True,deit_s,random_init,9,9,0.48942965095358043,0.624763532680081,ok,
2009_004994,1,12737,0.2538464604591837,20-40%,12737,2483,47693,0.2670622523221437,63,92,222,198,0.66875,square,True,True,True,deit_s,random_init,9,9,0.29590955484022924,0.6245650528236821,ok,
2009_005000,1,24721,0.4926857461734694,>=40%,24721,4826,45350,0.5451157662624035,0,29,223,179,0.6741071428571429,square,True,True,True,deit_s,random_init,8,6,0.6029691355527689,0.8519932177287419,ok,
2009_005085,1,21223,0.4229711415816326,>=40%,21223,2196,47980,0.44233013755731554,77,23,221,223,1.3862068965517242,square,True,True,True,deit_s,random_init,9,8,0.40079159402534986,0.7295508979360903,ok,
2009_005087,2,1659,0.03306361607142857,2-5%,1659,4231,45945,0.03610839046686255,26,41,150,117,0.616,tall,True,True,True,deit_s,random_init,6,4,0.11693791440626884,0.47908116793254246,ok,
2009_005160,1,20642,0.4113919005102041,>=40%,20642,2293,47883,0.4310924545245703,7,0,223,138,0.6405529953917051,tall,True,True,True,deit_s,random_init,7,3,0.6290572618932274,0.8446350759920936,ok,
2009_005287,1,15710,0.31309789540816324,20-40%,15710,1975,48201,0.3259268479907056,75,0,174,223,2.24,wide,True,True,True,deit_s,random_init,7,7,0.39159770846594527,0.7361477193517397,ok,
2010_000148,3,3901,0.07774633290816327,5-10%,3901,2754,47422,0.08226139766353169,72,0,223,49,0.32894736842105265,tall,True,True,True,deit_s,random_init,8,1,0.113560625480646,0.5686506028442897,ok,
2010_000160,1,37878,0.7549027423469388,>=40%,37878,3546,46630,0.8123096718850525,16,0,219,223,1.0980392156862746,square,True,True,True,deit_s,random_init,7,7,0.818918633507577,0.9537232478510419,ok,
2010_000160,2,931,0.0185546875,<2%,931,3546,46630,0.019965687325755953,20,0,67,50,1.0625,square,True,True,True,deit_s,random_init,3,1,0.18045112781954886,0.43787877361373756,ok,
2010_000174,1,6658,0.13269292091836735,10-20%,6658,3240,46936,0.14185273564002046,186,0,223,223,5.894736842105263,wide,True,True,True,deit_s,random_init,13,6,0.18338840492640432,0.616696581988308,ok,
2010_000256,1,14579,0.29055723852040816,20-40%,14579,2633,47543,0.30664871800265026,40,0,168,223,1.7364341085271318,wide,True,True,True,deit_s,random_init,5,4,0.4392619521229165,0.7672035802163806,ok,
2010_000272,1,13790,0.2748325892857143,20-40%,13790,2547,47629,0.2895294883369376,37,0,124,223,2.5454545454545454,wide,True,True,True,deit_s,random_init,5,7,0.018564176939811456,0.4124490782791446,ok,
2010_000437,1,10501,0.20928332270408162,20-40%,10501,3817,46359,0.22651480834357945,77,0,187,223,2.018018018018018,wide,True,True,True,deit_s,random_init,8,8,0.2904485287115513,0.734798747207899,ok,
2010_000503,2,3958,0.07888233418367346,5-10%,3958,2553,47623,0.08311110177855238,93,38,223,83,0.3511450381679389,tall,True,True,True,deit_s,random_init,10,3,0.14375947448206164,0.6074028527962114,ok,
2010_000503,3,4212,0.08394451530612244,5-10%,4212,2553,47623,0.08844465909329526,85,111,223,153,0.30935251798561153,tall,True,True,True,deit_s,random_init,9,8,0.16120607787274455,0.6057647546248677,ok,
2010_000622,1,5919,0.11796476403061225,10-20%,5919,1142,49034,0.12071215891014399,87,0,148,175,2.838709677419355,wide,True,True,True,deit_s,random_init,7,5,0.04325054907923636,0.32951663671127857,ok,
2010_000632,1,825,0.016442123724489797,<2%,825,1086,49090,0.016805866775310655,54,49,120,88,0.5970149253731343,tall,True,True,True,deit_s,random_init,5,4,0.2739393939393939,0.44207135404758724,ok,
2010_000666,1,9632,0.19196428571428573,10-20%,9632,4058,46118,0.20885554447287394,51,0,198,200,1.3581081081081081,square,True,True,True,deit_s,random_init,7,6,0.07070182724252491,0.43464506251731594,ok,
2010_000666,2,1820,0.03627232142857143,2-5%,1820,4058,46118,0.03946398369400234,22,72,110,128,0.6404494382022472,tall,True,True,True,deit_s,random_init,3,6,0.13846153846153847,0.3490711921794124,ok,
2010_000675,1,29586,0.5896444515306123,>=40%,29586,1748,48428,0.6109275625671099,0,0,223,184,0.8258928571428571,square,True,True,True,deit_s,random_init,7,6,0.8065639153653755,0.9386273530808296,ok,
2010_000738,2,787,0.015684789540816327,<2%,787,2387,47789,0.01646822490531294,73,187,106,217,0.9117647058823529,square,True,True,True,deit_s,random_init,5,12,0.3087674714104193,0.4320566307261793,ok,
2010_000874,2,22189,0.4422233737244898,>=40%,22189,4644,45532,0.4873275937801985,4,71,223,223,0.6954545454545454,square,True,True,True,deit_s,random_init,6,9,0.5106584343593673,0.7754191544729908,ok,
2010_000952,1,22031,0.43907445790816324,>=40%,22031,1672,48504,0.4542099620649843,35,0,181,223,1.5238095238095237,wide,True,True,True,deit_s,random_init,6,7,0.4166855794108302,0.7138436758496408,ok,
2010_000986,1,1577,0.03142936862244898,2-5%,1577,1276,48900,0.03224948875255624,59,133,94,223,2.5277777777777777,wide,True,True,True,deit_s,random_init,5,11,0.10526315789473684,0.3902129641098461,ok,
2010_001024,3,991,0.01975047831632653,<2%,991,5084,45092,0.021977290871995032,13,94,87,124,0.41333333333333333,tall,True,True,True,deit_s,random_init,2,6,0.25529767911200807,0.5408991535889037,ok,
2010_001120,2,6030,0.12017697704081633,10-20%,6030,5835,44341,0.1359915202634131,86,0,223,92,0.6739130434782609,square,True,True,True,deit_s,random_init,11,3,0.0747927031509121,0.5263340473409833,ok,
2010_001131,2,21746,0.43339445153061223,>=40%,21746,3164,47012,0.4625627499361865,0,1,172,173,1.0,square,True,True,True,deit_s,random_init,5,5,0.4143290720132438,0.7790681693734164,ok,
2010_001246,4,915,0.01823580994897959,<2%,915,1652,48524,0.01885664825653285,97,72,135,109,0.9743589743589743,square,True,True,True,deit_s,random_init,7,5,0.2797814207650273,0.5356274013431083,ok,
2010_001247,1,864,0.01721938775510204,<2%,864,1674,48502,0.017813698404189518,22,57,69,99,0.8958333333333334,square,True,True,True,deit_s,random_init,2,4,0.19328703703703703,0.3899027913990971,ok,
2010_001247,4,1373,0.027363679846938774,2-5%,1373,1674,48502,0.02830811100573172,108,56,165,105,0.8620689655172413,square,True,True,True,deit_s,random_init,8,4,0.1864530225782957,0.5268795918655331,ok,
2010_001279,1,2753,0.05486686862244898,5-10%,2753,3005,47171,0.058362129274342284,108,132,190,223,1.108433734939759,square,True,True,True,deit_s,random_init,9,11,0.09625862695241555,0.5027463314191013,ok,
2010_001282,1,5113,0.10190130739795919,10-20%,5113,1173,49003,0.10434055057853601,63,117,222,223,0.66875,square,True,True,True,deit_s,random_init,6,11,0.057500488949735966,0.4558280247932829,ok,
2010_001367,1,3463,0.0690170599489796,5-10%,3463,4689,45487,0.07613164200760657,49,54,206,208,0.9810126582278481,square,True,True,True,deit_s,random_init,6,6,0.10799884493213976,0.5792100389317607,ok,
2010_001367,3,14281,0.2846181441326531,20-40%,14281,4689,45487,0.313957834106448,0,121,221,223,0.46396396396396394,tall,True,True,True,deit_s,random_init,6,11,0.44590714935928855,0.600966616132368,ok,
2010_001403,2,845,0.016840720663265307,<2%,845,1493,48683,0.017357188340899287,135,0,194,19,0.3333333333333333,tall,True,True,True,deit_s,random_init,10,0,0.30650887573964497,0.577380346729824,ok,
2010_001514,3,4988,0.09941007653061225,5-10%,4988,7581,42595,0.11710294635520602,0,0,69,113,1.6285714285714286,wide,True,True,True,deit_s,random_init,1,3,0.05593424218123497,0.6187106311636191,ok,
2010_001522,1,10292,0.20511798469387754,20-40%,10292,3495,46681,0.22047513977849661,81,0,187,213,2.0,wide,True,True,True,deit_s,random_init,8,6,0.581033812670035,0.6197423443981492,ok,
2010_001576,1,39361,0.7844587053571429,>=40%,39361,702,49474,0.7955896026195578,30,0,223,223,1.1546391752577319,square,True,True,True,deit_s,random_init,8,6,0.8727674601763167,0.9517569359644226,ok,
2010_001579,1,16761,0.3340441645408163,20-40%,16761,3462,46714,0.3588003596352271,142,0,222,223,2.765432098765432,wide,True,True,True,deit_s,random_init,11,7,0.6506771672334586,0.7844729710190937,ok,
2010_001579,2,10936,0.21795280612244897,20-40%,10936,3462,46714,0.23410540737252217,2,0,150,129,0.87248322147651,square,True,True,True,deit_s,random_init,5,4,0.15746159473299196,0.6064226365031331,ok,
2010_001590,1,33632,0.670280612244898,>=40%,33632,2289,47887,0.7023200451061875,19,0,213,223,1.1487179487179486,square,True,True,True,deit_s,random_init,7,6,0.7717352521408183,0.8962689220047259,ok,
2010_001619,3,1989,0.03964046556122449,2-5%,1989,3633,46543,0.042734675461401285,123,12,219,52,0.422680412371134,tall,True,True,True,deit_s,random_init,10,1,0.14077425842131724,0.5871988201492803,ok,
2010_001807,1,686,0.013671875,<2%,686,2946,47230,0.014524666525513446,192,93,214,135,1.8695652173913044,wide,True,True,True,deit_s,random_init,12,7,0.37317784256559766,0.6265762598603708,ok,
2010_001850,2,1581,0.03150908801020408,2-5%,1581,4228,45948,0.034408461739357535,113,3,185,51,0.6712328767123288,square,True,True,True,deit_s,random_init,9,1,0.15370018975332067,0.5007899658864772,ok,
2010_001850,3,3287,0.0655094068877551,5-10%,3287,4228,45948,0.07153739009314877,7,203,223,223,0.0967741935483871,tall,True,True,True,deit_s,random_init,7,13,0.15363553392150897,0.6482033888601081,ok,
2010_001852,1,9352,0.18638392857142858,10-20%,9352,2347,47829,0.1955299086328378,21,144,214,223,0.41237113402061853,tall,True,True,True,deit_s,random_init,8,11,0.14766894781864842,0.5833728414014011,ok,
2010_002018,7,996,0.01985012755102041,<2%,996,4231,45945,0.02167809337251061,27,35,92,66,0.48484848484848486,tall,True,True,True,deit_s,random_init,3,3,0.21887550200803213,0.5309390506141913,ok,
2010_002020,1,27556,0.549186862244898,>=40%,27556,10473,39703,0.6940533460947536,0,8,223,204,0.8794642857142857,square,True,True,True,deit_s,random_init,7,6,0.7239802583829293,0.9087456787929011,ok,
2010_002032,6,3458,0.06891741071428571,5-10%,3458,3388,46788,0.0739078396169958,121,14,199,149,1.7215189873417722,wide,True,True,True,deit_s,random_init,8,4,0.07403123192596876,0.4043642894547924,ok,
2010_002039,2,1986,0.03958067602040816,2-5%,1986,4307,45869,0.04329721598465194,103,104,170,150,0.6911764705882353,square,True,True,True,deit_s,random_init,8,8,0.15256797583081572,0.5406689861147622,ok,
2010_002039,4,846,0.01686065051020408,<2%,846,4307,45869,0.018443829165667443,116,193,163,223,0.6458333333333334,tall,True,True,True,deit_s,random_init,8,12,0.2706855791962175,0.5654323208951056,ok,
2010_002039,11,992,0.019770408163265307,<2%,992,4307,45869,0.021626806775818092,56,177,117,219,0.6935483870967742,square,True,True,True,deit_s,random_init,5,12,0.25100806451612906,0.4900706095624824,ok,
2010_002147,1,14582,0.29061702806122447,20-40%,14582,2576,47600,0.30634453781512605,21,0,191,223,1.3099415204678362,square,True,True,True,deit_s,random_init,7,6,0.6441503223151831,0.8122403443814249,ok,
2010_002251,1,9173,0.18281648596938777,10-20%,9173,3830,46346,0.19792430846243472,100,0,223,173,1.403225806451613,square,True,True,True,deit_s,random_init,10,5,0.1433554998364766,0.49827690659955026,ok,
2010_002305,1,12461,0.24834582270408162,20-40%,12461,37715,12461,1.0,100,0,185,215,2.511627906976744,wide,True,True,True,deit_s,random_init,8,6,1.0,1.0,ok,
2010_002310,1,5270,0.10503029336734694,10-20%,5270,1658,48518,0.10861948142957253,84,2,158,223,2.96,wide,True,True,True,deit_s,random_init,7,6,0.25161290322580643,0.5572825541981209,ok,
2010_002336,3,3018,0.06014827806122449,5-10%,3018,5008,45168,0.06681721572794899,57,0,209,91,0.6013071895424836,tall,True,True,True,deit_s,random_init,7,3,0.1487740225314778,0.6226354189676534,ok,
2010_002338,1,12063,0.24041374362244897,20-40%,12063,1794,48382,0.24932826257699145,76,0,181,203,1.9245283018867925,wide,True,True,True,deit_s,random_init,7,4,0.10121860233772693,0.6236525811788163,ok,
2010_002348,1,31292,0.6236447704081632,>=40%,31292,2640,47536,0.658280040390441,2,3,223,223,0.9954954954954955,square,True,True,True,deit_s,random_init,6,7,0.7583727470279944,0.8746162439988963,ok,
2010_002396,2,7112,0.14174107142857142,10-20%,7112,3380,46796,0.15197880160697497,81,34,223,155,0.8531468531468531,square,True,True,True,deit_s,random_init,9,6,0.0359955005624297,0.3436009241290205,ok,
2010_002455,1,13690,0.27283960459183676,20-40%,13690,17160,33016,0.41464744366367823,2,127,221,203,0.35,tall,True,True,True,deit_s,random_init,7,10,0.21446311176040905,0.7519302850998293,ok,
2010_002527,2,17816,0.35507015306122447,20-40%,17816,1854,48322,0.3686933487852324,0,27,156,223,1.2547770700636942,square,True,True,True,deit_s,random_init,4,9,0.604344409519533,0.768456862586953,ok,
2010_002570,2,21218,0.42287149234693877,>=40%,21218,2721,47455,0.4471183226214308,0,0,186,223,1.1978609625668448,square,True,True,True,deit_s,random_init,6,8,0.4735130549533415,0.6903206606290518,ok,
2010_002659,2,9661,0.1925422512755102,10-20%,9661,3911,46265,0.20881876148276235,1,0,93,128,1.3870967741935485,square,True,True,True,deit_s,random_init,2,3,0.03643515164061691,0.5320765988031646,ok,
2010_002720,4,902,0.01797672193877551,<2%,902,5285,44891,0.020093114432737074,53,0,122,29,0.42857142857142855,tall,True,True,True,deit_s,random_init,5,0,0.25942350332594233,0.6125132640288484,ok,
2010_002763,5,6652,0.1325733418367347,10-20%,6652,5487,44689,0.1488509476604981,42,35,153,142,0.9642857142857143,square,True,True,True,deit_s,random_init,6,4,0.17333132892363198,0.694410963263642,ok,
2010_002921,2,670,0.013352997448979591,<2%,670,3067,47109,0.014222335434842599,177,0,221,30,0.6888888888888889,square,True,True,True,deit_s,random_init,12,0,0.1925373134328358,0.3174415381334948,ok,
2010_002921,3,2759,0.054986447704081634,5-10%,2759,3067,47109,0.05856630367870258,105,118,161,172,0.9649122807017544,square,True,True,True,deit_s,random_init,8,9,0.15041681768756796,0.5952703853205689,ok,
2010_002929,7,871,0.01735889668367347,<2%,871,4244,45932,0.018962814595488982,46,121,90,156,0.8,square,True,True,True,deit_s,random_init,4,8,0.2939150401836969,0.5992104304527042,ok,
2010_002988,3,1727,0.03441884566326531,2-5%,1727,1545,48631,0.035512327527708665,106,13,151,90,1.6956521739130435,wide,True,True,True,deit_s,random_init,7,2,0.14186450492182975,0.5634861958233679,ok,
2010_003010,1,3324,0.06624681122448979,5-10%,3324,3547,46629,0.07128610950267002,110,160,198,223,0.7191011235955056,square,True,True,True,deit_s,random_init,9,12,0.09807460890493382,0.5145144089340404,ok,
2010_003060,1,20781,0.41416214923469385,>=40%,20781,1978,48198,0.43115896925183617,0,0,223,155,0.6964285714285714,square,True,True,True,deit_s,random_init,6,5,0.28978393725037294,0.7373809072228162,ok,
2010_003123,3,29922,0.5963408801020408,>=40%,29922,1003,49173,0.6085046671954121,73,0,223,223,1.4834437086092715,square,True,True,True,deit_s,random_init,9,6,0.4609985963505113,0.6838705900176137,ok,
2010_003157,2,2304,0.04591836734693878,2-5%,2304,3415,46761,0.04927182908834285,62,35,191,118,0.6461538461538462,tall,True,True,True,deit_s,random_init,7,3,0.09765625,0.3094922621822031,ok,
2010_003168,1,4650,0.09267378826530612,5-10%,4650,1778,48398,0.09607835034505557,37,0,114,131,1.6923076923076923,wide,True,True,True,deit_s,random_init,4,4,0.16774193548387098,0.6016598394527658,ok,
2010_003187,1,24164,0.48158482142857145,>=40%,24164,1011,49165,0.49148784704566256,0,0,130,223,1.7099236641221374,wide,True,True,True,deit_s,random_init,3,7,0.4983032610494951,0.748007394061347,ok,
2010_003203,2,622,0.012396364795918368,<2%,622,3108,47068,0.01321492308999745,169,0,189,31,1.5238095238095237,wide,True,True,True,deit_s,random_init,11,0,0.3536977491961415,0.5970166302882006,ok,
2010_003203,5,2788,0.055564413265306124,5-10%,2788,3108,47068,0.059233449477351915,42,156,133,223,0.7391304347826086,square,True,True,True,deit_s,random_init,6,12,0.19225251076040173,0.6604541658640879,ok,
2010_003380,1,31256,0.6229272959183674,>=40%,31256,3634,46542,0.6715654677495595,0,0,223,209,0.9375,square,True,True,True,deit_s,random_init,7,6,0.8495648835423598,0.9267124077286413,ok,
2010_003381,1,30326,0.6043925382653061,>=40%,30326,2561,47615,0.6369001365116035,62,0,222,223,1.391304347826087,square,True,True,True,deit_s,random_init,9,6,0.5743586361537955,0.8402238675314514,ok,
2010_003409,2,1768,0.035235969387755105,2-5%,1768,2166,48010,0.036825661320558215,102,102,200,138,0.37373737373737376,tall,True,True,True,deit_s,random_init,9,7,0.17138009049773756,0.566986347700904,ok,
2010_003418,1,4310,0.08589764030612244,5-10%,4310,1113,49063,0.08784623850967124,20,61,156,151,0.6642335766423357,tall,True,True,True,deit_s,random_init,6,6,0.23851508120649653,0.6140414384752453,ok,
2010_003453,1,33276,0.6631855867346939,>=40%,33276,1941,48235,0.6898724992225562,31,0,215,223,1.2108108108108109,square,True,True,True,deit_s,random_init,7,7,0.6961173217934848,0.8691868499446841,ok,
2010_003495,1,9836,0.19602997448979592,10-20%,9836,2771,47405,0.2074886615335935,6,0,193,223,1.1914893617021276,square,True,True,True,deit_s,random_init,6,7,0.032126880845872306,0.4882558107046716,ok,
2010_003531,5,734,0.014628507653061224,<2%,734,5572,44604,0.016455923235584254,132,2,221,30,0.32222222222222224,tall,True,True,True,deit_s,random_init,9,0,0.2438692098092643,0.30456406899211025,ok,
2010_003531,8,800,0.01594387755102041,<2%,800,5572,44604,0.01793561115595014,136,192,164,223,1.103448275862069,square,True,True,True,deit_s,random_init,9,13,0.32125,0.4355632286358562,ok,
2010_003532,1,19587,0.3903659119897959,20-40%,19587,3941,46235,0.42364009949172704,14,6,215,218,1.0544554455445545,square,True,True,True,deit_s,random_init,5,7,0.6181651095114107,0.8136284564998385,ok,
2010_003597,4,937,0.018674266581632654,<2%,937,4517,45659,0.02052169342298342,108,183,221,223,0.35964912280701755,tall,True,True,True,deit_s,random_init,7,13,0.27321237993596587,0.5379778342555629,ok,
2010_003597,9,1168,0.023278061224489797,2-5%,1168,4517,45659,0.025580936945618606,83,81,137,113,0.6,tall,True,True,True,deit_s,random_init,6,6,0.20976027397260275,0.5511551174175566,ok,
2010_003680,1,8650,0.17239317602040816,10-20%,8650,1917,48259,0.1792411778113927,25,47,187,187,0.8650306748466258,square,True,True,True,deit_s,random_init,6,8,0.15872832369942197,0.4826983594170812,ok,
2010_003746,2,2022,0.04029815051020408,2-5%,2022,4460,45716,0.04422959139032286,14,0,67,81,1.5185185185185186,wide,True,True,True,deit_s,random_init,2,1,0.12759643916913946,0.5082324582545757,ok,
2010_003746,3,4040,0.08051658163265306,5-10%,4040,4460,45716,0.08837168606177269,0,90,171,223,0.7790697674418605,square,True,True,True,deit_s,random_init,1,12,0.09900990099009901,0.5235898947956319,ok,
2010_003764,1,16056,0.3199936224489796,20-40%,16056,2181,47995,0.3345348473799354,23,46,170,223,1.2027027027027026,square,True,True,True,deit_s,random_init,5,8,0.28244892874937716,0.7417103872204069,ok,
2010_003884,2,4341,0.08651546556122448,5-10%,4341,3805,46371,0.09361454357249142,2,176,165,223,0.2926829268292683,tall,True,True,True,deit_s,random_init,5,13,0.2093987560469938,0.6180136909053625,ok,
2010_004056,1,4379,0.08727279974489796,5-10%,4379,1287,48889,0.08957025097670232,93,5,205,119,1.0176991150442478,square,True,True,True,deit_s,random_init,9,3,0.0621146380452158,0.6119173868315484,ok,
2010_004060,1,7125,0.1420001594387755,10-20%,7125,1348,48828,0.1459203735561563,65,94,215,181,0.5827814569536424,tall,True,True,True,deit_s,random_init,8,8,0.17178947368421052,0.6160616258222605,ok,
2010_004171,1,29720,0.5923150510204082,>=40%,29720,3039,47137,0.6305025775929737,0,26,223,223,0.8839285714285714,square,True,True,True,deit_s,random_init,7,8,0.5781292059219381,0.7892205401888464,ok,
2010_004226,2,2818,0.056162308673469385,5-10%,2818,2866,47310,0.05956457408581695,92,161,193,223,0.6176470588235294,tall,True,True,True,deit_s,random_init,8,12,0.1327182398864443,0.41951207198381246,ok,
2010_004320,1,24486,0.48800223214285715,>=40%,24486,2103,48073,0.50935036298962,0,0,181,205,1.1318681318681318,square,True,True,True,deit_s,random_init,5,5,0.5384301233357837,0.7843598567181617,ok,
2010_004520,1,20370,0.40597098214285715,>=40%,20370,1466,48710,0.4181892835146787,0,57,223,163,0.47767857142857145,tall,True,True,True,deit_s,random_init,7,6,0.7775650466372116,0.8590107400214145,ok,
2010_004551,1,19379,0.3862205038265306,20-40%,19379,30797,19379,1.0,0,60,223,169,0.49107142857142855,tall,True,True,True,deit_s,random_init,7,7,1.0,1.0,ok,
2010_004560,1,5684,0.11328125,10-20%,5684,6406,43770,0.12986063513822252,35,0,181,109,0.7482993197278912,square,True,True,True,deit_s,random_init,5,2,0.33585503166783953,0.7794528796594338,ok,
2010_004625,1,34411,0.6858059630102041,>=40%,34411,1709,48467,0.7099882394206367,19,0,198,223,1.2444444444444445,square,True,True,True,deit_s,random_init,7,7,0.6642352736043707,0.8003589846708641,ok,
2010_004628,2,793,0.01580436862244898,<2%,793,1208,48968,0.01619424930566901,120,139,169,164,0.52,tall,True,True,True,deit_s,random_init,9,9,0.29508196721311475,0.5235799511825572,ok,
2010_004683,2,2856,0.056919642857142856,5-10%,2856,7614,42562,0.0671021098632583,108,0,180,69,0.958904109589041,square,True,True,True,deit_s,random_init,9,1,0.09278711484593838,0.5842611363449683,ok,
2010_004763,3,13489,0.26883370535714285,20-40%,13489,19211,30965,0.4356208622638463,0,0,223,153,0.6875,square,True,True,True,deit_s,random_init,3,6,0.3270813255245014,0.7750851062498475,ok,
2010_004783,2,722,0.014389349489795918,<2%,722,2908,47268,0.015274604383515274,137,0,193,29,0.5263157894736842,tall,True,True,True,deit_s,random_init,10,0,0.3545706371191136,0.5089692954991707,ok,
2010_004941,1,18749,0.37366470025510207,20-40%,18749,5223,44953,0.41708006139745957,24,18,223,209,0.96,square,True,True,True,deit_s,random_init,7,7,0.2828950877380127,0.6488834764591919,ok,
2010_004946,1,20080,0.40019132653061223,>=40%,20080,1583,48593,0.4132282427510135,61,24,214,194,1.1103896103896105,square,True,True,True,deit_s,random_init,8,6,0.4551792828685259,0.7869372147119321,ok,
2010_004994,3,2795,0.05570392219387755,5-10%,2795,2736,47440,0.05891652613827993,69,188,194,223,0.2857142857142857,tall,True,True,True,deit_s,random_init,7,13,0.10304114490161002,0.5111194036620637,ok,
2010_005063,1,618,0.012316645408163265,<2%,618,1816,48360,0.012779156327543425,92,204,125,223,0.5882352941176471,tall,True,True,True,deit_s,random_init,6,13,0.41423948220064727,0.5648285646288637,ok,
2010_005106,1,3827,0.07627152423469388,5-10%,3827,2891,47285,0.08093475732261816,75,12,161,223,2.4367816091954024,wide,True,True,True,deit_s,random_init,7,7,0.13065064018813694,0.618968017322721,ok,
2010_005108,1,28480,0.5676020408163265,>=40%,28480,2657,47519,0.5993392116837476,31,0,223,220,1.145077720207254,square,True,True,True,deit_s,random_init,8,5,0.5829705056179775,0.8385645805539323,ok,
2010_005128,1,10110,0.20149075255102042,20-40%,10110,1602,48574,0.20813603985671347,74,9,166,197,2.032258064516129,wide,True,True,True,deit_s,random_init,6,5,0.0827893175074184,0.6333261289895626,ok,
2010_005129,1,1566,0.031210140306122448,2-5%,1566,566,49610,0.031566216488611167,66,100,142,134,0.45454545454545453,tall,True,True,True,deit_s,random_init,6,7,0.16347381864623245,0.36205963039780836,ok,
2010_005166,6,2223,0.04430404974489796,2-5%,2223,7508,42668,0.05209993437705072,36,164,121,220,0.6627906976744186,tall,True,True,True,deit_s,random_init,5,11,0.28565002249212773,0.4542344280168688,ok,
2010_005180,2,791,0.015764508928571428,<2%,791,631,49545,0.015965284085175092,102,58,126,90,1.32,square,True,True,True,deit_s,random_init,7,4,0.3034134007585335,0.5127032067526004,ok,
2010_005217,1,19868,0.39596619897959184,20-40%,19868,1677,48499,0.4096579310913627,63,0,188,223,1.7777777777777777,wide,True,True,True,deit_s,random_init,7,7,0.22397825649285283,0.6449524041917165,ok,
2010_005223,2,2644,0.05269451530612245,5-10%,2644,3652,46524,0.05683088298512596,99,72,177,139,0.8607594936708861,square,True,True,True,deit_s,random_init,8,6,0.07677760968229955,0.48037869072386713,ok,
2010_005223,3,2810,0.05600286989795918,5-10%,2810,3652,46524,0.06039893388358696,97,0,177,73,0.9135802469135802,square,True,True,True,deit_s,random_init,7,1,0.07758007117437722,0.48724860906176076,ok,
2010_005252,2,1624,0.03236607142857143,2-5%,1624,2651,47525,0.03417148869016307,101,131,158,188,1.0,square,True,True,True,deit_s,random_init,8,9,0.15763546798029557,0.567212320804525,ok,
2010_005318,4,909,0.018116230867346938,<2%,909,7678,42498,0.021389241846675136,41,4,97,28,0.43859649122807015,tall,True,True,True,deit_s,random_init,4,0,0.21122112211221122,0.461459175149211,ok,
2010_005450,1,11135,0.2219188456632653,20-40%,11135,1259,48917,0.2276304761125989,23,108,149,223,0.9133858267716536,square,True,True,True,deit_s,random_init,4,10,0.34315222272114954,0.6314023000338995,ok,
2010_005457,1,39327,0.7837810905612245,>=40%,39327,1823,48353,0.8133311273343949,2,0,219,223,1.0275229357798166,square,True,True,True,deit_s,random_init,6,7,0.8112238411269611,0.9037563381462206,ok,
2010_005519,1,1346,0.026825573979591837,2-5%,1346,1802,48374,0.02782486459668417,134,198,221,223,0.29545454545454547,tall,True,True,True,deit_s,random_init,10,13,0.17013372956909362,0.4734096457709971,ok,
2010_005522,1,4613,0.09193638392857142,5-10%,4613,1347,48829,0.09447254705195683,67,108,188,188,0.6639344262295082,tall,True,True,True,deit_s,random_init,7,9,0.11619336657272925,0.607606425589959,ok,
2010_005678,1,42378,0.8445870535714286,>=40%,42378,1055,49121,0.8627267360192179,11,0,212,223,1.108910891089109,square,True,True,True,deit_s,random_init,6,6,0.8737788475152202,0.9717457937056495,ok,
2010_005709,2,17174,0.3422751913265306,20-40%,17174,16475,33701,0.5095991216877838,0,30,223,212,0.8169642857142857,square,True,True,True,deit_s,random_init,8,7,0.737335507161989,0.775158612316503,ok,
2010_005744,1,7949,0.15842235331632654,10-20%,7949,1318,48858,0.16269597609398664,68,43,167,142,1.0,square,True,True,True,deit_s,random_init,7,5,0.06000754811926028,0.5476259987812706,ok,
2010_005788,1,1435,0.028599330357142856,2-5%,1435,2865,47311,0.03033121261440257,74,179,129,223,0.8035714285714286,square,True,True,True,deit_s,random_init,6,12,0.19790940766550522,0.6188319195117616,ok,
2010_005796,1,880,0.017538265306122448,<2%,880,1740,48436,0.018168304566851104,55,0,86,36,1.15625,square,True,True,True,deit_s,random_init,4,1,0.28295454545454546,0.6043464372280464,ok,
2010_005810,6,15299,0.30490672831632654,20-40%,15299,2985,47191,0.32419317242694584,0,0,124,208,1.672,wide,True,True,True,deit_s,random_init,3,4,0.1199424799006471,0.5953517983292099,ok,
2010_005830,5,1655,0.03298389668367347,2-5%,1655,8584,41592,0.03979130602038854,93,48,211,112,0.5462184873949579,tall,True,True,True,deit_s,random_init,8,5,0.2362537764350453,0.6436496549236475,ok,
2010_005835,1,9543,0.1901905293367347,10-20%,9543,2401,47775,0.19974882260596546,61,73,214,201,0.8376623376623377,square,True,True,True,deit_s,random_init,9,8,0.528031017499738,0.7535269187577609,ok,
2010_005835,2,33418,0.666015625,>=40%,33418,2401,47775,0.6994871794871795,0,0,223,223,1.0,square,True,True,True,deit_s,random_init,6,6,0.6218804237237417,0.7315625082749831,ok,
2010_005871,2,2633,0.05247528698979592,5-10%,2633,3735,46441,0.056695592256842016,20,19,127,165,1.3611111111111112,square,True,True,True,deit_s,random_init,3,5,0.09646790733004178,0.4236447100572798,ok,
2010_005952,1,18965,0.37796954719387754,20-40%,18965,8640,41536,0.45659187211093993,0,47,223,148,0.45535714285714285,tall,True,True,True,deit_s,random_init,7,6,0.44434484576852096,0.7303088458992331,ok,
2011_000051,3,3410,0.06796077806122448,5-10%,3410,2366,47810,0.07132399079690441,57,0,223,37,0.2275449101796407,tall,True,True,True,deit_s,random_init,8,0,0.08914956011730206,0.5234458569858658,ok,
2011_000112,1,964,0.01921237244897959,<2%,964,1095,49081,0.019641001609584156,130,4,155,78,2.8846153846153846,wide,True,True,True,deit_s,random_init,9,2,0.20850622406639005,0.4855563807542838,ok,
2011_000112,2,1825,0.03637197066326531,2-5%,1825,1095,49081,0.03718343147042644,124,135,167,203,1.5681818181818181,wide,True,True,True,deit_s,random_init,9,10,0.19232876712328767,0.6159790349995821,ok,
2011_000122,2,22744,0.4532844387755102,>=40%,22744,1869,48307,0.47082203407373674,0,0,220,223,1.0135746606334841,square,True,True,True,deit_s,random_init,5,7,0.4373021456208231,0.7554401708330375,ok,
2011_000208,2,19994,0.39847735969387754,20-40%,19994,1635,48541,0.4118992192167446,76,0,187,223,2.0,wide,True,True,True,deit_s,random_init,8,7,0.37946383915174553,0.749721736774364,ok,
2011_000252,2,2694,0.05369100765306122,5-10%,2694,3113,47063,0.0572424197352485,59,29,190,73,0.3409090909090909,tall,True,True,True,deit_s,random_init,7,3,0.22976985894580548,0.6570456663252314,ok,
2011_000312,2,6220,0.12396364795918367,10-20%,6220,1433,48743,0.12760806679933528,44,0,107,106,1.671875,wide,True,True,True,deit_s,random_init,4,3,0.16382636655948554,0.6116961640278876,ok,
2011_000338,4,1153,0.022979113520408163,2-5%,1153,2975,47201,0.024427448571004852,161,0,223,81,1.3015873015873016,square,True,True,True,deit_s,random_init,10,1,0.1491760624457936,0.38730539514925977,ok,
2011_000379,2,17519,0.34915098852040816,20-40%,17519,4456,45720,0.38318022747156605,1,0,223,223,1.0044843049327354,square,True,True,True,deit_s,random_init,9,6,0.5243449968605514,0.7555960076268691,ok,
2011_000400,1,1800,0.03587372448979592,2-5%,1800,5023,45153,0.039864460833167234,77,82,116,126,1.125,square,True,True,True,deit_s,random_init,6,6,0.145,0.4520176828727616,ok,
2011_000438,5,5020,0.10004783163265306,10-20%,5020,6057,44119,0.11378317731589564,133,0,223,124,1.3736263736263736,square,True,True,True,deit_s,random_init,11,4,0.12031872509960159,0.6554805403210254,ok,
2011_000503,6,5180,0.10323660714285714,10-20%,5180,1550,48626,0.1065273721877185,168,65,223,223,2.8392857142857144,wide,True,True,True,deit_s,random_init,12,10,0.18532818532818532,0.6266180139581654,ok,
2011_000512,1,21132,0.4211575255102041,>=40%,21132,3608,46568,0.453788008933173,5,18,213,216,0.9521531100478469,square,True,True,True,deit_s,random_init,7,7,0.4752981260647359,0.7670410609509649,ok,
2011_000526,1,35443,0.7063735650510204,>=40%,35443,2648,47528,0.7457288335297088,18,0,223,223,1.087378640776699,square,True,True,True,deit_s,random_init,7,7,0.7646926050277911,0.9026835027583715,ok,
2011_000548,2,8304,0.16549744897959184,10-20%,8304,5543,44633,0.18605067999014183,62,58,178,193,1.1623931623931625,square,True,True,True,deit_s,random_init,6,7,0.36753371868978807,0.7105565998049264,ok,
2011_000566,1,10489,0.2090441645408163,20-40%,10489,4666,45510,0.23047681828169633,97,94,223,223,1.0236220472440944,square,True,True,True,deit_s,random_init,9,10,0.030984841262274763,0.5733609284575396,ok,
2011_000573,1,2746,0.05472735969387755,5-10%,2746,5141,45035,0.0609747973798157,125,84,223,175,0.9292929292929293,square,True,True,True,deit_s,random_init,9,8,0.11981063364894391,0.4187509660006402,ok,
2011_000589,2,2360,0.0470344387755102,2-5%,2360,818,49358,0.047813930872401635,9,0,115,42,0.40186915887850466,tall,True,True,True,deit_s,random_init,3,1,0.0940677966101695,0.5346509658443794,ok,
2011_000607,2,901,0.017956792091836735,<2%,901,1178,48998,0.018388505653291972,99,183,132,214,0.9411764705882353,square,True,True,True,deit_s,random_init,7,12,0.28412874583795783,0.4359923762951612,ok,
2011_000638,3,6112,0.12181122448979592,10-20%,6112,2987,47189,0.12952171056814088,71,0,223,57,0.3790849673202614,tall,True,True,True,deit_s,random_init,9,1,0.18046465968586387,0.5963720838962158,ok,
2011_000780,1,16130,0.321468431122449,20-40%,16130,15556,34620,0.46591565569035237,0,0,210,163,0.7772511848341233,square,True,True,True,deit_s,random_init,5,5,0.48543087414755115,0.8044346770236145,ok,
2011_000834,4,1880,0.03746811224489796,2-5%,1880,2509,47667,0.03944028363438018,93,17,149,76,1.0526315789473684,square,True,True,True,deit_s,random_init,7,2,0.13617021276595745,0.433389790565561,ok,
2011_000944,1,42904,0.8550701530612245,>=40%,42904,2221,47955,0.8946720884162236,0,0,202,223,1.103448275862069,square,True,True,True,deit_s,random_init,6,7,0.8865140779414507,0.9405808697525414,ok,
2011_000973,1,13115,0.26137994260204084,20-40%,13115,1463,48713,0.26922997967688295,31,21,208,160,0.7865168539325843,square,True,True,True,deit_s,random_init,8,6,0.08067098741898589,0.5546132872127377,ok,
2011_001027,4,2020,0.04025829081632653,2-5%,2020,6473,43703,0.04622108322083152,57,0,114,119,2.0689655172413794,wide,True,True,True,deit_s,random_init,5,5,0.1900990099009901,0.47312110072946456,ok,
2011_001060,2,3089,0.06156329719387755,5-10%,3089,6110,44066,0.07009939636000545,36,139,179,186,0.3333333333333333,tall,True,True,True,deit_s,random_init,5,10,0.09129168015539009,0.558138409325421,ok,
2011_001071,3,12496,0.24904336734693877,20-40%,12496,2942,47234,0.26455519329296695,23,0,223,111,0.5572139303482587,tall,True,True,True,deit_s,random_init,8,2,0.23327464788732394,0.650908655834901,ok,
2011_001135,1,11688,0.23294005102040816,20-40%,11688,2068,48108,0.24295335495135945,42,7,213,157,0.877906976744186,square,True,True,True,deit_s,random_init,7,5,0.2449520876112252,0.6641435063149859,ok,
2011_001139,2,3228,0.06433354591836735,5-10%,3228,2693,47483,0.06798222521744625,24,12,132,94,0.7614678899082569,square,True,True,True,deit_s,random_init,5,2,0.19485749690210658,0.6119597749608124,ok,
2011_001161,1,1574,0.031369579081632654,2-5%,1574,623,49553,0.031763969890823966,90,73,152,114,0.6666666666666666,tall,True,True,True,deit_s,random_init,7,5,0.16200762388818296,0.5534887767632646,ok,
2011_001175,4,1326,0.026426977040816327,2-5%,1326,9497,40679,0.03259667150126601,127,160,174,200,0.8541666666666666,square,True,True,True,deit_s,random_init,9,11,0.20211161387631976,0.6680484404020771,ok,
2011_001211,1,22439,0.4472058354591837,>=40%,22439,2085,48091,0.466594581106652,0,28,223,180,0.6830357142857143,square,True,True,True,deit_s,random_init,7,6,0.3512634252863318,0.6005147922157504,ok,
2011_001292,1,23142,0.46121651785714285,>=40%,23142,1475,48701,0.47518531446992873,33,34,206,223,1.0919540229885059,square,True,True,True,deit_s,random_init,7,8,0.6587589663814709,0.8199900403005804,ok,
2011_001346,3,1663,0.03314333545918367,2-5%,1663,6989,43187,0.038506958112394934,146,25,223,155,1.6794871794871795,wide,True,True,True,deit_s,random_init,11,5,0.14672279013830428,0.4778592270746787,ok,
2011_001350,1,1599,0.03186782525510204,2-5%,1599,1851,48325,0.033088463528194514,133,114,179,191,1.6595744680851063,wide,True,True,True,deit_s,random_init,9,9,0.15572232645403378,0.4811602576066574,ok,
2011_001350,2,7903,0.15750558035714285,10-20%,7903,1851,48325,0.16353854112778066,77,81,179,217,1.3300970873786409,square,True,True,True,deit_s,random_init,7,9,0.1710742755915475,0.5309052205338138,ok,
2011_001412,5,1081,0.021544164540816327,2-5%,1081,6346,43830,0.02466347250741501,62,157,171,223,0.6090909090909091,tall,True,True,True,deit_s,random_init,5,12,0.1332099907493062,0.33010885978029497,ok,
2011_001546,1,5582,0.1112484056122449,10-20%,5582,1887,48289,0.11559568431733935,73,70,177,180,1.0571428571428572,square,True,True,True,deit_s,random_init,6,8,0.23719097097814404,0.644398447328638,ok,
2011_001567,5,1761,0.03509646045918367,2-5%,1761,5873,44303,0.03974900119630725,67,107,157,146,0.43956043956043955,tall,True,True,True,deit_s,random_init,6,7,0.14934696195343555,0.6132607045182794,ok,
2011_001597,1,25364,0.505500637755102,>=40%,25364,4546,45630,0.5558623712469867,0,0,223,164,0.7366071428571429,square,True,True,True,deit_s,random_init,6,4,0.6951584923513642,0.8867305800587608,ok,
2011_001642,1,21020,0.41892538265306123,>=40%,21020,4069,46107,0.45589606784219316,7,43,201,189,0.7538461538461538,square,True,True,True,deit_s,random_init,6,7,0.48430066603235017,0.78174214728158,ok,
2011_001653,3,3326,0.06628667091836735,5-10%,3326,5007,45169,0.0736345723837145,131,70,185,158,1.6181818181818182,wide,True,True,True,deit_s,random_init,10,7,0.11785929043896573,0.5780928220585538,ok,
2011_001714,2,20982,0.41816804846938777,>=40%,20982,11687,38489,0.5451427680636026,0,13,223,223,0.9419642857142857,square,True,True,True,deit_s,random_init,6,5,0.5946525593365742,0.8479512559135731,ok,
2011_001722,1,12367,0.24647241709183673,20-40%,12367,3950,46226,0.26753342274910225,35,0,209,223,1.28,square,True,True,True,deit_s,random_init,6,8,0.4159456618419989,0.6867962039830463,ok,
2011_001775,1,46497,0.9266780931122449,>=40%,46497,1775,48401,0.9606619697940125,0,0,223,223,1.0,square,True,True,True,deit_s,random_init,7,6,0.9612233047293374,0.9882012628115853,ok,
2011_001855,1,33583,0.669304049744898,>=40%,33583,16593,33583,1.0,5,1,223,218,0.9954337899543378,square,True,True,True,deit_s,random_init,7,6,1.0,1.0,ok,
2011_001862,5,4110,0.08191167091836735,5-10%,4110,2360,47816,0.08595449222017734,152,0,223,113,1.5833333333333333,wide,True,True,True,deit_s,random_init,12,2,0.04403892944038929,0.3308685149187541,ok,
2011_001922,2,4877,0.09719786352040816,5-10%,4877,11570,38606,0.12632751385794955,123,18,207,220,2.388235294117647,wide,True,True,True,deit_s,random_init,10,6,0.12056592167315973,0.6261565443583605,ok,
2011_001924,1,1492,0.029735331632653062,2-5%,1492,728,49448,0.030173111147063583,67,41,131,107,1.0307692307692307,square,True,True,True,deit_s,random_init,5,4,0.17158176943699732,0.43933962195634113,ok,
2011_001967,1,11881,0.23678651147959184,20-40%,11881,2884,47292,0.25122642307367,0,18,211,212,0.9198113207547169,square,True,True,True,deit_s,random_init,7,6,0.17683696658530426,0.6502601530548863,ok,
2011_002002,4,3325,0.06626674107142858,5-10%,3325,3747,46429,0.07161472355639795,50,148,176,212,0.5118110236220472,tall,True,True,True,deit_s,random_init,6,11,0.078796992481203,0.5225087569515854,ok,
2011_002040,1,18454,0.36778539540816324,20-40%,18454,1700,48476,0.38068322468850563,17,2,217,216,1.0696517412935322,square,True,True,True,deit_s,random_init,7,7,0.5275820960225426,0.7650068963286687,ok,
2011_002064,4,1102,0.02196269132653061,2-5%,1102,10769,39407,0.02796457482173218,42,190,83,223,0.8095238095238095,square,True,True,True,deit_s,random_init,3,13,0.2323049001814882,0.5820906690376798,ok,
2011_002110,2,2531,0.05044244260204082,5-10%,2531,9543,40633,0.06228927226638446,0,166,116,223,0.49572649572649574,tall,True,True,True,deit_s,random_init,2,12,0.3227973133148953,0.4503608470281447,ok,
2011_002119,2,1409,0.028081154336734693,2-5%,1409,4399,45777,0.030779649168796556,85,54,147,111,0.9206349206349206,square,True,True,True,deit_s,random_init,7,5,0.1533002129169624,0.4006669693406986,ok,
2011_002119,3,752,0.014987244897959183,<2%,752,4399,45777,0.01642746357341023,102,123,137,164,1.1666666666666667,square,True,True,True,deit_s,random_init,7,8,0.3404255319148936,0.4642140492470479,ok,
2011_002135,3,1002,0.019969706632653062,<2%,1002,7644,42532,0.02355873224865983,0,86,28,167,2.8275862068965516,wide,True,True,True,deit_s,random_init,0,8,0.25349301397205587,0.47210204108131126,ok,
2011_002178,1,32344,0.6446109693877551,>=40%,32344,5574,44602,0.7251692749204072,18,0,223,223,1.087378640776699,square,True,True,True,deit_s,random_init,7,7,0.7477430126143952,0.9108180286636065,ok,
2011_002222,1,2245,0.04474250637755102,2-5%,2245,1781,48395,0.04638908978200227,74,33,163,181,1.6555555555555554,wide,True,True,True,deit_s,random_init,7,7,0.14610244988864143,0.5337055236231629,ok,
2011_002247,1,28246,0.5629384566326531,>=40%,28246,3658,46518,0.6072058128036459,0,0,184,223,1.2108108108108109,square,True,True,True,deit_s,random_init,5,8,0.6073780358280818,0.842667227295902,ok,
2011_002279,1,28919,0.5763512436224489,>=40%,28919,2322,47854,0.6043172984494504,0,0,190,223,1.1727748691099475,square,True,True,True,deit_s,random_init,4,6,0.6444552024620491,0.836667561534488,ok,
2011_002291,1,10150,0.20228794642857142,20-40%,10150,2248,47928,0.21177599732932734,75,0,138,223,3.5,wide,True,True,True,deit_s,random_init,6,7,0.17566502463054187,0.6467676831239374,ok,
2011_002308,1,23784,0.47401147959183676,>=40%,23784,1330,48846,0.48691806903328827,3,37,223,194,0.7149321266968326,square,True,True,True,deit_s,random_init,8,7,0.6868062563067608,0.8472909417195891,ok,
2011_002335,5,961,0.019152582908163265,<2%,961,2787,47389,0.02027896769292452,79,0,119,80,1.975609756097561,wide,True,True,True,deit_s,random_init,6,3,0.2518210197710718,0.542762631867999,ok,
2011_002358,3,3081,0.061403858418367346,5-10%,3081,5225,44951,0.06854130052724078,66,0,214,66,0.44966442953020136,tall,True,True,True,deit_s,random_init,7,1,0.07075624797143784,0.41836545536873754,ok,
2011_002358,5,1676,0.03340242346938776,2-5%,1676,5225,44951,0.03728504371426664,47,90,99,139,0.9433962264150944,square,True,True,True,deit_s,random_init,4,7,0.15334128878281622,0.4607342892342397,ok,
2011_002391,3,1453,0.028958067602040817,2-5%,1453,5663,44513,0.032642149484420284,197,115,223,223,4.037037037037037,wide,True,True,True,deit_s,random_init,13,11,0.13902271163110805,0.5102095181205389,ok,
2011_002398,1,13738,0.27379623724489793,20-40%,13738,2747,47429,0.2896540091505197,36,51,176,214,1.1631205673758864,square,True,True,True,deit_s,random_init,6,8,0.22252147328577668,0.6559715072326991,ok,
2011_002504,1,1363,0.02716438137755102,2-5%,1363,677,49499,0.027535909816359925,79,92,125,181,1.9148936170212767,wide,True,True,True,deit_s,random_init,6,8,0.18341892883345562,0.4904861650715195,ok,
2011_002511,3,3104,0.06186224489795918,5-10%,3104,5344,44832,0.06923625981441828,11,94,104,168,0.7978723404255319,square,True,True,True,deit_s,random_init,3,8,0.1643041237113402,0.645262751084656,ok,
2011_002575,3,6396,0.12747130102040816,10-20%,6396,9981,40195,0.15912426918770992,10,117,197,214,0.5212765957446809,tall,True,True,True,deit_s,random_init,5,10,0.20934959349593496,0.4730371771561264,ok,
2011_002644,1,991,0.01975047831632653,<2%,991,3556,46620,0.021256971256971256,93,58,128,91,0.9444444444444444,square,True,True,True,deit_s,random_init,6,4,0.25832492431886983,0.3356462869901846,ok,
2011_002675,1,8153,0.16248804209183673,10-20%,8153,3656,46520,0.1752579535683577,40,0,200,209,1.3043478260869565,square,True,True,True,deit_s,random_init,5,6,0.10903961731877837,0.5238577816614411,ok,
2011_002812,2,869,0.01731903698979592,<2%,869,4560,45616,0.019050333216415295,164,0,208,32,0.7333333333333333,square,True,True,True,deit_s,random_init,11,0,0.2945914844649022,0.5522404056047092,ok,
2011_002851,1,6457,0.12868702168367346,10-20%,6457,1267,48909,0.13202069148827414,75,0,142,223,3.2941176470588234,wide,True,True,True,deit_s,random_init,7,6,0.10608641784110268,0.5697643457337072,ok,
2011_002953,1,1483,0.02955596301020408,2-5%,1483,1701,48475,0.030593089221248065,82,0,157,38,0.5131578947368421,tall,True,True,True,deit_s,random_init,6,1,0.18138907619689817,0.5751360874999731,ok,
2011_002953,2,12975,0.25858976403061223,20-40%,12975,1701,48475,0.26766374419804023,94,15,222,174,1.2403100775193798,square,True,True,True,deit_s,random_init,9,6,0.24439306358381502,0.6501964979206698,ok,
2011_003057,1,27980,0.5576371173469388,>=40%,27980,2596,47580,0.5880622110130307,13,0,223,223,1.061611374407583,square,True,True,True,deit_s,random_init,9,6,0.6007505360972123,0.828994692126151,ok,
2011_003066,1,921,0.018355389030612245,<2%,921,6938,43238,0.021300707710809937,152,94,205,117,0.4444444444444444,tall,True,True,True,deit_s,random_init,11,6,0.27904451682953313,0.6538999137079943,ok,
2011_003066,10,1163,0.02317841198979592,2-5%,1163,6938,43238,0.02689763633840603,21,0,105,52,0.6235294117647059,tall,True,True,True,deit_s,random_init,3,0,0.21840068787618228,0.6560710135463225,ok,
2011_003066,19,15636,0.31162308673469385,20-40%,15636,6938,43238,0.36162634719459735,128,24,223,223,2.0833333333333335,wide,True,True,True,deit_s,random_init,11,8,0.35405474545919674,0.7448504199899575,ok,
2011_003103,4,837,0.0166812818877551,<2%,837,4333,45843,0.018257967410509782,87,133,138,163,0.5961538461538461,tall,True,True,True,deit_s,random_init,7,9,0.2114695340501792,0.4532631828530411,ok,
2011_003182,1,38579,0.7688735650510204,>=40%,38579,1645,48531,0.7949351960602502,20,0,223,223,1.0980392156862746,square,True,True,True,deit_s,random_init,7,6,0.8681406983073693,0.9400550082545133,ok,
2011_003238,2,4113,0.08197146045918367,5-10%,4113,1718,48458,0.08487762598538941,65,71,223,154,0.5283018867924528,tall,True,True,True,deit_s,random_init,8,8,0.08728422076343302,0.5842025093219666,ok,
2011_003256,2,5124,0.10212053571428571,10-20%,5124,2759,47417,0.10806250922664867,75,0,164,132,1.4777777777777779,square,True,True,True,deit_s,random_init,7,3,0.0661592505854801,0.6311108527674244,ok,
2007_000032,1,2609,0.05199697066326531,5-10%,2609,2802,47374,0.055072402583695695,84,0,145,210,3.403225806451613,wide,True,True,True,cmt_s,pretrained,3,3,0.03142966653890379,0.05066197332656018,ok,
2007_000061,1,3525,0.07025271045918367,5-10%,3525,2016,48160,0.07319352159468438,9,130,183,223,0.5371428571428571,tall,True,True,True,cmt_s,pretrained,5,5,0.11035460992907802,0.10589332345180638,ok,
2007_000063,2,28004,0.5581154336734694,>=40%,28004,3202,46974,0.5961595776386938,0,9,223,215,0.9241071428571429,square,True,True,True,cmt_s,pretrained,1,3,0.7244322239680046,0.8017121333126448,ok,
2007_000241,1,570,0.01136001275510204,<2%,570,1436,48740,0.011694706606483382,127,178,158,223,1.4375,square,True,True,True,cmt_s,pretrained,4,6,0.37719298245614036,0.07696194891391629,ok,
2007_000241,3,975,0.01943160076530612,<2%,975,1436,48740,0.020004103405826836,85,113,124,163,1.275,square,True,True,True,cmt_s,pretrained,3,4,0.14974358974358976,0.05764034329890479,ok,
2007_000243,1,935,0.0186344068877551,<2%,935,637,49539,0.018874018450110015,85,64,127,124,1.4186046511627908,square,True,True,True,cmt_s,pretrained,3,3,0.022459893048128343,0.02628604105243212,ok,
2007_000256,1,6317,0.1258968431122449,10-20%,6317,2287,47889,0.131909206707177,64,0,147,223,2.6666666666666665,wide,True,True,True,cmt_s,pretrained,3,2,0.02089599493430426,0.07250722050060139,ok,
2007_000346,1,5229,0.10421316964285714,10-20%,5229,2345,47831,0.10932240597102298,65,39,202,96,0.42028985507246375,tall,True,True,True,cmt_s,pretrained,4,2,0.398546567221266,0.23930461683974893,ok,
2007_000346,2,16704,0.33290816326530615,20-40%,16704,2345,47831,0.3492295791432335,50,74,223,223,0.8620689655172413,square,True,True,True,cmt_s,pretrained,4,4,0.4279214559386973,0.357128188643847,ok,
2007_000720,1,3384,0.06744260204081633,5-10%,3384,1079,49097,0.06892478155488116,80,91,176,147,0.5876288659793815,tall,True,True,True,cmt_s,pretrained,3,3,0.33067375886524825,0.17671373162212056,ok,
2007_000727,1,4702,0.09371014030612244,5-10%,4702,2481,47695,0.09858475731208723,156,53,216,161,1.7868852459016393,wide,True,True,True,cmt_s,pretrained,5,3,0.4042960442364951,0.29280488296712354,ok,
2007_000733,2,9467,0.18867586096938777,10-20%,9467,2795,47381,0.19980582934087504,104,52,223,223,1.4333333333333333,square,True,True,True,cmt_s,pretrained,5,4,0.28699693672758003,0.23191781989348637,ok,
2007_000768,1,4628,0.09223533163265306,5-10%,4628,1407,48769,0.09489634808997519,63,178,170,223,0.42592592592592593,tall,True,True,True,cmt_s,pretrained,3,6,0.3500432152117545,0.19665587144530958,ok,
2007_000799,2,6764,0.13480548469387754,10-20%,6764,2034,48142,0.14050101782227578,116,105,223,223,1.1018518518518519,square,True,True,True,cmt_s,pretrained,5,5,0.25753991720875224,0.196415216247623,ok,
2007_000876,1,21966,0.43777901785714285,>=40%,21966,2749,47427,0.46315389967739895,21,30,220,191,0.81,square,True,True,True,cmt_s,pretrained,4,3,0.5551306564690885,0.5593964319753281,ok,
2007_001073,1,1050,0.020926339285714284,2-5%,1050,3319,46857,0.022408604904283244,106,0,145,48,1.225,square,True,True,True,cmt_s,pretrained,3,0,0.4419047619047619,0.16335199441046022,ok,
2007_001239,2,5715,0.11389907525510204,10-20%,5715,3195,46981,0.1216449202869245,83,100,223,187,0.624113475177305,tall,True,True,True,cmt_s,pretrained,4,4,0.4726159230096238,0.3345178348526533,ok,
2007_001299,3,2434,0.048509247448979595,2-5%,2434,3838,46338,0.05252708360309034,97,167,204,210,0.4074074074074074,tall,True,True,True,cmt_s,pretrained,4,5,0.44207066557107644,0.22548333333643447,ok,
2007_001311,4,2302,0.04587850765306122,2-5%,2302,5807,44369,0.05188307151389484,134,60,223,148,0.9888888888888889,square,True,True,True,cmt_s,pretrained,5,3,0.00999131190269331,0.0463106282509509,ok,
2007_001340,3,3959,0.07890226403061225,5-10%,3959,3801,46375,0.08536927223719677,85,62,222,113,0.37681159420289856,tall,True,True,True,cmt_s,pretrained,4,2,0.1315988886082344,0.10982033156679992,ok,
2007_001408,6,763,0.015206473214285714,<2%,763,2986,47190,0.01616867980504344,0,87,30,121,1.1290322580645162,square,True,True,True,cmt_s,pretrained,0,3,0.045871559633027525,0.04746369890857234,ok,
2007_001430,2,3188,0.06353635204081633,5-10%,3188,3238,46938,0.0679193830158933,93,26,177,98,0.8588235294117647,square,True,True,True,cmt_s,pretrained,4,2,0.3613550815558344,0.220623191469391,ok,
2007_001430,4,7230,0.14409279336734693,10-20%,7230,3238,46938,0.15403297967531637,92,111,223,205,0.7196969696969697,square,True,True,True,cmt_s,pretrained,5,5,0.3062240663900415,0.2146931229857463,ok,
2007_001430,6,2100,0.04185267857142857,2-5%,2100,3238,46938,0.04473986961523712,0,153,47,208,1.1666666666666667,square,True,True,True,cmt_s,pretrained,0,5,0.3361904761904762,0.1749882756146271,ok,
2007_001458,1,16567,0.33017777423469385,20-40%,16567,1605,48571,0.34108830372032695,84,17,200,204,1.606837606837607,wide,True,True,True,cmt_s,pretrained,4,3,0.5545964869922134,0.3297521064518741,ok,
2007_001594,1,835,0.016641422193877552,<2%,835,2767,47409,0.017612689573709633,102,127,137,165,1.0833333333333333,square,True,True,True,cmt_s,pretrained,3,4,0.429940119760479,0.1581464536278433,ok,
2007_001595,1,6939,0.13829320790816327,10-20%,6939,1274,48902,0.14189603697190298,97,123,178,223,1.2317073170731707,square,True,True,True,cmt_s,pretrained,4,5,0.40812797233030695,0.30625209186666447,ok,
2007_001717,2,4077,0.08125398596938775,5-10%,4077,2931,47245,0.08629484601545137,88,178,223,223,0.3382352941176471,tall,True,True,True,cmt_s,pretrained,4,6,0.43659553593328426,0.2892927672930957,ok,
2007_001763,3,14795,0.2948620854591837,20-40%,14795,2209,47967,0.3084412200054204,26,0,223,223,1.1313131313131313,square,True,True,True,cmt_s,pretrained,2,3,0.7238256167624197,0.6818462061041958,ok,
2007_001857,1,38087,0.7590680803571429,>=40%,38087,1568,48608,0.7835541474654378,7,0,223,223,1.032258064516129,square,True,True,True,cmt_s,pretrained,4,3,0.8576679706986636,0.9827204837287374,ok,
2007_001857,3,2768,0.055165816326530615,5-10%,2768,1568,48608,0.056945358788676764,0,157,72,210,0.7397260273972602,square,True,True,True,cmt_s,pretrained,1,5,0.14776011560693642,0.09909374016511077,ok,
2007_001857,5,1631,0.032505580357142856,2-5%,1631,1568,48608,0.033554147465437785,0,63,59,103,0.6833333333333333,square,True,True,True,cmt_s,pretrained,0,2,0.15757204169221337,0.0731147857464613,ok,
2007_001884,3,977,0.019471460459183673,<2%,977,1933,48243,0.020251642725369483,128,148,144,208,3.588235294117647,wide,True,True,True,cmt_s,pretrained,4,5,0.0040941658137154556,0.020429099236048836,ok,
2007_001901,4,1489,0.029675542091836735,2-5%,1489,3837,46339,0.032132760741492045,126,141,205,183,0.5375,tall,True,True,True,cmt_s,pretrained,4,5,0.15648085963734049,0.08548242662846718,ok,
2007_002046,2,15524,0.309390943877551,20-40%,15524,2364,47812,0.32468836275412033,22,0,202,130,0.7237569060773481,square,True,True,True,cmt_s,pretrained,3,2,0.3683973202782788,0.34249553277361244,ok,
2007_002055,1,2047,0.04079639668367347,2-5%,2047,2555,47621,0.042985237605258186,150,0,222,51,0.7123287671232876,square,True,True,True,cmt_s,pretrained,5,0,0.7738153395212506,0.43611588146420016,ok,
2007_002055,2,4884,0.0973373724489796,5-10%,4884,2555,47621,0.10255979504840301,87,2,223,97,0.7007299270072993,square,True,True,True,cmt_s,pretrained,4,1,0.35544635544635544,0.24973212489897548,ok,
2007_002088,1,32167,0.6410833864795918,>=40%,32167,1856,48320,0.6657077814569536,16,0,223,223,1.0769230769230769,square,True,True,True,cmt_s,pretrained,4,3,0.7748624366586875,0.7877273183038077,ok,
2007_002120,1,927,0.0184749681122449,<2%,927,2409,47767,0.019406703372621265,23,101,53,170,2.2580645161290325,wide,True,True,True,cmt_s,pretrained,1,3,0.31715210355987056,0.09278828608250819,ok,
2007_002216,2,23599,0.47032445790816324,>=40%,23599,1760,48416,0.4874215135492399,67,0,210,206,1.4375,square,True,True,True,cmt_s,pretrained,4,3,0.33251408958006695,0.3760626370643215,ok,
2007_002234,2,645,0.012854751275510204,<2%,645,1702,48474,0.013306102240376285,69,0,93,40,1.64,wide,True,True,True,cmt_s,pretrained,2,0,0.4062015503875969,0.07010002099829961,ok,
2007_002284,4,823,0.016402264030612245,<2%,823,2323,47853,0.017198503751070987,0,102,37,130,0.7631578947368421,square,True,True,True,cmt_s,pretrained,0,3,0.30498177399756987,0.07913343955987785,ok,
2007_002293,1,21109,0.42069913903061223,>=40%,21109,1864,48312,0.43693078324225865,0,0,223,174,0.78125,square,True,True,True,cmt_s,pretrained,3,1,0.4948126391586527,0.5603521932954383,ok,
2007_002368,2,1996,0.03977997448979592,2-5%,1996,3660,46516,0.04290996646315246,159,192,223,223,0.49230769230769234,tall,True,True,True,cmt_s,pretrained,5,6,0.6593186372745491,0.2818402103619793,ok,
2007_002488,1,3031,0.06040736607142857,5-10%,3031,5841,44335,0.06836585090786061,10,67,176,155,0.5329341317365269,tall,True,True,True,cmt_s,pretrained,2,3,0.29858132629495215,0.15648947746797845,ok,
2007_002539,1,43265,0.8622648278061225,>=40%,43265,1230,48946,0.8839333142646999,0,0,222,223,1.0044843049327354,square,True,True,True,cmt_s,pretrained,3,2,0.8722523980122501,0.8381582188699968,ok,
2007_002668,1,6318,0.1259167729591837,10-20%,6318,2467,47709,0.13242784380305603,186,17,223,223,5.447368421052632,wide,True,True,True,cmt_s,pretrained,6,3,0.15669515669515668,0.1373949090674912,ok,
2007_002760,2,21822,0.43490911989795916,>=40%,21822,1937,48239,0.45237256162026573,4,0,197,136,0.7061855670103093,square,True,True,True,cmt_s,pretrained,3,1,0.47044267253230687,0.5999254051478912,ok,
2007_002789,2,1372,0.02734375,2-5%,1372,1595,48581,0.02824149358802824,99,0,149,55,1.0980392156862746,square,True,True,True,cmt_s,pretrained,3,0,0.4905247813411079,0.22603163574451554,ok,
2007_002896,1,6290,0.12535873724489796,10-20%,6290,1977,48199,0.13050063279321147,6,70,209,148,0.3872549019607843,tall,True,True,True,cmt_s,pretrained,2,3,0.5648648648648649,0.43119212704356297,ok,
2007_002903,1,35791,0.7133091517857143,>=40%,35791,2377,47799,0.7487813552584782,13,0,219,223,1.0821256038647342,square,True,True,True,cmt_s,pretrained,3,3,0.8480623620463245,0.9202872077175261,ok,
2007_002953,1,1882,0.03750797193877551,2-5%,1882,3475,46701,0.04029892293526905,63,0,196,16,0.12686567164179105,tall,True,True,True,cmt_s,pretrained,4,0,0.3416578108395324,0.16955176138664313,ok,
2007_002953,5,1147,0.02285953443877551,2-5%,1147,3475,46701,0.024560501916447184,38,17,75,56,1.0526315789473684,square,True,True,True,cmt_s,pretrained,1,1,0.007846556233653008,0.03235097789880674,ok,
2007_003022,1,7396,0.1474011479591837,10-20%,7396,3575,46601,0.15870904057852836,57,48,193,223,1.2846715328467153,square,True,True,True,cmt_s,pretrained,3,3,0.37736614386154677,0.28836259778126555,ok,
2007_003051,1,8921,0.1777941645408163,10-20%,8921,982,49194,0.18134325324226533,56,0,138,133,1.6144578313253013,wide,True,True,True,cmt_s,pretrained,3,1,0.23696894966931958,0.21583469813638162,ok,
2007_003101,3,14896,0.296875,20-40%,14896,1861,48315,0.30831004863913897,0,0,199,84,0.425,tall,True,True,True,cmt_s,pretrained,3,1,0.5521616541353384,0.5035660022560757,ok,
2007_003118,1,1490,0.02969547193877551,2-5%,1490,2677,47499,0.03136908145434641,15,85,72,135,0.8793103448275862,square,True,True,True,cmt_s,pretrained,1,3,0.087248322147651,0.05988747457419072,ok,
2007_003118,4,18444,0.36758609693877553,20-40%,18444,2677,47499,0.38830291164024505,49,29,223,204,1.0057142857142858,square,True,True,True,cmt_s,pretrained,4,3,0.3298091520277597,0.37859450718962573,ok,
2007_003131,1,1544,0.03077168367346939,2-5%,1544,638,49538,0.031167992248374986,150,172,219,217,0.6571428571428571,tall,True,True,True,cmt_s,pretrained,6,6,0.3957253886010363,0.1899806412718813,ok,
2007_003134,2,5961,0.11880181760204081,10-20%,5961,3586,46590,0.12794591113972956,45,61,173,140,0.6201550387596899,tall,True,True,True,cmt_s,pretrained,3,2,0.2570038584130179,0.19781548608461305,ok,
2007_003189,2,1134,0.022600446428571428,2-5%,1134,1947,48229,0.023512824234381804,19,82,122,136,0.5288461538461539,tall,True,True,True,cmt_s,pretrained,1,3,0.04585537918871252,0.05064198534211561,ok,
2007_003190,1,2678,0.05337213010204082,5-10%,2678,3753,46423,0.057686922430691685,0,59,84,168,1.2941176470588236,square,True,True,True,cmt_s,pretrained,0,2,0.5601194921583271,0.373017067667254,ok,
2007_003201,1,4751,0.09468670280612244,5-10%,4751,4201,45975,0.10333877107123436,38,0,179,49,0.352112676056338,tall,True,True,True,cmt_s,pretrained,3,0,0.5173647653125658,0.2844224115787894,ok,
2007_003201,2,20600,0.41055484693877553,>=40%,20600,4201,45975,0.4480696030451332,20,32,209,223,1.0105263157894737,square,True,True,True,cmt_s,pretrained,2,4,0.6574271844660194,0.7479125381720265,ok,
2007_003207,9,2079,0.04143415178571429,2-5%,2079,3449,46727,0.04449247758255399,83,150,167,181,0.3764705882352941,tall,True,True,True,cmt_s,pretrained,4,5,0.07022607022607022,0.06738334377419303,ok,
2007_003251,4,1296,0.025829081632653062,2-5%,1296,4492,45684,0.028368794326241134,106,29,195,91,0.7,square,True,True,True,cmt_s,pretrained,4,1,0.07175925925925926,0.05944517224652803,ok,
2007_003367,3,901,0.017956792091836735,<2%,901,3657,46519,0.019368430103828542,127,0,177,25,0.5098039215686274,tall,True,True,True,cmt_s,pretrained,4,0,0.01220865704772475,0.03501666865899801,ok,
2007_003451,1,3878,0.07728794642857142,5-10%,3878,1762,48414,0.08010079729004008,105,104,151,215,2.382978723404255,wide,True,True,True,cmt_s,pretrained,3,4,0.37493553378029915,0.2161108491882862,ok,
2007_003580,1,31141,0.6206353635204082,>=40%,31141,1762,48414,0.643223034659396,0,0,223,198,0.8883928571428571,square,True,True,True,cmt_s,pretrained,3,3,0.6659709065219486,0.72439249634749,ok,
2007_003711,2,20428,0.40712691326530615,>=40%,20428,1643,48533,0.4209094842684359,49,59,194,223,1.13013698630137,square,True,True,True,cmt_s,pretrained,3,4,0.5297630702956726,0.593240178320336,ok,
2007_003778,1,13727,0.27357700892857145,20-40%,13727,3127,47049,0.29175965482794536,30,18,206,197,1.0169491525423728,square,True,True,True,cmt_s,pretrained,3,3,0.5512493625701173,0.5195409760220729,ok,
2007_003815,1,6980,0.13911033163265307,10-20%,6980,2124,48052,0.14525930242237575,74,70,138,223,2.3692307692307693,wide,True,True,True,cmt_s,pretrained,3,4,0.1492836676217765,0.1413628307930683,ok,
2007_004081,1,2169,0.04322783801020408,2-5%,2169,5393,44783,0.04843355737668312,57,70,121,159,1.3846153846153846,square,True,True,True,cmt_s,pretrained,2,3,0.5984324573536192,0.3112639956704802,ok,
2007_004121,3,994,0.019810267857142856,<2%,994,1822,48354,0.020556727468254953,96,55,147,93,0.75,square,True,True,True,cmt_s,pretrained,3,2,0.5543259557344065,0.20307909431496982,ok,
2007_004537,4,1619,0.03226642219387755,2-5%,1619,7559,42617,0.037989534692728255,53,50,118,167,1.7878787878787878,wide,True,True,True,cmt_s,pretrained,2,4,0.37492279184681904,0.14890297558389218,ok,
2007_004558,2,870,0.017338966836734693,<2%,870,2181,47995,0.01812688821752266,61,87,99,119,0.8461538461538461,square,True,True,True,cmt_s,pretrained,2,3,0.639080459770115,0.216259222675713,ok,
2007_004649,2,894,0.017817283163265307,<2%,894,2187,47989,0.018629269207526725,90,204,137,223,0.4166666666666667,tall,True,True,True,cmt_s,pretrained,3,6,0.2516778523489933,0.07350789584815003,ok,
2007_004707,1,879,0.017518335459183673,<2%,879,1199,48977,0.01794719970598444,175,147,223,191,0.9183673469387755,square,True,True,True,cmt_s,pretrained,6,5,0.02957906712172924,0.02465932319717984,ok,
2007_004856,1,26887,0.5358537946428571,>=40%,26887,1539,48637,0.5528095894072415,0,24,223,199,0.7857142857142857,square,True,True,True,cmt_s,pretrained,3,3,0.5030312046714025,0.5457495597896033,ok,
2007_005074,1,10711,0.2134685905612245,20-40%,10711,2530,47646,0.22480376107123368,0,0,193,200,1.0360824742268042,square,True,True,True,cmt_s,pretrained,4,2,0.38175707216879845,0.38163348852282253,ok,
2007_005130,1,5057,0.10078523596938775,10-20%,5057,968,49208,0.10276784262721508,60,52,192,147,0.7218045112781954,square,True,True,True,cmt_s,pretrained,3,3,0.231757959264386,0.16805620799336585,ok,
2007_005173,12,990,0.019730548469387755,<2%,990,6789,43387,0.022817894761103557,1,189,56,221,0.5892857142857143,tall,True,True,True,cmt_s,pretrained,0,6,0.4696969696969697,0.27810025702956476,ok,
2007_005173,14,1217,0.024254623724489797,2-5%,1217,6789,43387,0.028049876691174775,0,51,59,80,0.5,tall,True,True,True,cmt_s,pretrained,0,2,0.22596548890714874,0.10949707201865966,ok,
2007_005173,16,624,0.012436224489795918,<2%,624,6789,43387,0.014382188213059212,1,2,36,28,0.75,square,True,True,True,cmt_s,pretrained,0,0,0.0,0.0054896986575947715,ok,
2007_005212,1,1030,0.020527742346938774,2-5%,1030,1721,48455,0.021256836239810135,137,182,175,223,1.0769230769230769,square,True,True,True,cmt_s,pretrained,4,6,0.26601941747572816,0.09518847772651237,ok,
2007_005266,2,680,0.013552295918367346,<2%,680,3149,47027,0.014459778425160014,97,68,142,112,0.9782608695652174,square,True,True,True,cmt_s,pretrained,3,2,0.5882352941176471,0.13031926272946373,ok,
2007_005266,3,830,0.016541772959183673,<2%,830,3149,47027,0.017649435430710018,95,140,142,190,1.0625,square,True,True,True,cmt_s,pretrained,3,5,0.0783132530120482,0.05602518158293649,ok,
2007_005281,2,1170,0.023317920918367346,2-5%,1170,3659,46517,0.025152094933035236,65,92,158,127,0.3829787234042553,tall,True,True,True,cmt_s,pretrained,2,3,0.20341880341880342,0.09855969052077464,ok,
2007_005294,1,23045,0.4592833227040816,>=40%,23045,1223,48953,0.47075766551590303,0,45,223,223,0.7991071428571429,square,True,True,True,cmt_s,pretrained,3,4,0.7073117812974615,0.7359981302188991,ok,
2007_005296,2,860,0.017139668367346938,<2%,860,889,49287,0.01744882017570556,162,0,203,26,0.6428571428571429,tall,True,True,True,cmt_s,pretrained,5,0,0.3174418604651163,0.09284139102511603,ok,
2007_005331,2,3114,0.06206154336734694,5-10%,3114,5012,45164,0.06894872021964396,3,97,152,168,0.48,tall,True,True,True,cmt_s,pretrained,2,4,0.4511881824020552,0.23803753830642077,ok,
2007_005331,3,934,0.018614477040816327,<2%,934,5012,45164,0.020680187760162963,10,62,35,107,1.7692307692307692,wide,True,True,True,cmt_s,pretrained,0,2,0.0010706638115631692,0.021446097145425565,ok,
2007_005331,5,713,0.01420998086734694,<2%,713,5012,45164,0.01578690992826145,7,0,38,26,0.84375,square,True,True,True,cmt_s,pretrained,0,0,0.17952314165497896,0.05640989940413141,ok,
2007_005354,2,9703,0.19337930484693877,10-20%,9703,2514,47662,0.2035793714069909,60,0,223,96,0.5914634146341463,tall,True,True,True,cmt_s,pretrained,4,1,0.45800267958363394,0.3871406138598099,ok,
2007_005360,1,16628,0.33139349489795916,20-40%,16628,1928,48248,0.3446360470900348,66,0,162,223,2.3092783505154637,wide,True,True,True,cmt_s,pretrained,3,3,0.6375390906904017,0.7658995345792481,ok,
2007_005368,2,31652,0.6308195153061225,>=40%,31652,3510,46666,0.6782668323833198,0,20,223,214,0.8705357142857143,square,True,True,True,cmt_s,pretrained,3,3,0.648079110324782,0.6469758489191121,ok,
2007_005702,2,15544,0.30978954081632654,20-40%,15544,5263,44913,0.34609133213100884,0,46,223,219,0.7767857142857143,square,True,True,True,cmt_s,pretrained,2,4,0.3019171384457025,0.40304785146219674,ok,
2007_005797,3,2227,0.04438376913265306,2-5%,2227,3398,46778,0.047607849843943735,0,17,80,60,0.5432098765432098,tall,True,True,True,cmt_s,pretrained,1,1,0.285136955545577,0.12957056046677312,ok,
2007_005813,2,1241,0.02473294005102041,2-5%,1241,4296,45880,0.02704882301656495,108,73,175,135,0.9264705882352942,square,True,True,True,cmt_s,pretrained,4,3,0.0056406124093473006,0.028709747688747064,ok,
2007_005845,1,5872,0.11702806122448979,10-20%,5872,1676,48500,0.1210721649484536,148,0,223,119,1.5789473684210527,wide,True,True,True,cmt_s,pretrained,5,1,0.16263623978201636,0.1386679089229568,ok,
2007_005911,1,30411,0.606086575255102,>=40%,30411,1095,49081,0.6196084024367882,32,0,186,223,1.4451612903225806,square,True,True,True,cmt_s,pretrained,3,3,0.48400249909572196,0.3238337342077178,ok,
2007_005951,2,2821,0.05622209821428571,5-10%,2821,2184,47992,0.0587806301050175,23,169,164,223,0.3873239436619718,tall,True,True,True,cmt_s,pretrained,2,6,0.6770648706132577,0.37075852285750766,ok,
2007_005989,2,2692,0.05365114795918367,5-10%,2692,2303,47873,0.056232114135316355,58,100,153,169,0.7291666666666666,square,True,True,True,cmt_s,pretrained,3,4,0.1485884101040119,0.10482694550736263,ok,
2007_006151,2,2594,0.05169802295918367,5-10%,2594,5286,44890,0.05778569837380263,59,34,180,87,0.4426229508196721,tall,True,True,True,cmt_s,pretrained,3,1,0.10601387818041634,0.09017099735306675,ok,
2007_006277,1,20518,0.4089205994897959,>=40%,20518,1520,48656,0.4216951660637948,45,1,189,223,1.5379310344827586,wide,True,True,True,cmt_s,pretrained,3,3,0.26873964324008187,0.3205384924963867,ok,
2007_006409,2,938,0.018694196428571428,<2%,938,2113,48063,0.019516051848615358,84,0,150,29,0.44776119402985076,tall,True,True,True,cmt_s,pretrained,4,0,0.1023454157782516,0.05226447609340742,ok,
2007_006660,1,5826,0.11611128826530612,10-20%,5826,2239,47937,0.12153451404969022,153,0,210,136,2.3620689655172415,wide,True,True,True,cmt_s,pretrained,5,2,0.0509783728115345,0.09097163095152913,ok,
2007_006699,2,20378,0.4061304209183674,>=40%,20378,1376,48800,0.41758196721311475,0,23,124,223,1.608,wide,True,True,True,cmt_s,pretrained,1,4,0.5843556776916282,0.5882077227107819,ok,
2007_006900,3,857,0.01707987882653061,<2%,857,2260,47916,0.01788546623257367,72,0,118,33,0.723404255319149,square,True,True,True,cmt_s,pretrained,2,0,0.2508751458576429,0.06575152833523304,ok,
2007_006944,1,6142,0.12240911989795919,10-20%,6142,2806,47370,0.1296601224403631,106,0,194,85,0.9662921348314607,square,True,True,True,cmt_s,pretrained,4,1,0.44220123738196027,0.27371071584488277,ok,
2007_007007,3,7910,0.15764508928571427,10-20%,7910,4891,45285,0.1746715247874572,114,107,223,223,1.0636363636363637,square,True,True,True,cmt_s,pretrained,5,5,0.5259165613147914,0.4250386262153532,ok,
2007_007109,1,24653,0.4913305165816326,>=40%,24653,3328,46848,0.5262337773224044,1,46,223,223,0.7982062780269058,square,True,True,True,cmt_s,pretrained,3,4,0.5772928244027096,0.42371121824948743,ok,
2007_007130,2,1355,0.027004942602040817,2-5%,1355,3469,46707,0.029010640803305714,48,99,93,136,0.8260869565217391,square,True,True,True,cmt_s,pretrained,2,3,0.40369003690036903,0.1726043668698036,ok,
2007_007154,1,16187,0.32260443239795916,20-40%,16187,1669,48507,0.33370441379594695,0,42,223,151,0.49107142857142855,tall,True,True,True,cmt_s,pretrained,3,3,0.41199728176932104,0.4100144908565738,ok,
2007_007165,1,2705,0.05391023596938776,5-10%,2705,782,49394,0.054763736486212904,182,115,223,215,2.4047619047619047,wide,True,True,True,cmt_s,pretrained,6,5,0.5268022181146026,0.2451504517355088,ok,
2007_007168,1,23856,0.47544642857142855,>=40%,23856,2610,47566,0.5015347096665685,24,29,214,223,1.0209424083769634,square,True,True,True,cmt_s,pretrained,4,3,0.5158450704225352,0.574697505231429,ok,
2007_007230,1,3555,0.07085060586734694,5-10%,3555,1956,48220,0.07372459560348403,75,122,172,177,0.5714285714285714,tall,True,True,True,cmt_s,pretrained,3,4,0.41322081575246133,0.2097862319197981,ok,
2007_007235,1,3738,0.07449776785714286,5-10%,3738,6870,43306,0.08631598392832401,81,37,185,190,1.4666666666666666,square,True,True,True,cmt_s,pretrained,4,5,0.1032637774210808,0.08353863255413507,ok,
2007_007414,2,5631,0.1122249681122449,10-20%,5631,1033,49143,0.11458396923264758,74,72,133,204,2.216666666666667,wide,True,True,True,cmt_s,pretrained,3,4,0.22855620671283963,0.19125313003162867,ok,
2007_007415,2,13864,0.2763073979591837,20-40%,13864,2225,47951,0.2891284853287731,62,0,168,223,2.0934579439252334,wide,True,True,True,cmt_s,pretrained,3,3,0.38560300057703406,0.40313318548218263,ok,
2007_007498,2,22914,0.45667251275510207,>=40%,22914,6219,43957,0.5212821621129741,0,36,223,223,0.8392857142857143,square,True,True,True,cmt_s,pretrained,4,4,0.7124901806755696,0.7879379700474852,ok,
2007_007534,1,10312,0.20551658163265307,20-40%,10312,2390,47786,0.21579542125308668,93,85,223,214,0.9923664122137404,square,True,True,True,cmt_s,pretrained,5,5,0.5916408068269977,0.4674629650161961,ok,
2007_007621,1,2635,0.05251514668367347,5-10%,2635,1224,48952,0.053828239908481776,62,144,119,206,1.0862068965517242,square,True,True,True,cmt_s,pretrained,2,5,0.349146110056926,0.18995702113494675,ok,
2007_007688,1,30827,0.6143773915816326,>=40%,30827,2903,47273,0.6521058532354621,0,0,223,223,1.0,square,True,True,True,cmt_s,pretrained,4,3,0.7504135984688747,0.8092897872255604,ok,
2007_007818,1,807,0.016083386479591837,<2%,807,1430,48746,0.01655520452960243,67,157,99,184,0.8484848484848485,square,True,True,True,cmt_s,pretrained,2,5,0.1697645600991326,0.054485326461019515,ok,
2007_007836,3,1574,0.031369579081632654,2-5%,1574,4088,46088,0.03415205693455997,70,177,156,223,0.5402298850574713,tall,True,True,True,cmt_s,pretrained,3,6,0.204574332909784,0.10613663821867948,ok,
2007_007902,2,7999,0.1594188456632653,10-20%,7999,2005,48171,0.1660542650142202,34,0,189,98,0.6346153846153846,tall,True,True,True,cmt_s,pretrained,3,1,0.3822977872234029,0.2969801417161501,ok,
2007_007902,4,1839,0.03665098852040816,2-5%,1839,2005,48171,0.03817649623217288,29,0,90,79,1.2903225806451613,square,True,True,True,cmt_s,pretrained,1,1,0.17020119630233824,0.09194609070277387,ok,
2007_007996,4,4149,0.0826889349489796,5-10%,4149,6816,43360,0.09568726937269373,145,76,223,182,1.3544303797468353,square,True,True,True,cmt_s,pretrained,5,4,0.38322487346348516,0.22367818823332436,ok,
2007_008051,1,12269,0.24451929209183673,20-40%,12269,1198,48978,0.25050022459063254,67,42,223,174,0.8471337579617835,square,True,True,True,cmt_s,pretrained,4,3,0.34689053712609014,0.29917734055148715,ok,
2007_008110,1,1282,0.025550063775510203,2-5%,1282,3815,46361,0.027652552792217597,87,58,131,122,1.4444444444444444,square,True,True,True,cmt_s,pretrained,3,2,0.5226209048361935,0.16014901578482146,ok,
2007_008110,3,7106,0.14162149234693877,10-20%,7106,3815,46361,0.15327538232566165,49,36,223,142,0.6114285714285714,tall,True,True,True,cmt_s,pretrained,4,2,0.26766113143822123,0.2141167092041932,ok,
2007_008110,4,1469,0.029276945153061226,2-5%,1469,3815,46361,0.03168611548499817,32,183,113,221,0.47560975609756095,tall,True,True,True,cmt_s,pretrained,1,6,0.45132743362831856,0.15700333150426385,ok,
2007_008204,2,9117,0.1817004145408163,10-20%,9117,1672,48504,0.18796387926768926,67,147,195,223,0.5968992248062015,tall,True,True,True,cmt_s,pretrained,4,5,0.6497751453328946,0.595068055195553,ok,
2007_008260,2,36692,0.7312659438775511,>=40%,36692,945,49231,0.7453027563933294,0,0,223,223,1.0,square,True,True,True,cmt_s,pretrained,4,3,0.7583669464733457,0.7820347695286224,ok,
2007_008407,2,872,0.017378826530612245,<2%,872,4812,45364,0.019222290803280133,94,170,129,197,0.7777777777777778,square,True,True,True,cmt_s,pretrained,3,5,0.45756880733944955,0.12304645098940963,ok,
2007_008407,3,786,0.015664859693877552,<2%,786,4812,45364,0.017326514416718102,186,173,223,223,1.3421052631578947,square,True,True,True,cmt_s,pretrained,6,6,0.3346055979643766,0.12630356664847978,ok,
2007_008526,5,1129,0.022500797193877552,2-5%,1129,2676,47500,0.023768421052631578,67,57,129,92,0.5714285714285714,tall,True,True,True,cmt_s,pretrained,3,2,0.4021257750221435,0.10713491064879452,ok,
2007_008543,3,2964,0.059072066326530615,5-10%,2964,1455,48721,0.060836189733379856,180,103,223,223,2.75,wide,True,True,True,cmt_s,pretrained,6,4,0.502361673414305,0.33273555655499437,ok,
2007_008547,4,881,0.017558195153061226,<2%,881,6807,43369,0.020314049205653807,103,0,160,36,0.6379310344827587,tall,True,True,True,cmt_s,pretrained,4,0,0.2304199772985244,0.07552162626465346,ok,
2007_008778,1,2211,0.044064891581632654,2-5%,2211,1373,48803,0.04530459193082392,1,182,88,215,0.38636363636363635,tall,True,True,True,cmt_s,pretrained,1,6,0.35594753505201265,0.134704903759625,ok,
2007_008778,2,3085,0.06148357780612245,5-10%,3085,1373,48803,0.06321332704956663,5,0,223,72,0.3333333333333333,tall,True,True,True,cmt_s,pretrained,1,0,0.2188006482982172,0.1448585026129397,ok,
2007_008945,1,18217,0.36306202168367346,20-40%,18217,12468,37708,0.48310703299034685,124,0,223,223,2.24,wide,True,True,True,cmt_s,pretrained,5,3,0.6126145907668661,0.5764232059416982,ok,
2007_008973,1,9117,0.1817004145408163,10-20%,9117,1514,48662,0.18735358185031442,31,127,182,223,0.6381578947368421,tall,True,True,True,cmt_s,pretrained,3,5,0.6083141384227267,0.4872773871646205,ok,
2007_008994,2,2223,0.04430404974489796,2-5%,2223,2899,47277,0.047020750047591854,94,0,203,41,0.38181818181818183,tall,True,True,True,cmt_s,pretrained,5,0,0.2564102564102564,0.13406821170238012,ok,
2007_009068,1,1753,0.03493702168367347,2-5%,1753,3109,47067,0.037244778719697454,180,170,222,223,1.255813953488372,square,True,True,True,cmt_s,pretrained,6,6,0.24643468339988592,0.12335394792831228,ok,
2007_009139,2,2503,0.049884406887755105,2-5%,2503,6316,43860,0.05706794345645235,0,19,119,60,0.35,tall,True,True,True,cmt_s,pretrained,1,1,0.16220535357570914,0.11848325439727667,ok,
2007_009139,5,970,0.019331951530612245,<2%,970,6316,43860,0.022115823073415412,0,74,46,113,0.851063829787234,square,True,True,True,cmt_s,pretrained,0,3,0.0577319587628866,0.05043048554939619,ok,
2007_009331,4,939,0.018714126275510203,<2%,939,2767,47409,0.01980636587989622,118,117,156,177,1.564102564102564,wide,True,True,True,cmt_s,pretrained,4,4,0.2779552715654952,0.0819511427803589,ok,
2007_009346,2,5708,0.11375956632653061,10-20%,5708,2173,48003,0.1189092348394892,63,108,187,219,0.896,square,True,True,True,cmt_s,pretrained,4,5,0.40416958654519974,0.3043360896792429,ok,
2007_009413,2,1200,0.02391581632653061,2-5%,1200,8904,41272,0.029075402209730566,52,107,106,149,0.7818181818181819,square,True,True,True,cmt_s,pretrained,2,3,0.4066666666666667,0.19641352028725995,ok,
2007_009435,2,7318,0.1458466198979592,10-20%,7318,1358,48818,0.14990372403621616,94,0,191,110,1.1326530612244898,square,True,True,True,cmt_s,pretrained,4,1,0.37605903252254713,0.2754052114437325,ok,
2007_009458,2,1158,0.02307876275510204,2-5%,1158,1341,48835,0.0237125012798198,2,54,39,96,1.131578947368421,square,True,True,True,cmt_s,pretrained,0,2,0.4006908462867012,0.15075532605151495,ok,
2007_009458,3,882,0.017578125,<2%,882,1341,48835,0.018060817036961194,9,98,39,133,1.1612903225806452,square,True,True,True,cmt_s,pretrained,0,3,0.36167800453514737,0.10483103676684304,ok,
2007_009458,7,600,0.011957908163265306,<2%,600,1341,48835,0.012286270093170881,0,190,22,223,1.4782608695652173,square,True,True,True,cmt_s,pretrained,0,6,0.5633333333333334,0.1723959149819277,ok,
2007_009550,5,977,0.019471460459183673,<2%,977,3727,46449,0.021033822041378717,181,190,223,222,0.7674418604651163,square,True,True,True,cmt_s,pretrained,6,6,0.48925281473899696,0.16891490437028217,ok,
2007_009649,4,1322,0.026347257653061226,2-5%,1322,7889,42287,0.03126256296261262,82,82,150,137,0.8115942028985508,square,True,True,True,cmt_s,pretrained,3,3,0.32829046898638425,0.1112895168180914,ok,
2007_009649,7,8200,0.1634247448979592,10-20%,8200,7889,42287,0.1939130229148438,52,0,223,165,0.9651162790697675,square,True,True,True,cmt_s,pretrained,4,1,0.48890243902439023,0.36083194750644815,ok,
2007_009665,2,919,0.018315529336734693,<2%,919,1937,48239,0.019050975351893696,114,0,172,21,0.3728813559322034,tall,True,True,True,cmt_s,pretrained,4,0,0.13710554951033732,0.06365738414757222,ok,
2007_009764,1,12405,0.2472297512755102,20-40%,12405,1499,48677,0.25484314974217803,77,106,204,223,0.921875,square,True,True,True,cmt_s,pretrained,4,5,0.2411124546553809,0.2153284919532959,ok,
2007_009950,2,1585,0.03158880739795918,2-5%,1585,1209,48967,0.032368738129760856,77,104,130,142,0.7222222222222222,square,True,True,True,cmt_s,pretrained,3,3,0.17034700315457413,0.07700756731655035,ok,
2008_000009,1,693,0.013811383928571428,<2%,693,565,49611,0.013968676301626655,97,94,130,135,1.2352941176470589,square,True,True,True,cmt_s,pretrained,3,3,0.41125541125541126,0.08225176109673606,ok,
2008_000019,1,10795,0.21514269770408162,20-40%,10795,4793,45383,0.23786439856333869,0,29,143,217,1.3125,square,True,True,True,cmt_s,pretrained,1,4,0.41843446039833254,0.32267977748069127,ok,
2008_000019,2,5454,0.10869738520408163,10-20%,5454,4793,45383,0.1201771588480268,60,53,187,175,0.9609375,square,True,True,True,cmt_s,pretrained,4,3,0.3412174550788412,0.21328560809308372,ok,
2008_000120,1,19818,0.3949697066326531,20-40%,19818,4489,45687,0.4337776610414341,38,0,170,218,1.6466165413533835,wide,True,True,True,cmt_s,pretrained,3,3,0.4699263295993541,0.5406644487261548,ok,
2008_000182,1,2053,0.040915975765306124,2-5%,2053,492,49684,0.041321149665888415,154,128,208,182,1.0,square,True,True,True,cmt_s,pretrained,5,4,0.49585971748660496,0.16551402135318255,ok,
2008_000217,2,14775,0.29446348852040816,20-40%,14775,2116,48060,0.3074282147315855,33,104,223,212,0.5706806282722513,tall,True,True,True,cmt_s,pretrained,4,4,0.6025042301184433,0.6945255228546394,ok,
2008_000226,5,1347,0.02684550382653061,2-5%,1347,2194,47982,0.028073027385269476,96,58,127,140,2.59375,wide,True,True,True,cmt_s,pretrained,3,2,0.0,0.025704257504963565,ok,
2008_000235,1,2263,0.04510124362244898,2-5%,2263,1466,48710,0.046458632724286596,57,137,133,189,0.6883116883116883,square,True,True,True,cmt_s,pretrained,3,5,0.171895713654441,0.08407054790833009,ok,
2008_000259,3,855,0.017040019132653062,<2%,855,2912,47264,0.018089878131347326,89,185,148,213,0.48333333333333334,tall,True,True,True,cmt_s,pretrained,3,6,0.00935672514619883,0.026757916191855493,ok,
2008_000270,1,8866,0.1766980229591837,10-20%,8866,3812,46364,0.19122595116901045,86,12,223,186,1.2681159420289856,square,True,True,True,cmt_s,pretrained,4,3,0.19918790886532822,0.18668670260335288,ok,
2008_000284,2,926,0.01845503826530612,<2%,926,4550,45626,0.020295445579274974,25,0,188,37,0.23170731707317074,tall,True,True,True,cmt_s,pretrained,5,0,0.32181425485961124,0.08436139096299533,ok,
2008_000289,1,8561,0.17061941964285715,10-20%,8561,1084,49092,0.17438686547706347,53,29,223,108,0.4678362573099415,tall,True,True,True,cmt_s,pretrained,4,2,0.7530662305805397,0.5990626004105746,ok,
2008_000365,1,4116,0.08203125,5-10%,4116,1516,48660,0.0845869297163995,130,134,222,221,0.946236559139785,square,True,True,True,cmt_s,pretrained,5,5,0.2555879494655005,0.15584703668697567,ok,
2008_000400,1,907,0.01807637117346939,<2%,907,571,49605,0.01828444713234553,110,88,154,139,1.1555555555555554,square,True,True,True,cmt_s,pretrained,3,3,0.5402425578831312,0.13177813750187597,ok,
2008_000422,1,17313,0.3450454400510204,20-40%,17313,2375,47801,0.3621890755423527,0,16,205,175,0.7766990291262136,square,True,True,True,cmt_s,pretrained,3,3,0.7412349101830994,0.7722566588159624,ok,
2008_000464,1,13753,0.2740951849489796,20-40%,13753,1779,48397,0.28417050643634933,13,61,193,199,0.7679558011049724,square,True,True,True,cmt_s,pretrained,3,4,0.557914636806515,0.510776785310327,ok,
2008_000505,1,19252,0.38368941326530615,20-40%,19252,1295,48881,0.3938544628792373,50,0,223,150,0.867816091954023,square,True,True,True,cmt_s,pretrained,4,2,0.4381362975275296,0.4248988508729141,ok,
2008_000540,1,13141,0.261898118622449,20-40%,13141,1191,48985,0.26826579565173014,73,57,222,200,0.96,square,True,True,True,cmt_s,pretrained,5,3,0.5194429647667606,0.4940116874492673,ok,
2008_000588,1,7381,0.14710220025510204,10-20%,7381,15002,35174,0.20984249729914142,39,53,190,203,0.993421052631579,square,True,True,True,cmt_s,pretrained,3,4,0.5180869800839994,0.49082553215018665,ok,
2008_000711,2,3174,0.06325733418367346,5-10%,3174,3770,46406,0.06839632806102659,27,166,105,223,0.7341772151898734,square,True,True,True,cmt_s,pretrained,2,6,0.5897920604914934,0.287623802151913,ok,
2008_000760,3,767,0.015286192602040817,<2%,767,4273,45903,0.016709147550269046,0,0,72,39,0.547945205479452,tall,True,True,True,cmt_s,pretrained,0,0,0.4589308996088657,0.092635919327767,ok,
2008_000811,1,2076,0.04137436224489796,2-5%,2076,3460,46716,0.044438736193167225,33,150,207,223,0.4228571428571429,tall,True,True,True,cmt_s,pretrained,1,5,0.023603082851637765,0.051805993200345096,ok,
2008_000841,1,25991,0.5179966517857143,>=40%,25991,2365,47811,0.5436196691138022,15,0,222,161,0.7788461538461539,square,True,True,True,cmt_s,pretrained,4,2,0.6358739563695125,0.7297528376679249,ok,
2008_000992,1,21749,0.43345424107142855,>=40%,21749,1794,48382,0.44952668347732627,17,39,223,219,0.8743961352657005,square,True,True,True,cmt_s,pretrained,4,4,0.5814979999080417,0.6150605063696454,ok,
2008_001070,1,5752,0.11463647959183673,10-20%,5752,966,49210,0.11688681162365373,70,66,173,153,0.8461538461538461,square,True,True,True,cmt_s,pretrained,4,3,0.003129346314325452,0.05342521493472431,ok,
2008_001112,1,8565,0.17069913903061223,10-20%,8565,1931,48245,0.17753135039900508,69,85,223,191,0.6903225806451613,square,True,True,True,cmt_s,pretrained,4,4,0.17501459427904262,0.16762240436066422,ok,
2008_001231,1,1803,0.03593351403061224,2-5%,1803,2273,47903,0.03763856125921132,42,89,137,137,0.5104166666666666,tall,True,True,True,cmt_s,pretrained,2,3,0.17970049916805325,0.07907260152048962,ok,
2008_001375,3,5053,0.10070551658163265,10-20%,5053,4730,45446,0.11118690313778991,83,103,160,197,1.2179487179487178,square,True,True,True,cmt_s,pretrained,3,4,0.17177914110429449,0.1596834548356186,ok,
2008_001379,1,11084,0.22090242346938777,20-40%,11084,1354,48822,0.2270287984924829,38,41,213,151,0.6306818181818182,tall,True,True,True,cmt_s,pretrained,3,3,0.28076506676290147,0.2902372344068978,ok,
2008_001399,1,13599,0.27102598852040816,20-40%,13599,912,49264,0.2760433582331926,92,0,223,146,1.1136363636363635,square,True,True,True,cmt_s,pretrained,4,1,0.515111405250386,0.46835423855400804,ok,
2008_001404,1,9506,0.189453125,10-20%,9506,3315,46861,0.20285525276882696,27,79,223,176,0.49746192893401014,tall,True,True,True,cmt_s,pretrained,3,4,0.37281716810435517,0.39583538918447264,ok,
2008_001439,1,4683,0.09333147321428571,5-10%,4683,9356,40820,0.11472317491425772,31,0,213,52,0.2896174863387978,tall,True,True,True,cmt_s,pretrained,3,0,0.2483450779414905,0.20330578572911107,ok,
2008_001491,1,13885,0.27672592474489793,20-40%,13885,2605,47571,0.2918795064219798,51,0,171,223,1.8512396694214877,wide,True,True,True,cmt_s,pretrained,3,3,0.5546993158084264,0.4946818913358745,ok,
2008_001682,1,3978,0.07928093112244898,5-10%,3978,1253,48923,0.08131144860290661,78,52,178,150,0.9801980198019802,square,True,True,True,cmt_s,pretrained,3,3,0.4937154348919055,0.27601682356500723,ok,
2008_001997,4,5113,0.10190130739795919,10-20%,5113,2389,47787,0.10699562642559692,101,53,223,144,0.7479674796747967,square,True,True,True,cmt_s,pretrained,5,3,0.4015255231762175,0.23188166009483155,ok,
2008_002032,1,994,0.019810267857142856,<2%,994,5928,44248,0.022464292171397577,7,0,223,22,0.10599078341013825,tall,True,True,True,cmt_s,pretrained,6,0,0.5392354124748491,0.1898151771000299,ok,
2008_002123,2,860,0.017139668367346938,<2%,860,6121,44055,0.019521053228918398,64,187,132,212,0.37681159420289856,tall,True,True,True,cmt_s,pretrained,3,6,0.23488372093023255,0.07208416483928644,ok,
2008_002212,2,1459,0.02907764668367347,2-5%,1459,2179,47997,0.03039773319165781,87,35,144,73,0.6724137931034483,square,True,True,True,cmt_s,pretrained,3,1,0.0822481151473612,0.06473485117410004,ok,
2008_002212,3,862,0.01717952806122449,<2%,862,2179,47997,0.01795945579932079,52,58,96,95,0.8444444444444444,square,True,True,True,cmt_s,pretrained,2,2,0.11136890951276102,0.046111758302609614,ok,
2008_002218,3,9601,0.1913464604591837,10-20%,9601,3231,46945,0.20451592288848652,42,110,184,215,0.7412587412587412,square,True,True,True,cmt_s,pretrained,3,4,0.35569211540464535,0.3434754487307256,ok,
2008_002288,1,10739,0.2140266262755102,20-40%,10739,1693,48483,0.22150031969968856,86,74,223,218,1.0507246376811594,square,True,True,True,cmt_s,pretrained,4,5,0.4962286991339976,0.44506354145996013,ok,
2008_002411,1,2783,0.05546476403061224,5-10%,2783,3243,46933,0.059297296145569216,119,64,210,159,1.0434782608695652,square,True,True,True,cmt_s,pretrained,4,3,0.4498742364355013,0.22775036818166605,ok,
2008_002536,2,854,0.017020089285714284,<2%,854,2837,47339,0.01804009379158833,62,196,130,223,0.4057971014492754,tall,True,True,True,cmt_s,pretrained,2,6,0.5585480093676815,0.1566108234152913,ok,
2008_002623,1,4834,0.09634088010204081,5-10%,4834,811,49365,0.0979236301022992,167,0,223,207,3.6491228070175437,wide,True,True,True,cmt_s,pretrained,6,2,0.5678527099710384,0.3358659221624983,ok,
2008_002681,1,10264,0.20455994897959184,20-40%,10264,1290,48886,0.20995786114634046,44,99,223,194,0.5333333333333333,tall,True,True,True,cmt_s,pretrained,3,4,0.8089438815276695,0.6723812173110975,ok,
2008_002894,1,9588,0.19108737244897958,10-20%,9588,4264,45912,0.20883429168844747,105,0,223,203,1.7142857142857142,wide,True,True,True,cmt_s,pretrained,5,2,0.3307259073842303,0.28500719243811967,ok,
2008_002929,1,8179,0.1630062181122449,10-20%,8179,3493,46683,0.1752029646766489,123,5,223,223,2.1683168316831685,wide,True,True,True,cmt_s,pretrained,5,1,0.27692871989240736,0.2469502712627037,ok,
2008_003034,1,6648,0.13249362244897958,10-20%,6648,2931,47245,0.14071330299502594,161,0,214,223,4.148148148148148,wide,True,True,True,cmt_s,pretrained,6,3,0.27421780986762934,0.23117628855396044,ok,
2008_003065,1,21493,0.42835220025510207,>=40%,21493,3364,46812,0.45913440998034694,0,24,223,223,0.8928571428571429,square,True,True,True,cmt_s,pretrained,2,3,0.761922486390918,0.7813135695353282,ok,
2008_003094,1,931,0.0185546875,<2%,931,3157,47019,0.01980050617835343,133,156,190,190,0.603448275862069,tall,True,True,True,cmt_s,pretrained,4,5,0.2996777658431794,0.10495907462713981,ok,
2008_003333,1,2397,0.047771843112244895,2-5%,2397,4358,45818,0.052315683792396005,61,179,125,223,0.6923076923076923,square,True,True,True,cmt_s,pretrained,2,6,0.24322069253233208,0.13564493860428292,ok,
2008_003333,2,3982,0.07936065051020408,5-10%,3982,4358,45818,0.08690907503601204,86,50,198,189,1.238938053097345,square,True,True,True,cmt_s,pretrained,4,3,0.32219989954796585,0.19403391570947445,ok,
2008_003333,3,3339,0.06654575892857142,5-10%,3339,4358,45818,0.07287528918765551,52,112,173,176,0.5327868852459017,tall,True,True,True,cmt_s,pretrained,3,4,0.16831386642707397,0.12288797229688646,ok,
2008_003362,1,3646,0.07266422193877552,5-10%,3646,900,49276,0.07399139540547123,37,116,84,223,2.25,wide,True,True,True,cmt_s,pretrained,1,5,0.23505211190345585,0.15941806551177415,ok,
2008_003461,4,1737,0.03461814413265306,2-5%,1737,4218,45958,0.03779537838896384,104,171,202,223,0.5353535353535354,tall,True,True,True,cmt_s,pretrained,4,6,0.41968911917098445,0.2068540001803992,ok,
2008_003477,1,1387,0.027642697704081634,2-5%,1387,3194,46982,0.0295219445745179,81,182,121,223,1.024390243902439,square,True,True,True,cmt_s,pretrained,3,6,0.5573179524152848,0.1860071572202047,ok,
2008_003500,1,36105,0.7195671237244898,>=40%,36105,1354,48822,0.7395231657859161,0,2,190,215,1.1204188481675392,square,True,True,True,cmt_s,pretrained,2,3,0.7590361445783133,0.894023355705443,ok,
2008_003511,3,20150,0.40158641581632654,>=40%,20150,2478,47698,0.4224495785986834,16,101,223,223,0.5913461538461539,tall,True,True,True,cmt_s,pretrained,4,5,0.569727047146402,0.6440425730569141,ok,
2008_003523,4,667,0.013293207908163265,<2%,667,4950,45226,0.014748153716888516,188,0,223,39,1.1111111111111112,square,True,True,True,cmt_s,pretrained,6,0,0.04047976011994003,0.02574469388688204,ok,
2008_003585,1,22713,0.45266661352040816,>=40%,22713,1348,48828,0.4651634308183829,16,0,196,139,0.7734806629834254,square,True,True,True,cmt_s,pretrained,3,2,0.5902786950204728,0.6385296774276412,ok,
2008_003676,2,5199,0.10361527423469388,10-20%,5199,6046,44130,0.1178110129163834,94,110,223,167,0.4461538461538462,tall,True,True,True,cmt_s,pretrained,5,4,0.4029621080977111,0.2956008293922872,ok,
2008_003733,3,14169,0.2823860012755102,20-40%,14169,3836,46340,0.30576176089771256,29,31,223,210,0.9230769230769231,square,True,True,True,cmt_s,pretrained,4,2,0.3854894487966688,0.3952275828506124,ok,
2008_003814,2,3162,0.06301817602040816,5-10%,3162,349,49827,0.06345957011258956,139,0,223,56,0.6705882352941176,square,True,True,True,cmt_s,pretrained,5,0,0.5135989879822896,0.24183135125959382,ok,
2008_003874,1,13326,0.26558514030612246,20-40%,13326,6456,43720,0.30480329368709974,27,0,223,99,0.5076142131979695,tall,True,True,True,cmt_s,pretrained,4,1,0.42158187002851566,0.49059613925881557,ok,
2008_003874,2,16767,0.334163743622449,20-40%,16767,6456,43720,0.38350869167429097,11,109,222,223,0.5424528301886793,tall,True,True,True,cmt_s,pretrained,4,5,0.3774676447784338,0.31113504006471493,ok,
2008_003998,1,43087,0.8587173150510204,>=40%,43087,3138,47038,0.9160040818061992,18,0,223,223,1.087378640776699,square,True,True,True,cmt_s,pretrained,3,3,0.9180263188432706,0.9536580739719044,ok,
2008_004175,1,6003,0.11963887117346939,10-20%,6003,2308,47868,0.12540737026823764,59,0,131,146,2.0136986301369864,wide,True,True,True,cmt_s,pretrained,2,1,0.5802098950524738,0.36307319753852463,ok,
2008_004212,1,6958,0.138671875,10-20%,6958,1076,49100,0.14171079429735234,90,62,164,223,2.16,wide,True,True,True,cmt_s,pretrained,3,4,0.2058062661684392,0.19555087091331946,ok,
2008_004321,5,918,0.01829559948979592,<2%,918,2703,47473,0.019337307522170496,181,0,223,23,0.5581395348837209,tall,True,True,True,cmt_s,pretrained,6,0,0.37254901960784315,0.1003685889515202,ok,
2008_004583,1,15523,0.30937101403061223,20-40%,15523,1270,48906,0.3174048174048174,59,0,161,223,2.174757281553398,wide,True,True,True,cmt_s,pretrained,3,3,0.6545770791728402,0.6581367235879128,ok,
2008_004588,1,4613,0.09193638392857142,5-10%,4613,591,49585,0.09303216698598367,166,113,221,223,1.9821428571428572,wide,True,True,True,cmt_s,pretrained,6,5,0.2109256449165402,0.1669430647484972,ok,
2008_004610,1,26015,0.5184749681122449,>=40%,26015,1651,48525,0.5361154044307058,36,0,206,223,1.3099415204678362,square,True,True,True,cmt_s,pretrained,3,2,0.5084758793004036,0.5413813778324678,ok,
2008_004758,1,6292,0.1253985969387755,10-20%,6292,5947,44229,0.14225960342761537,26,0,209,182,0.9945652173913043,square,True,True,True,cmt_s,pretrained,5,2,0.14399237126509853,0.18684143442513174,ok,
2008_004776,3,4998,0.099609375,5-10%,4998,2610,47566,0.10507505360972123,146,0,223,97,1.2564102564102564,square,True,True,True,cmt_s,pretrained,5,1,0.5214085634253701,0.3399136261509221,ok,
2008_004946,1,20966,0.4178491709183674,>=40%,20966,2845,47331,0.44296549829921195,16,0,193,206,1.1629213483146068,square,True,True,True,cmt_s,pretrained,4,3,0.5101116092721549,0.6740524051470155,ok,
2008_005006,1,6739,0.13430723852040816,10-20%,6739,623,49553,0.13599580247411863,70,51,145,143,1.2236842105263157,square,True,True,True,cmt_s,pretrained,3,3,0.21190087550081615,0.1487444101449505,ok,
2008_005089,3,787,0.015684789540816327,<2%,787,3307,46869,0.01679148264311165,131,193,171,223,0.7560975609756098,square,True,True,True,cmt_s,pretrained,4,6,0.41296060991105465,0.10532952011568218,ok,
2008_005197,4,2470,0.04922672193877551,2-5%,2470,4011,46165,0.05350373659698906,27,156,158,209,0.4090909090909091,tall,True,True,True,cmt_s,pretrained,2,5,0.294331983805668,0.13191993988247044,ok,
2008_005342,2,10447,0.20820711096938777,20-40%,10447,5677,44499,0.23476932065889122,131,0,223,166,1.7956989247311828,wide,True,True,True,cmt_s,pretrained,5,2,0.19249545324016465,0.20010119433839932,ok,
2008_005541,1,12939,0.2578722895408163,20-40%,12939,1618,48558,0.26646484616335103,56,0,152,223,2.3092783505154637,wide,True,True,True,cmt_s,pretrained,3,3,0.28634361233480177,0.28105517406791225,ok,
2008_005600,1,6602,0.13157684948979592,10-20%,6602,3631,46545,0.14184122891825116,53,19,223,111,0.543859649122807,tall,True,True,True,cmt_s,pretrained,3,1,0.20039382005452894,0.18830662237195156,ok,
2008_005678,1,20911,0.4167530293367347,>=40%,20911,1400,48776,0.42871494177464325,53,35,203,223,1.2516556291390728,square,True,True,True,cmt_s,pretrained,4,3,0.6211563292047247,0.665077336756934,ok,
2008_005680,3,4384,0.08737244897959184,5-10%,4384,2472,47704,0.09190005031024652,113,37,223,107,0.6396396396396397,tall,True,True,True,cmt_s,pretrained,5,2,0.3357664233576642,0.20245132121350434,ok,
2008_005716,1,12762,0.2543447066326531,20-40%,12762,1631,48545,0.2628901019672469,4,2,127,223,1.7903225806451613,wide,True,True,True,cmt_s,pretrained,2,2,0.4815859583137439,0.442337697591986,ok,
2008_006008,1,2900,0.05779655612244898,5-10%,2900,4047,46129,0.06286717683019359,158,101,223,196,1.4545454545454546,square,True,True,True,cmt_s,pretrained,6,4,0.4193103448275862,0.27904705934968044,ok,
2008_006008,4,3851,0.07674984056122448,5-10%,3851,4047,46129,0.08348327516312948,134,17,223,158,1.5777777777777777,wide,True,True,True,cmt_s,pretrained,4,3,0.21864450792002077,0.14798645810944716,ok,
2008_006063,1,31200,0.6218112244897959,>=40%,31200,2554,47622,0.6551593801184327,0,0,223,223,1.0,square,True,True,True,cmt_s,pretrained,2,2,0.7251602564102564,0.8075627962491024,ok,
2008_006215,1,23415,0.46665736607142855,>=40%,23415,2127,48049,0.4873150325709172,41,1,196,221,1.4166666666666667,square,True,True,True,cmt_s,pretrained,3,3,0.42489856929318814,0.41776571184989786,ok,
2008_006221,1,834,0.016621492346938774,<2%,834,2885,47291,0.017635490896787974,65,24,98,60,1.088235294117647,square,True,True,True,cmt_s,pretrained,2,1,0.5275779376498801,0.10180148297346908,ok,
2008_006254,7,13938,0.2777822066326531,20-40%,13938,9130,41046,0.33957023826925886,62,18,207,212,1.3356164383561644,square,True,True,True,cmt_s,pretrained,4,4,0.2877744296168747,0.33395100182636006,ok,
2008_006275,2,9627,0.19186463647959184,10-20%,9627,4218,45958,0.20947386744418817,43,76,223,161,0.47513812154696133,tall,True,True,True,cmt_s,pretrained,4,3,0.4649423496416329,0.4055905639414136,ok,
2008_006289,1,673,0.013412786989795918,<2%,673,2737,47439,0.014186639684647652,120,154,164,190,0.8222222222222222,square,True,True,True,cmt_s,pretrained,4,5,0.3476968796433878,0.06454881165817827,ok,
2008_006289,3,19546,0.38954878826530615,20-40%,19546,2737,47439,0.4120238622230654,0,0,203,187,0.9215686274509803,square,True,True,True,cmt_s,pretrained,3,1,0.7423002148777244,0.7463606085821095,ok,
2008_007090,1,976,0.0194515306122449,<2%,976,3601,46575,0.020955448201825013,118,0,158,45,1.1219512195121952,square,True,True,True,cmt_s,pretrained,4,0,0.1598360655737705,0.05837524014061632,ok,
2008_007378,2,3986,0.07944036989795919,5-10%,3986,5550,44626,0.08932012728006095,0,139,118,223,0.7142857142857143,square,True,True,True,cmt_s,pretrained,1,6,0.14826894129453086,0.1195545676282303,ok,
2008_007402,2,16358,0.3260124362244898,20-40%,16358,3924,46252,0.35367119259707686,0,52,223,160,0.48660714285714285,tall,True,True,True,cmt_s,pretrained,3,3,0.3993153197212373,0.38104684157505586,ok,
2008_007402,5,950,0.018933354591836735,<2%,950,3924,46252,0.020539652339358297,61,0,143,43,0.5301204819277109,tall,True,True,True,cmt_s,pretrained,2,0,0.21578947368421053,0.0674991330703229,ok,
2008_007428,2,625,0.012456154336734694,<2%,625,634,49542,0.01261555851600662,162,158,190,188,1.0689655172413792,square,True,True,True,cmt_s,pretrained,5,5,0.5392,0.1255420043302076,ok,
2008_007737,1,1039,0.020707110969387755,2-5%,1039,3078,47098,0.022060384729712515,70,102,159,130,0.32222222222222224,tall,True,True,True,cmt_s,pretrained,4,3,0.10298363811357074,0.04689200151853596,ok,
2008_007797,1,29813,0.5941685267857143,>=40%,29813,1537,48639,0.6129443450728839,27,35,202,223,1.0738636363636365,square,True,True,True,cmt_s,pretrained,3,4,0.5599235232952068,0.49489140420683975,ok,
2008_007811,1,20608,0.4107142857142857,>=40%,20608,1198,48978,0.42076034137776147,0,63,223,193,0.5848214285714286,tall,True,True,True,cmt_s,pretrained,4,3,0.21938082298136646,0.27470339630766655,ok,
2008_008051,1,40136,0.7999043367346939,>=40%,40136,1074,49102,0.8174005132173843,44,0,223,223,1.2444444444444445,square,True,True,True,cmt_s,pretrained,4,3,0.8408162248355591,0.8637898191432513,ok,
2008_008051,2,7136,0.14221938775510204,10-20%,7136,1074,49102,0.14533012911897683,0,13,43,223,4.795454545454546,wide,True,True,True,cmt_s,pretrained,0,3,0.3001681614349776,0.28030964005553183,ok,
2008_008193,1,14752,0.2940051020408163,20-40%,14752,3286,46890,0.3146086585625933,29,49,195,223,1.0479041916167664,square,True,True,True,cmt_s,pretrained,2,4,0.5839208242950108,0.5586621455365327,ok,
2008_008268,3,933,0.018594547193877552,<2%,933,1875,48301,0.01931637026148527,152,179,201,223,0.9,square,True,True,True,cmt_s,pretrained,5,6,0.5530546623794212,0.13910351741837487,ok,
2008_008362,4,2932,0.0584343112244898,5-10%,2932,4931,45245,0.06480274063432423,93,102,162,175,1.0571428571428572,square,True,True,True,cmt_s,pretrained,4,4,0.30320600272851295,0.1498620302141106,ok,
2008_008682,2,1939,0.03864397321428571,2-5%,1939,1105,49071,0.039514173340669645,104,67,149,114,1.0434782608695652,square,True,True,True,cmt_s,pretrained,3,2,0.0556988138215575,0.05368767738746709,ok,
2009_000121,3,2048,0.04081632653061224,2-5%,2048,1999,48177,0.04250991136849534,0,191,73,223,0.44594594594594594,tall,True,True,True,cmt_s,pretrained,1,6,0.4443359375,0.1668553478713846,ok,
2009_000133,1,4639,0.0924545599489796,5-10%,4639,2438,47738,0.09717625371821191,117,0,187,215,3.0422535211267605,wide,True,True,True,cmt_s,pretrained,5,3,0.11403319680965725,0.10750597322932987,ok,
2009_000335,3,1608,0.03204719387755102,2-5%,1608,1753,48423,0.03320736013877703,81,0,173,18,0.20430107526881722,tall,True,True,True,cmt_s,pretrained,4,0,0.4228855721393035,0.15563079454988257,ok,
2009_000409,1,571,0.011379942602040817,<2%,571,1704,48472,0.011779996699125269,125,0,159,32,0.9428571428571428,square,True,True,True,cmt_s,pretrained,4,0,0.3204903677758319,0.0760035348129068,ok,
2009_000426,1,10788,0.2150031887755102,20-40%,10788,1638,48538,0.222258848737072,49,0,166,103,0.8813559322033898,square,True,True,True,cmt_s,pretrained,3,1,0.24239896180941786,0.2331757786251841,ok,
2009_000469,1,9120,0.18176020408163265,10-20%,9120,6668,43508,0.2096166222303944,25,0,190,176,1.0662650602409638,square,True,True,True,cmt_s,pretrained,4,2,0.4072368421052632,0.36165042660795654,ok,
2009_000488,2,766,0.01526626275510204,<2%,766,1714,48462,0.015806198671123768,97,97,133,131,0.9459459459459459,square,True,True,True,cmt_s,pretrained,3,3,0.27154046997389036,0.06912754496714131,ok,
2009_000503,1,2145,0.04274952168367347,2-5%,2145,724,49452,0.04337539432176656,68,42,155,98,0.6477272727272727,tall,True,True,True,cmt_s,pretrained,3,2,0.6130536130536131,0.21472251932974884,ok,
2009_000505,3,3051,0.06080596301020408,5-10%,3051,12503,37673,0.08098638282058769,30,52,137,157,0.9814814814814815,square,True,True,True,cmt_s,pretrained,1,2,0.2999016715830875,0.16267977962802627,ok,
2009_000573,1,6450,0.12854751275510204,10-20%,6450,6142,44034,0.14647772176045784,53,0,198,223,1.5342465753424657,wide,True,True,True,cmt_s,pretrained,4,4,0.009302325581395349,0.03896867001313712,ok,
2009_000664,1,4387,0.08743223852040816,5-10%,4387,2627,47549,0.09226271845885298,12,101,171,173,0.45625,tall,True,True,True,cmt_s,pretrained,2,4,0.33553681331205837,0.20421500484343671,ok,
2009_000675,1,3577,0.0712890625,5-10%,3577,1583,48593,0.07361142551396292,81,39,144,131,1.453125,square,True,True,True,cmt_s,pretrained,3,2,0.5459882583170255,0.340760609688706,ok,
2009_000705,1,2317,0.046177455357142856,2-5%,2317,1854,48322,0.047949174289143665,81,80,153,191,1.5342465753424657,wide,True,True,True,cmt_s,pretrained,3,4,0.25636599050496334,0.130550028504295,ok,
2009_000712,1,11611,0.23140545280612246,20-40%,11611,1068,49108,0.2364380548994054,94,0,185,160,1.75,wide,True,True,True,cmt_s,pretrained,4,2,0.09732150546895185,0.15288520974558276,ok,
2009_000727,1,3733,0.07439811862244898,5-10%,3733,3555,46621,0.08007121254370349,65,74,199,216,1.0592592592592593,square,True,True,True,cmt_s,pretrained,3,3,0.48379319582105546,0.26716290698324846,ok,
2009_000731,1,32454,0.6468032525510204,>=40%,32454,15755,34421,0.9428546526829552,0,0,223,223,1.0,square,True,True,True,cmt_s,pretrained,3,2,0.9521784679854564,0.989495402284387,ok,
2009_000931,1,1195,0.023816167091836735,2-5%,1195,1779,48397,0.024691613116515486,54,181,116,223,0.6825396825396826,square,True,True,True,cmt_s,pretrained,2,6,0.5497907949790795,0.25713922908743747,ok,
2009_001019,4,5976,0.11910076530612244,10-20%,5976,2299,47877,0.12481985086784886,47,21,97,223,3.980392156862745,wide,True,True,True,cmt_s,pretrained,2,4,0.2640562248995984,0.21201250651527662,ok,
2009_001082,2,21624,0.4309630102040816,>=40%,21624,1618,48558,0.44532311874459407,8,0,203,137,0.7040816326530612,square,True,True,True,cmt_s,pretrained,3,1,0.4993988161302257,0.5983641046056845,ok,
2009_001104,4,608,0.01211734693877551,<2%,608,2726,47450,0.012813487881981033,61,0,106,19,0.43478260869565216,tall,True,True,True,cmt_s,pretrained,2,0,0.09539473684210527,0.03908677417143841,ok,
2009_001117,1,8818,0.17574139030612246,10-20%,8818,3083,47093,0.18724651222049987,14,14,143,143,1.0,square,True,True,True,cmt_s,pretrained,2,2,0.5491041052392833,0.45092150596320774,ok,
2009_001145,1,12718,0.2534677933673469,20-40%,12718,2258,47918,0.26541174506448517,46,2,178,163,1.218045112781955,square,True,True,True,cmt_s,pretrained,3,2,0.5953766315458405,0.513977302663019,ok,
2009_001197,1,22736,0.453125,>=40%,22736,1783,48393,0.4698200152914678,57,37,201,223,1.289655172413793,square,True,True,True,cmt_s,pretrained,4,4,0.48231878958479946,0.5230155653598068,ok,
2009_001205,1,23923,0.47678172831632654,>=40%,23923,1681,48495,0.49330858851427983,19,24,197,197,0.9720670391061452,square,True,True,True,cmt_s,pretrained,3,3,0.6711114826735777,0.7084258479894328,ok,
2009_001251,1,24421,0.48670679209183676,>=40%,24421,2579,47597,0.5130785553711369,12,1,223,193,0.910377358490566,square,True,True,True,cmt_s,pretrained,3,3,0.4779493059252283,0.3527141630766687,ok,
2009_001253,1,11297,0.22514748086734693,20-40%,11297,2797,47379,0.23843897085206525,26,53,223,170,0.5959595959595959,tall,True,True,True,cmt_s,pretrained,4,3,0.3987784367531203,0.3658079717682338,ok,
2009_001300,1,5361,0.10684390943877552,10-20%,5361,1005,49171,0.10902767891643449,87,73,164,193,1.5512820512820513,wide,True,True,True,cmt_s,pretrained,4,4,0.519306099608282,0.3229064041549404,ok,
2009_001339,1,3718,0.07409917091836735,5-10%,3718,4371,45805,0.08117017792817378,115,54,223,113,0.5504587155963303,tall,True,True,True,cmt_s,pretrained,5,2,0.46987627756858524,0.24563155247074567,ok,
2009_001388,1,988,0.019690688775510203,<2%,988,344,49832,0.01982661743458019,98,113,127,157,1.5,wide,True,True,True,cmt_s,pretrained,3,4,0.3097165991902834,0.12849795290179875,ok,
2009_001422,1,13631,0.271663743622449,20-40%,13631,1998,48178,0.2829299680352028,0,37,223,152,0.5178571428571429,tall,True,True,True,cmt_s,pretrained,3,2,0.35712713667375834,0.31316829880300295,ok,
2009_001443,2,3354,0.06684470663265306,5-10%,3354,1243,48933,0.06854270124455888,138,116,194,207,1.6140350877192982,wide,True,True,True,cmt_s,pretrained,5,5,0.16189624329159213,0.1251073640182469,ok,
2009_001444,1,31157,0.6209542410714286,>=40%,31157,2559,47617,0.6543251359808472,9,0,223,164,0.7674418604651163,square,True,True,True,cmt_s,pretrained,3,2,0.6489392431877267,0.5138008155629222,ok,
2009_001481,1,5588,0.11136798469387756,10-20%,5588,8492,41684,0.1340562326072354,46,0,195,180,1.2066666666666668,square,True,True,True,cmt_s,pretrained,4,2,0.0071581961345740875,0.041154733158354447,ok,
2009_001505,2,4923,0.09811463647959184,5-10%,4923,4566,45610,0.10793685595264196,99,65,218,167,0.8583333333333333,square,True,True,True,cmt_s,pretrained,4,3,0.5902904732886451,0.384695633459211,ok,
2009_001514,2,967,0.01927216198979592,<2%,967,4871,45305,0.021344222491998674,164,52,215,94,0.8269230769230769,square,True,True,True,cmt_s,pretrained,6,2,0.32368148914167527,0.1117103527532705,ok,
2009_001514,4,7120,0.14190051020408162,10-20%,7120,4871,45305,0.157157046683589,8,87,191,219,0.7228260869565217,square,True,True,True,cmt_s,pretrained,3,4,0.17092696629213483,0.15643526976350366,ok,
2009_001607,1,4469,0.08906648596938775,5-10%,4469,1822,48354,0.09242255035777805,0,73,184,155,0.4486486486486487,tall,True,True,True,cmt_s,pretrained,2,3,0.4916088610427389,0.2855522765128327,ok,
2009_001690,1,20329,0.4051538584183674,>=40%,20329,1941,48235,0.42145744791126777,2,90,223,223,0.6036036036036037,tall,True,True,True,cmt_s,pretrained,4,5,0.6137045599881942,0.6440088525719517,ok,
2009_001718,1,11045,0.2201251594387755,20-40%,11045,2725,47451,0.2327664327411435,48,31,223,167,0.7784090909090909,square,True,True,True,cmt_s,pretrained,4,3,0.4559529198732458,0.40571977570319817,ok,
2009_001768,1,1590,0.03168845663265306,2-5%,1590,4004,46172,0.034436454994368884,0,66,34,144,2.257142857142857,wide,True,True,True,cmt_s,pretrained,0,3,0.4069182389937107,0.16858535402625902,ok,
2009_001775,4,2399,0.04781170280612245,2-5%,2399,3486,46690,0.05138145213107732,158,0,214,58,1.0350877192982457,square,True,True,True,cmt_s,pretrained,5,0,0.4385160483534806,0.18824360336697496,ok,
2009_001802,1,3515,0.07005341198979592,5-10%,3515,586,49590,0.07088122605363985,83,84,159,140,0.7402597402597403,square,True,True,True,cmt_s,pretrained,3,3,0.0770981507823613,0.10299952122064523,ok,
2009_001961,2,4198,0.0836654974489796,5-10%,4198,3186,46990,0.08933815705469249,54,189,194,223,0.24822695035460993,tall,True,True,True,cmt_s,pretrained,3,6,0.1403049070986184,0.1589104035704771,ok,
2009_001972,1,5510,0.10981345663265306,10-20%,5510,1271,48905,0.112667416419589,91,22,222,143,0.9242424242424242,square,True,True,True,cmt_s,pretrained,4,2,0.10562613430127042,0.1104439334171394,ok,
2009_002082,1,4164,0.08298788265306123,5-10%,4164,2552,47624,0.08743490676969595,75,0,155,121,1.5061728395061729,wide,True,True,True,cmt_s,pretrained,3,1,0.5521133525456292,0.3351702587030713,ok,
2009_002122,1,7632,0.1521045918367347,10-20%,7632,2533,47643,0.16019142371387193,62,65,159,214,1.530612244897959,wide,True,True,True,cmt_s,pretrained,3,4,0.25196540880503143,0.2069085623051939,ok,
2009_002150,1,18556,0.3698182397959184,20-40%,18556,3478,46698,0.397361771382072,18,16,222,198,0.8926829268292683,square,True,True,True,cmt_s,pretrained,3,3,0.7412157792627722,0.7563927802860493,ok,
2009_002155,1,15577,0.31044722576530615,20-40%,15577,1399,48777,0.31935133362035384,33,0,212,165,0.9222222222222223,square,True,True,True,cmt_s,pretrained,3,2,0.6236117352506901,0.5871690313037896,ok,
2009_002165,2,7420,0.14787946428571427,10-20%,7420,2020,48156,0.15408256499709277,82,29,173,163,1.4673913043478262,square,True,True,True,cmt_s,pretrained,3,2,0.4704851752021563,0.34257785728393586,ok,
2009_002229,1,20905,0.41663345025510207,>=40%,20905,2989,47187,0.443024561849662,0,41,212,223,0.8591549295774648,square,True,True,True,cmt_s,pretrained,3,4,0.5215020330064578,0.48202204374201413,ok,
2009_002268,1,11828,0.23573022959183673,20-40%,11828,1621,48555,0.24360004119040263,109,23,223,222,1.7391304347826086,wide,True,True,True,cmt_s,pretrained,5,4,0.05326344267839026,0.09045981291806336,ok,
2009_002317,1,11955,0.23826132015306123,20-40%,11955,2619,47557,0.25138255146455835,50,0,176,174,1.3779527559055118,square,True,True,True,cmt_s,pretrained,3,2,0.5396905060644082,0.4641860356096953,ok,
2009_002343,5,14537,0.2897201849489796,20-40%,14537,1685,48491,0.2997875894495886,68,0,186,178,1.504201680672269,wide,True,True,True,cmt_s,pretrained,3,2,0.4203068033294352,0.3922046564145342,ok,
2009_002382,5,868,0.017299107142857144,<2%,868,4870,45306,0.019158610338586502,98,196,168,223,0.39436619718309857,tall,True,True,True,cmt_s,pretrained,4,6,0.16013824884792627,0.08219635527442036,ok,
2009_002416,2,6672,0.1329719387755102,10-20%,6672,3571,46605,0.14316060508529127,5,32,179,121,0.5142857142857142,tall,True,True,True,cmt_s,pretrained,2,2,0.41756594724220625,0.2829722801553632,ok,
2009_002487,1,4504,0.0897640306122449,5-10%,4504,6819,43357,0.10388172613418825,121,50,223,165,1.1262135922330097,square,True,True,True,cmt_s,pretrained,4,3,0.2524422735346359,0.18908566061567314,ok,
2009_002584,2,801,0.015963807397959183,<2%,801,5639,44537,0.017985046141410513,0,71,19,140,3.5,wide,True,True,True,cmt_s,pretrained,0,3,0.39575530586766544,0.08174814915973883,ok,
2009_002584,3,3831,0.07635124362244898,5-10%,3831,5639,44537,0.08601836675124054,44,27,128,174,1.7411764705882353,wide,True,True,True,cmt_s,pretrained,2,3,0.3902375358914122,0.2377445512745678,ok,
2009_002618,1,6055,0.12067522321428571,10-20%,6055,671,49505,0.12231087768912231,106,0,223,71,0.6101694915254238,tall,True,True,True,cmt_s,pretrained,5,0,0.47481420313790257,0.37976001626383354,ok,
2009_002628,1,9545,0.19023038903061223,10-20%,9545,3273,46903,0.2035051062831802,51,60,215,157,0.593939393939394,tall,True,True,True,cmt_s,pretrained,3,3,0.5193294918805658,0.5083694136642892,ok,
2009_002713,1,27949,0.5570192920918368,>=40%,27949,1775,48401,0.5774467469680379,32,1,183,221,1.4539473684210527,square,True,True,True,cmt_s,pretrained,3,3,0.6264982646964113,0.667221753623856,ok,
2009_002727,2,1224,0.024394132653061226,2-5%,1224,695,49481,0.024736767648188194,125,133,161,221,2.4054054054054053,wide,True,True,True,cmt_s,pretrained,4,5,0.059640522875817,0.04908203681760193,ok,
2009_002749,1,14759,0.29414461096938777,20-40%,14759,1886,48290,0.30563263615655417,0,16,223,89,0.33035714285714285,tall,True,True,True,cmt_s,pretrained,3,1,0.2411409987126499,0.25979780664607455,ok,
2009_002820,1,12303,0.2451969068877551,20-40%,12303,1921,48255,0.2549580354367423,32,50,194,180,0.803680981595092,square,True,True,True,cmt_s,pretrained,3,3,0.6104202227099081,0.577079658419304,ok,
2009_002820,2,12931,0.25771285076530615,20-40%,12931,1921,48255,0.267972230856906,0,0,92,223,2.4086021505376345,wide,True,True,True,cmt_s,pretrained,0,3,0.6177403139741706,0.7196847535630562,ok,
2009_002912,1,901,0.017956792091836735,<2%,901,1841,48335,0.018640736526326678,90,13,121,66,1.6875,wide,True,True,True,cmt_s,pretrained,3,1,0.06215316315205328,0.040927127208386024,ok,
2009_002932,3,823,0.016402264030612245,<2%,823,5245,44931,0.0183169749170951,119,0,155,22,0.6216216216216216,tall,True,True,True,cmt_s,pretrained,4,0,0.32563791008505466,0.09705227893877955,ok,
2009_002936,1,6013,0.11983816964285714,10-20%,6013,1045,49131,0.12238708758217826,43,76,200,150,0.47468354430379744,tall,True,True,True,cmt_s,pretrained,3,3,0.5236986529186762,0.41960564857256283,ok,
2009_002984,2,3994,0.07959980867346939,5-10%,3994,1985,48191,0.08287854578655765,60,154,128,223,1.0144927536231885,square,True,True,True,cmt_s,pretrained,2,5,0.5475713570355534,0.34152145860694993,ok,
2009_003059,2,13640,0.27184311224489793,20-40%,13640,3931,46245,0.2949508054924857,57,0,223,130,0.7844311377245509,square,True,True,True,cmt_s,pretrained,4,1,0.44875366568914954,0.41382197365376544,ok,
2009_003063,2,740,0.014748086734693877,<2%,740,1212,48964,0.01511314435095172,124,123,159,171,1.3611111111111112,square,True,True,True,cmt_s,pretrained,4,4,0.6337837837837837,0.17920940483876338,ok,
2009_003105,1,14817,0.29530054209183676,20-40%,14817,1337,48839,0.3033845901840742,45,0,159,202,1.7652173913043478,wide,True,True,True,cmt_s,pretrained,3,3,0.29331173651886344,0.3220271415384668,ok,
2009_003146,1,6456,0.1286670918367347,10-20%,6456,3239,46937,0.13754607239491232,66,13,147,183,2.0853658536585367,wide,True,True,True,cmt_s,pretrained,2,2,0.4149628252788104,0.305569451177756,ok,
2009_003224,1,5532,0.11025191326530612,10-20%,5532,7810,42366,0.13057640560827077,17,0,213,202,1.0304568527918783,square,True,True,True,cmt_s,pretrained,4,2,0.10882140274765004,0.12256394924543369,ok,
2009_003273,1,26219,0.5225406568877551,>=40%,26219,2900,47276,0.554594297317878,31,0,222,183,0.9583333333333334,square,True,True,True,cmt_s,pretrained,4,2,0.7107441168618178,0.859541414189346,ok,
2009_003387,3,527,0.010503029336734694,<2%,527,1719,48457,0.01087562168520544,33,32,52,58,1.35,square,True,True,True,cmt_s,pretrained,1,1,0.0872865275142315,0.0363817102554806,ok,
2009_003481,3,2519,0.05020328443877551,5-10%,2519,3378,46798,0.05382708662763366,75,48,121,184,2.9148936170212765,wide,True,True,True,cmt_s,pretrained,3,2,0.2755061532354109,0.15289645678054956,ok,
2009_003522,2,954,0.019013073979591837,<2%,954,2347,47829,0.01994605783102302,60,78,89,118,1.3666666666666667,square,True,True,True,cmt_s,pretrained,2,3,0.20230607966457023,0.07663791995785693,ok,
2009_003551,1,10838,0.21599968112244897,20-40%,10838,1371,48805,0.22206741112590922,68,80,193,213,1.0634920634920635,square,True,True,True,cmt_s,pretrained,3,4,0.5443808820815649,0.5755297378680703,ok,
2009_003666,5,838,0.01670121173469388,<2%,838,3109,47067,0.017804406484373342,67,126,109,175,1.1627906976744187,square,True,True,True,cmt_s,pretrained,2,4,0.4403341288782816,0.09560376962580475,ok,
2009_003736,1,6972,0.13895089285714285,10-20%,6972,1057,49119,0.14194100042753313,40,147,222,223,0.4207650273224044,tall,True,True,True,cmt_s,pretrained,4,6,0.45596672403901317,0.311210051778573,ok,
2009_003773,1,25279,0.5038066007653061,>=40%,25279,6015,44161,0.5724281605941894,2,53,223,223,0.7702702702702703,square,True,True,True,cmt_s,pretrained,3,4,0.8417263341113177,0.9035930966092711,ok,
2009_003895,3,1186,0.023636798469387755,2-5%,1186,2867,47309,0.025069225728719693,0,54,17,119,3.6666666666666665,wide,True,True,True,cmt_s,pretrained,0,2,0.29679595278246207,0.10537353639646778,ok,
2009_003928,1,7575,0.1509685905612245,10-20%,7575,1095,49081,0.1543367087060166,91,67,200,183,1.0636363636363637,square,True,True,True,cmt_s,pretrained,4,3,0.3959075907590759,0.32620328191024306,ok,
2009_004043,2,5809,0.11577248086734694,10-20%,5809,3206,46970,0.12367468596976794,36,62,160,165,0.832,square,True,True,True,cmt_s,pretrained,2,3,0.17834394904458598,0.15288987535314436,ok,
2009_004099,1,1590,0.03168845663265306,2-5%,1590,1168,49008,0.03244368266405485,60,68,126,118,0.7611940298507462,square,True,True,True,cmt_s,pretrained,3,3,0.3251572327044025,0.1176188191386563,ok,
2009_004105,2,2423,0.04829001913265306,2-5%,2423,3728,46448,0.052165862900447814,0,0,135,69,0.5147058823529411,tall,True,True,True,cmt_s,pretrained,0,0,0.529508873297565,0.26992791667652816,ok,
2009_004171,1,684,0.01363201530612245,<2%,684,3527,46649,0.014662693734056464,127,194,177,223,0.5882352941176471,tall,True,True,True,cmt_s,pretrained,4,6,0.45321637426900585,0.10209765343761036,ok,
2009_004171,3,2705,0.05391023596938776,5-10%,2705,3527,46649,0.057986237647109265,61,61,119,132,1.2203389830508475,square,True,True,True,cmt_s,pretrained,2,3,0.09611829944547134,0.07721210500850265,ok,
2009_004180,1,6524,0.13002232142857142,10-20%,6524,2436,47740,0.13665689149560117,117,74,171,223,2.727272727272727,wide,True,True,True,cmt_s,pretrained,4,4,0.27115266707541386,0.22429630375301993,ok,
2009_004186,1,17683,0.3524194834183674,20-40%,17683,2406,47770,0.37016956248691646,51,17,203,200,1.2026143790849673,square,True,True,True,cmt_s,pretrained,3,3,0.7788271220946672,0.8154517938261637,ok,
2009_004213,1,12375,0.24663185586734693,20-40%,12375,1463,48713,0.2540389629051793,54,42,170,170,1.1025641025641026,square,True,True,True,cmt_s,pretrained,3,3,0.349010101010101,0.2965333610681136,ok,
2009_004221,1,6213,0.12382413903061225,10-20%,6213,1972,48204,0.12888971869554394,4,121,207,195,0.36764705882352944,tall,True,True,True,cmt_s,pretrained,2,4,0.46080798326090455,0.3180680843927167,ok,
2009_004228,1,13797,0.2749720982142857,20-40%,13797,3168,47008,0.29350323349217156,142,0,222,212,2.6296296296296298,wide,True,True,True,cmt_s,pretrained,5,3,0.49061390157280566,0.4523690995041236,ok,
2009_004228,3,6116,0.12189094387755102,10-20%,6116,3168,47008,0.13010551395507147,48,45,147,156,1.12,square,True,True,True,cmt_s,pretrained,3,3,0.17789404839764553,0.1717224670541186,ok,
2009_004301,1,3504,0.06983418367346939,5-10%,3504,10004,40172,0.08722493278900727,45,97,178,158,0.4626865671641791,tall,True,True,True,cmt_s,pretrained,3,4,0.1783675799086758,0.1356805914020436,ok,
2009_004327,1,22418,0.4467873086734694,>=40%,22418,1437,48739,0.4599601961468229,53,0,184,223,1.696969696969697,wide,True,True,True,cmt_s,pretrained,3,3,0.4830939423677402,0.47424039273631136,ok,
2009_004464,1,22693,0.4522680165816326,>=40%,22693,1499,48677,0.4661955338250098,53,24,199,223,1.3605442176870748,square,True,True,True,cmt_s,pretrained,3,4,0.479751465209536,0.47590271076130003,ok,
2009_004509,1,1727,0.03441884566326531,2-5%,1727,1410,48766,0.03541401796333511,97,82,190,128,0.5,tall,True,True,True,cmt_s,pretrained,3,3,0.5002895193977996,0.18183506416972103,ok,
2009_004539,1,10430,0.20786830357142858,20-40%,10430,3014,47162,0.221152622874348,16,43,214,194,0.7638190954773869,square,True,True,True,cmt_s,pretrained,4,3,0.29549376797698945,0.2732154039929087,ok,
2009_004626,1,8640,0.17219387755102042,10-20%,8640,5416,44760,0.19302949061662197,17,3,174,211,1.3227848101265822,square,True,True,True,cmt_s,pretrained,3,3,0.11979166666666667,0.1418179118240255,ok,
2009_004789,1,25881,0.5158043686224489,>=40%,25881,1977,48199,0.5369613477458038,41,0,204,223,1.3658536585365855,square,True,True,True,cmt_s,pretrained,3,4,0.6214211197403501,0.5800669375826633,ok,
2009_004789,2,6125,0.1220703125,10-20%,6125,1977,48199,0.1270773252557107,45,0,184,101,0.7285714285714285,square,True,True,True,cmt_s,pretrained,2,1,0.6631836734693878,0.576872687490952,ok,
2009_004790,1,17232,0.3434311224489796,20-40%,17232,2096,48080,0.3584026622296173,5,60,223,196,0.6255707762557078,tall,True,True,True,cmt_s,pretrained,3,3,0.8193477251624884,0.8222712757894234,ok,
2009_004829,1,27411,0.5462970344387755,>=40%,27411,1683,48493,0.5652568411935743,23,16,203,199,1.0165745856353592,square,True,True,True,cmt_s,pretrained,3,3,0.5602130531538434,0.7130241189084745,ok,
2009_004848,2,4107,0.08185188137755102,5-10%,4107,4760,45416,0.09043068522106747,24,76,193,147,0.4235294117647059,tall,True,True,True,cmt_s,pretrained,2,3,0.6325785244704164,0.411175985407859,ok,
2009_004867,1,27127,0.5406369579081632,>=40%,27127,1305,48871,0.5550735610075505,37,0,189,223,1.4640522875816993,square,True,True,True,cmt_s,pretrained,3,3,0.6502377704869687,0.6561417765331757,ok,
2009_004890,1,953,0.018993144132653062,<2%,953,4058,46118,0.020664382670540788,149,0,222,27,0.3783783783783784,tall,True,True,True,cmt_s,pretrained,6,0,0.08184679958027283,0.04884773582225156,ok,
2009_004901,1,3004,0.059869260204081634,5-10%,3004,2007,48169,0.06236376092507629,90,8,125,166,4.416666666666667,wide,True,True,True,cmt_s,pretrained,3,2,0.24101198402130491,0.1269312536892659,ok,
2009_004939,2,22232,0.44308035714285715,>=40%,22232,4991,45185,0.49202168861347795,30,1,223,223,1.1494845360824741,square,True,True,True,cmt_s,pretrained,5,4,0.7517992083483267,0.8041899687572671,ok,
2009_004994,1,12737,0.2538464604591837,20-40%,12737,2483,47693,0.2670622523221437,63,92,222,198,0.66875,square,True,True,True,cmt_s,pretrained,4,4,0.45104812750255163,0.3930046956622041,ok,
2009_005000,1,24721,0.4926857461734694,>=40%,24721,4826,45350,0.5451157662624035,0,29,223,179,0.6741071428571429,square,True,True,True,cmt_s,pretrained,4,3,0.5538206383236924,0.5729214262520218,ok,
2009_005085,1,21223,0.4229711415816326,>=40%,21223,2196,47980,0.44233013755731554,77,23,221,223,1.3862068965517242,square,True,True,True,cmt_s,pretrained,4,4,0.6263958912500589,0.6936560150987751,ok,
2009_005087,2,1659,0.03306361607142857,2-5%,1659,4231,45945,0.03610839046686255,26,41,150,117,0.616,tall,True,True,True,cmt_s,pretrained,3,2,0.4376130198915009,0.19220585693422468,ok,
2009_005160,1,20642,0.4113919005102041,>=40%,20642,2293,47883,0.4310924545245703,7,0,223,138,0.6405529953917051,tall,True,True,True,cmt_s,pretrained,3,1,0.6914543164422052,0.633710262359188,ok,
2009_005287,1,15710,0.31309789540816324,20-40%,15710,1975,48201,0.3259268479907056,75,0,174,223,2.24,wide,True,True,True,cmt_s,pretrained,3,3,0.3451304901336728,0.3208941663937624,ok,
2010_000148,3,3901,0.07774633290816327,5-10%,3901,2754,47422,0.08226139766353169,72,0,223,49,0.32894736842105265,tall,True,True,True,cmt_s,pretrained,4,0,0.4227121250961292,0.27040524406188343,ok,
2010_000160,1,37878,0.7549027423469388,>=40%,37878,3546,46630,0.8123096718850525,16,0,219,223,1.0980392156862746,square,True,True,True,cmt_s,pretrained,3,3,0.8426527271767252,0.7993644477080089,ok,
2010_000160,2,931,0.0185546875,<2%,931,3546,46630,0.019965687325755953,20,0,67,50,1.0625,square,True,True,True,cmt_s,pretrained,1,0,0.5112781954887218,0.24748999688103557,ok,
2010_000174,1,6658,0.13269292091836735,10-20%,6658,3240,46936,0.14185273564002046,186,0,223,223,5.894736842105263,wide,True,True,True,cmt_s,pretrained,6,3,0.628567137278462,0.5125051716128893,ok,
2010_000256,1,14579,0.29055723852040816,20-40%,14579,2633,47543,0.30664871800265026,40,0,168,223,1.7364341085271318,wide,True,True,True,cmt_s,pretrained,2,2,0.421153714246519,0.38921399410582275,ok,
2010_000272,1,13790,0.2748325892857143,20-40%,13790,2547,47629,0.2895294883369376,37,0,124,223,2.5454545454545454,wide,True,True,True,cmt_s,pretrained,2,3,0.3389412617839014,0.3315528210630784,ok,
2010_000437,1,10501,0.20928332270408162,20-40%,10501,3817,46359,0.22651480834357945,77,0,187,223,2.018018018018018,wide,True,True,True,cmt_s,pretrained,3,4,0.15055708980097135,0.15991747640022416,ok,
2010_000503,2,3958,0.07888233418367346,5-10%,3958,2553,47623,0.08311110177855238,93,38,223,83,0.3511450381679389,tall,True,True,True,cmt_s,pretrained,5,1,0.18468923698837797,0.1381131464712563,ok,
2010_000503,3,4212,0.08394451530612244,5-10%,4212,2553,47623,0.08844465909329526,85,111,223,153,0.30935251798561153,tall,True,True,True,cmt_s,pretrained,4,4,0.2606837606837607,0.1787169093743515,ok,
2010_000622,1,5919,0.11796476403061225,10-20%,5919,1142,49034,0.12071215891014399,87,0,148,175,2.838709677419355,wide,True,True,True,cmt_s,pretrained,3,2,0.43520865010981585,0.3243992886319257,ok,
2010_000632,1,825,0.016442123724489797,<2%,825,1086,49090,0.016805866775310655,54,49,120,88,0.5970149253731343,tall,True,True,True,cmt_s,pretrained,2,2,0.2545454545454545,0.06746177576558013,ok,
2010_000666,1,9632,0.19196428571428573,10-20%,9632,4058,46118,0.20885554447287394,51,0,198,200,1.3581081081081081,square,True,True,True,cmt_s,pretrained,3,3,0.3500830564784053,0.2951769686952126,ok,
2010_000666,2,1820,0.03627232142857143,2-5%,1820,4058,46118,0.03946398369400234,22,72,110,128,0.6404494382022472,tall,True,True,True,cmt_s,pretrained,1,3,0.007142857142857143,0.03089235581288926,ok,
2010_000675,1,29586,0.5896444515306123,>=40%,29586,1748,48428,0.6109275625671099,0,0,223,184,0.8258928571428571,square,True,True,True,cmt_s,pretrained,3,3,0.613905225444467,0.7494024844570235,ok,
2010_000738,2,787,0.015684789540816327,<2%,787,2387,47789,0.01646822490531294,73,187,106,217,0.9117647058823529,square,True,True,True,cmt_s,pretrained,2,6,0.40533672172808133,0.10029790852274734,ok,
2010_000874,2,22189,0.4422233737244898,>=40%,22189,4644,45532,0.4873275937801985,4,71,223,223,0.6954545454545454,square,True,True,True,cmt_s,pretrained,3,4,0.6500968948578124,0.6727886180340917,ok,
2010_000952,1,22031,0.43907445790816324,>=40%,22031,1672,48504,0.4542099620649843,35,0,181,223,1.5238095238095237,wide,True,True,True,cmt_s,pretrained,3,3,0.40738050928237485,0.42517883023008957,ok,
2010_000986,1,1577,0.03142936862244898,2-5%,1577,1276,48900,0.03224948875255624,59,133,94,223,2.5277777777777777,wide,True,True,True,cmt_s,pretrained,2,5,0.01077996195307546,0.03146468409832183,ok,
2010_001024,3,991,0.01975047831632653,<2%,991,5084,45092,0.021977290871995032,13,94,87,124,0.41333333333333333,tall,True,True,True,cmt_s,pretrained,1,3,0.07769929364278506,0.050063898263799936,ok,
2010_001120,2,6030,0.12017697704081633,10-20%,6030,5835,44341,0.1359915202634131,86,0,223,92,0.6739130434782609,square,True,True,True,cmt_s,pretrained,5,1,0.5348258706467661,0.35674130398455706,ok,
2010_001131,2,21746,0.43339445153061223,>=40%,21746,3164,47012,0.4625627499361865,0,1,172,173,1.0,square,True,True,True,cmt_s,pretrained,2,2,0.6957601397958245,0.701333342443268,ok,
2010_001246,4,915,0.01823580994897959,<2%,915,1652,48524,0.01885664825653285,97,72,135,109,0.9743589743589743,square,True,True,True,cmt_s,pretrained,3,2,0.4163934426229508,0.10396948120828789,ok,
2010_001247,1,864,0.01721938775510204,<2%,864,1674,48502,0.017813698404189518,22,57,69,99,0.8958333333333334,square,True,True,True,cmt_s,pretrained,1,2,0.42939814814814814,0.1094154560826415,ok,
2010_001247,4,1373,0.027363679846938774,2-5%,1373,1674,48502,0.02830811100573172,108,56,165,105,0.8620689655172413,square,True,True,True,cmt_s,pretrained,4,2,0.32920611798980337,0.11505331007881582,ok,
2010_001279,1,2753,0.05486686862244898,5-10%,2753,3005,47171,0.058362129274342284,108,132,190,223,1.108433734939759,square,True,True,True,cmt_s,pretrained,4,5,0.5652015982564476,0.3263052728971696,ok,
2010_001282,1,5113,0.10190130739795919,10-20%,5113,1173,49003,0.10434055057853601,63,117,222,223,0.66875,square,True,True,True,cmt_s,pretrained,3,5,0.5392137688245648,0.2936994097365954,ok,
2010_001367,1,3463,0.0690170599489796,5-10%,3463,4689,45487,0.07613164200760657,49,54,206,208,0.9810126582278481,square,True,True,True,cmt_s,pretrained,3,3,0.2506497256713832,0.1850995895920737,ok,
2010_001367,3,14281,0.2846181441326531,20-40%,14281,4689,45487,0.313957834106448,0,121,221,223,0.46396396396396394,tall,True,True,True,cmt_s,pretrained,3,5,0.33450038512709196,0.33582037849732294,ok,
2010_001403,2,845,0.016840720663265307,<2%,845,1493,48683,0.017357188340899287,135,0,194,19,0.3333333333333333,tall,True,True,True,cmt_s,pretrained,5,0,0.001183431952662722,0.010344645440214554,ok,
2010_001514,3,4988,0.09941007653061225,5-10%,4988,7581,42595,0.11710294635520602,0,0,69,113,1.6285714285714286,wide,True,True,True,cmt_s,pretrained,0,1,0.37048917401764236,0.31542953030436643,ok,
2010_001522,1,10292,0.20511798469387754,20-40%,10292,3495,46681,0.22047513977849661,81,0,187,213,2.0,wide,True,True,True,cmt_s,pretrained,4,3,0.5891954916439953,0.49577160522081326,ok,
2010_001576,1,39361,0.7844587053571429,>=40%,39361,702,49474,0.7955896026195578,30,0,223,223,1.1546391752577319,square,True,True,True,cmt_s,pretrained,4,3,0.8815832931073906,0.9449173380653102,ok,
2010_001579,1,16761,0.3340441645408163,20-40%,16761,3462,46714,0.3588003596352271,142,0,222,223,2.765432098765432,wide,True,True,True,cmt_s,pretrained,5,3,0.7925541435475211,0.8222011865889457,ok,
2010_001579,2,10936,0.21795280612244897,20-40%,10936,3462,46714,0.23410540737252217,2,0,150,129,0.87248322147651,square,True,True,True,cmt_s,pretrained,2,2,0.2385698610095099,0.2024191848388842,ok,
2010_001590,1,33632,0.670280612244898,>=40%,33632,2289,47887,0.7023200451061875,19,0,213,223,1.1487179487179486,square,True,True,True,cmt_s,pretrained,3,3,0.6435537583254044,0.4070509136683694,ok,
2010_001619,3,1989,0.03964046556122449,2-5%,1989,3633,46543,0.042734675461401285,123,12,219,52,0.422680412371134,tall,True,True,True,cmt_s,pretrained,4,1,0.27450980392156865,0.11364687139285626,ok,
2010_001807,1,686,0.013671875,<2%,686,2946,47230,0.014524666525513446,192,93,214,135,1.8695652173913044,wide,True,True,True,cmt_s,pretrained,6,3,0.5568513119533528,0.1192812707311099,ok,
2010_001850,2,1581,0.03150908801020408,2-5%,1581,4228,45948,0.034408461739357535,113,3,185,51,0.6712328767123288,square,True,True,True,cmt_s,pretrained,5,0,0.12966476913345984,0.09479203086911202,ok,
2010_001850,3,3287,0.0655094068877551,5-10%,3287,4228,45948,0.07153739009314877,7,203,223,223,0.0967741935483871,tall,True,True,True,cmt_s,pretrained,3,6,0.14329175540006084,0.12479301413206817,ok,
2010_001852,1,9352,0.18638392857142858,10-20%,9352,2347,47829,0.1955299086328378,21,144,214,223,0.41237113402061853,tall,True,True,True,cmt_s,pretrained,4,5,0.3918947818648417,0.3022461613693447,ok,
2010_002018,7,996,0.01985012755102041,<2%,996,4231,45945,0.02167809337251061,27,35,92,66,0.48484848484848486,tall,True,True,True,cmt_s,pretrained,1,1,0.44779116465863456,0.16379537736721797,ok,
2010_002020,1,27556,0.549186862244898,>=40%,27556,10473,39703,0.6940533460947536,0,8,223,204,0.8794642857142857,square,True,True,True,cmt_s,pretrained,3,3,0.634489766294092,0.6354159323866345,ok,
2010_002032,6,3458,0.06891741071428571,5-10%,3458,3388,46788,0.0739078396169958,121,14,199,149,1.7215189873417722,wide,True,True,True,cmt_s,pretrained,4,2,0.12116830537883169,0.09065892122845946,ok,
2010_002039,2,1986,0.03958067602040816,2-5%,1986,4307,45869,0.04329721598465194,103,104,170,150,0.6911764705882353,square,True,True,True,cmt_s,pretrained,4,4,0.24924471299093656,0.1047158244464143,ok,
2010_002039,4,846,0.01686065051020408,<2%,846,4307,45869,0.018443829165667443,116,193,163,223,0.6458333333333334,tall,True,True,True,cmt_s,pretrained,4,6,0.5780141843971631,0.15491868589879076,ok,
2010_002039,11,992,0.019770408163265307,<2%,992,4307,45869,0.021626806775818092,56,177,117,219,0.6935483870967742,square,True,True,True,cmt_s,pretrained,2,6,0.1502016129032258,0.04803722447740865,ok,
2010_002147,1,14582,0.29061702806122447,20-40%,14582,2576,47600,0.30634453781512605,21,0,191,223,1.3099415204678362,square,True,True,True,cmt_s,pretrained,3,3,0.11692497599780552,0.15582396234147922,ok,
2010_002251,1,9173,0.18281648596938777,10-20%,9173,3830,46346,0.19792430846243472,100,0,223,173,1.403225806451613,square,True,True,True,cmt_s,pretrained,5,2,0.40728224136051455,0.43683586300330396,ok,
2010_002305,1,12461,0.24834582270408162,20-40%,12461,37715,12461,1.0,100,0,185,215,2.511627906976744,wide,True,True,True,cmt_s,pretrained,4,3,1.0,1.0,ok,
2010_002310,1,5270,0.10503029336734694,10-20%,5270,1658,48518,0.10861948142957253,84,2,158,223,2.96,wide,True,True,True,cmt_s,pretrained,4,3,0.18311195445920303,0.13492188495593238,ok,
2010_002336,3,3018,0.06014827806122449,5-10%,3018,5008,45168,0.06681721572794899,57,0,209,91,0.6013071895424836,tall,True,True,True,cmt_s,pretrained,3,1,0.26673293571901924,0.15638823994539588,ok,
2010_002338,1,12063,0.24041374362244897,20-40%,12063,1794,48382,0.24932826257699145,76,0,181,203,1.9245283018867925,wide,True,True,True,cmt_s,pretrained,3,2,0.720964934095996,0.6357086841934794,ok,
2010_002348,1,31292,0.6236447704081632,>=40%,31292,2640,47536,0.658280040390441,2,3,223,223,0.9954954954954955,square,True,True,True,cmt_s,pretrained,3,3,0.7237632621756359,0.7994784209984771,ok,
2010_002396,2,7112,0.14174107142857142,10-20%,7112,3380,46796,0.15197880160697497,81,34,223,155,0.8531468531468531,square,True,True,True,cmt_s,pretrained,4,3,0.16380764904386952,0.17672243972927978,ok,
2010_002455,1,13690,0.27283960459183676,20-40%,13690,17160,33016,0.41464744366367823,2,127,221,203,0.35,tall,True,True,True,cmt_s,pretrained,3,5,0.537472607742878,0.5910334871829277,ok,
2010_002527,2,17816,0.35507015306122447,20-40%,17816,1854,48322,0.3686933487852324,0,27,156,223,1.2547770700636942,square,True,True,True,cmt_s,pretrained,2,4,0.7595419847328244,0.8896893836314061,ok,
2010_002570,2,21218,0.42287149234693877,>=40%,21218,2721,47455,0.4471183226214308,0,0,186,223,1.1978609625668448,square,True,True,True,cmt_s,pretrained,3,4,0.5350645678197756,0.5425080776185607,ok,
2010_002659,2,9661,0.1925422512755102,10-20%,9661,3911,46265,0.20881876148276235,1,0,93,128,1.3870967741935485,square,True,True,True,cmt_s,pretrained,1,1,0.5996273677673118,0.6381680119474862,ok,
2010_002720,4,902,0.01797672193877551,<2%,902,5285,44891,0.020093114432737074,53,0,122,29,0.42857142857142855,tall,True,True,True,cmt_s,pretrained,2,0,0.07982261640798226,0.04064634648078142,ok,
2010_002763,5,6652,0.1325733418367347,10-20%,6652,5487,44689,0.1488509476604981,42,35,153,142,0.9642857142857143,square,True,True,True,cmt_s,pretrained,3,2,0.40093205051112446,0.29559428499656754,ok,
2010_002921,2,670,0.013352997448979591,<2%,670,3067,47109,0.014222335434842599,177,0,221,30,0.6888888888888889,square,True,True,True,cmt_s,pretrained,6,0,0.1880597014925373,0.08905826720611229,ok,
2010_002921,3,2759,0.054986447704081634,5-10%,2759,3067,47109,0.05856630367870258,105,118,161,172,0.9649122807017544,square,True,True,True,cmt_s,pretrained,4,4,0.1881116346502356,0.1270842372219993,ok,
2010_002929,7,871,0.01735889668367347,<2%,871,4244,45932,0.018962814595488982,46,121,90,156,0.8,square,True,True,True,cmt_s,pretrained,2,4,0.05855338691159587,0.03382855802118253,ok,
2010_002988,3,1727,0.03441884566326531,2-5%,1727,1545,48631,0.035512327527708665,106,13,151,90,1.6956521739130435,wide,True,True,True,cmt_s,pretrained,3,1,0.23045744064852344,0.09105131930332379,ok,
2010_003010,1,3324,0.06624681122448979,5-10%,3324,3547,46629,0.07128610950267002,110,160,198,223,0.7191011235955056,square,True,True,True,cmt_s,pretrained,4,6,0.4741275571600481,0.2716174278400804,ok,
2010_003060,1,20781,0.41416214923469385,>=40%,20781,1978,48198,0.43115896925183617,0,0,223,155,0.6964285714285714,square,True,True,True,cmt_s,pretrained,3,2,0.6952023482989269,0.7527180575598629,ok,
2010_003123,3,29922,0.5963408801020408,>=40%,29922,1003,49173,0.6085046671954121,73,0,223,223,1.4834437086092715,square,True,True,True,cmt_s,pretrained,4,3,0.7214758371766593,0.7714067680513907,ok,
2010_003157,2,2304,0.04591836734693878,2-5%,2304,3415,46761,0.04927182908834285,62,35,191,118,0.6461538461538462,tall,True,True,True,cmt_s,pretrained,2,1,0.140625,0.08114607506488888,ok,
2010_003168,1,4650,0.09267378826530612,5-10%,4650,1778,48398,0.09607835034505557,37,0,114,131,1.6923076923076923,wide,True,True,True,cmt_s,pretrained,2,2,0.21419354838709678,0.15933228813162748,ok,
2010_003187,1,24164,0.48158482142857145,>=40%,24164,1011,49165,0.49148784704566256,0,0,130,223,1.7099236641221374,wide,True,True,True,cmt_s,pretrained,1,3,0.6659079622579043,0.694293036578119,ok,
2010_003203,2,622,0.012396364795918368,<2%,622,3108,47068,0.01321492308999745,169,0,189,31,1.5238095238095237,wide,True,True,True,cmt_s,pretrained,5,0,0.2909967845659164,0.08703453781741938,ok,
2010_003203,5,2788,0.055564413265306124,5-10%,2788,3108,47068,0.059233449477351915,42,156,133,223,0.7391304347826086,square,True,True,True,cmt_s,pretrained,3,6,0.32711621233859395,0.15892269708158177,ok,
2010_003380,1,31256,0.6229272959183674,>=40%,31256,3634,46542,0.6715654677495595,0,0,223,209,0.9375,square,True,True,True,cmt_s,pretrained,3,3,0.8713846941387253,0.9158520011078293,ok,
2010_003381,1,30326,0.6043925382653061,>=40%,30326,2561,47615,0.6369001365116035,62,0,222,223,1.391304347826087,square,True,True,True,cmt_s,pretrained,4,3,0.7807162171074326,0.8491614881127028,ok,
2010_003409,2,1768,0.035235969387755105,2-5%,1768,2166,48010,0.036825661320558215,102,102,200,138,0.37373737373737376,tall,True,True,True,cmt_s,pretrained,4,3,0.20475113122171945,0.09749415680027994,ok,
2010_003418,1,4310,0.08589764030612244,5-10%,4310,1113,49063,0.08784623850967124,20,61,156,151,0.6642335766423357,tall,True,True,True,cmt_s,pretrained,3,3,0.36960556844547565,0.2234347920726067,ok,
2010_003453,1,33276,0.6631855867346939,>=40%,33276,1941,48235,0.6898724992225562,31,0,215,223,1.2108108108108109,square,True,True,True,cmt_s,pretrained,3,3,0.7207597066955163,0.7744138369209866,ok,
2010_003495,1,9836,0.19602997448979592,10-20%,9836,2771,47405,0.2074886615335935,6,0,193,223,1.1914893617021276,square,True,True,True,cmt_s,pretrained,3,3,0.2478649857665718,0.27572350125928297,ok,
2010_003531,5,734,0.014628507653061224,<2%,734,5572,44604,0.016455923235584254,132,2,221,30,0.32222222222222224,tall,True,True,True,cmt_s,pretrained,4,0,0.09128065395095368,0.046886362958376684,ok,
2010_003531,8,800,0.01594387755102041,<2%,800,5572,44604,0.01793561115595014,136,192,164,223,1.103448275862069,square,True,True,True,cmt_s,pretrained,4,6,0.33,0.09019758184397117,ok,
2010_003532,1,19587,0.3903659119897959,20-40%,19587,3941,46235,0.42364009949172704,14,6,215,218,1.0544554455445545,square,True,True,True,cmt_s,pretrained,2,3,0.6393015775769643,0.7372946397728865,ok,
2010_003597,4,937,0.018674266581632654,<2%,937,4517,45659,0.02052169342298342,108,183,221,223,0.35964912280701755,tall,True,True,True,cmt_s,pretrained,3,6,0.11739594450373532,0.05490490121603378,ok,
2010_003597,9,1168,0.023278061224489797,2-5%,1168,4517,45659,0.025580936945618606,83,81,137,113,0.6,tall,True,True,True,cmt_s,pretrained,3,3,0.2756849315068493,0.10120935389926439,ok,
2010_003680,1,8650,0.17239317602040816,10-20%,8650,1917,48259,0.1792411778113927,25,47,187,187,0.8650306748466258,square,True,True,True,cmt_s,pretrained,3,4,0.22809248554913295,0.20830916223452736,ok,
2010_003746,2,2022,0.04029815051020408,2-5%,2022,4460,45716,0.04422959139032286,14,0,67,81,1.5185185185185186,wide,True,True,True,cmt_s,pretrained,1,0,0.2551928783382789,0.12241410493101222,ok,
2010_003746,3,4040,0.08051658163265306,5-10%,4040,4460,45716,0.08837168606177269,0,90,171,223,0.7790697674418605,square,True,True,True,cmt_s,pretrained,2,6,0.3569306930693069,0.25137792846752904,ok,
2010_003764,1,16056,0.3199936224489796,20-40%,16056,2181,47995,0.3345348473799354,23,46,170,223,1.2027027027027026,square,True,True,True,cmt_s,pretrained,2,4,0.23617339312406577,0.24113427791378608,ok,
2010_003884,2,4341,0.08651546556122448,5-10%,4341,3805,46371,0.09361454357249142,2,176,165,223,0.2926829268292683,tall,True,True,True,cmt_s,pretrained,2,6,0.3031559548491131,0.18109565210605194,ok,
2010_004056,1,4379,0.08727279974489796,5-10%,4379,1287,48889,0.08957025097670232,93,5,205,119,1.0176991150442478,square,True,True,True,cmt_s,pretrained,4,1,0.6104133363781685,0.4418532361147327,ok,
2010_004060,1,7125,0.1420001594387755,10-20%,7125,1348,48828,0.1459203735561563,65,94,215,181,0.5827814569536424,tall,True,True,True,cmt_s,pretrained,4,4,0.4199298245614035,0.3226900576956932,ok,
2010_004171,1,29720,0.5923150510204082,>=40%,29720,3039,47137,0.6305025775929737,0,26,223,223,0.8839285714285714,square,True,True,True,cmt_s,pretrained,3,4,0.5834118438761776,0.5488577292411464,ok,
2010_004226,2,2818,0.056162308673469385,5-10%,2818,2866,47310,0.05956457408581695,92,161,193,223,0.6176470588235294,tall,True,True,True,cmt_s,pretrained,4,6,0.5340667139815471,0.23683090492089431,ok,
2010_004320,1,24486,0.48800223214285715,>=40%,24486,2103,48073,0.50935036298962,0,0,181,205,1.1318681318681318,square,True,True,True,cmt_s,pretrained,2,2,0.48439924855019195,0.4538966671911414,ok,
2010_004520,1,20370,0.40597098214285715,>=40%,20370,1466,48710,0.4181892835146787,0,57,223,163,0.47767857142857145,tall,True,True,True,cmt_s,pretrained,3,3,0.25724104074619536,0.3107350629900809,ok,
2010_004551,1,19379,0.3862205038265306,20-40%,19379,30797,19379,1.0,0,60,223,169,0.49107142857142855,tall,True,True,True,cmt_s,pretrained,3,3,1.0,1.0,ok,
2010_004560,1,5684,0.11328125,10-20%,5684,6406,43770,0.12986063513822252,35,0,181,109,0.7482993197278912,square,True,True,True,cmt_s,pretrained,2,1,0.5816326530612245,0.4194864254058598,ok,
2010_004625,1,34411,0.6858059630102041,>=40%,34411,1709,48467,0.7099882394206367,19,0,198,223,1.2444444444444445,square,True,True,True,cmt_s,pretrained,3,3,0.7640870651826451,0.865135123010989,ok,
2010_004628,2,793,0.01580436862244898,<2%,793,1208,48968,0.01619424930566901,120,139,169,164,0.52,tall,True,True,True,cmt_s,pretrained,4,4,0.2484237074401009,0.07317007312031534,ok,
2010_004683,2,2856,0.056919642857142856,5-10%,2856,7614,42562,0.0671021098632583,108,0,180,69,0.958904109589041,square,True,True,True,cmt_s,pretrained,4,0,0.2619047619047619,0.2178543986091935,ok,
2010_004763,3,13489,0.26883370535714285,20-40%,13489,19211,30965,0.4356208622638463,0,0,223,153,0.6875,square,True,True,True,cmt_s,pretrained,1,3,0.6876714359848766,0.7578541967376871,ok,
2010_004783,2,722,0.014389349489795918,<2%,722,2908,47268,0.015274604383515274,137,0,193,29,0.5263157894736842,tall,True,True,True,cmt_s,pretrained,5,0,0.11634349030470914,0.0462507087254679,ok,
2010_004941,1,18749,0.37366470025510207,20-40%,18749,5223,44953,0.41708006139745957,24,18,223,209,0.96,square,True,True,True,cmt_s,pretrained,3,3,0.3545255746973172,0.3776681921964895,ok,
2010_004946,1,20080,0.40019132653061223,>=40%,20080,1583,48593,0.4132282427510135,61,24,214,194,1.1103896103896105,square,True,True,True,cmt_s,pretrained,4,3,0.5816235059760956,0.6450635697842264,ok,
2010_004994,3,2795,0.05570392219387755,5-10%,2795,2736,47440,0.05891652613827993,69,188,194,223,0.2857142857142857,tall,True,True,True,cmt_s,pretrained,3,6,0.5334525939177102,0.2868755885907821,ok,
2010_005063,1,618,0.012316645408163265,<2%,618,1816,48360,0.012779156327543425,92,204,125,223,0.5882352941176471,tall,True,True,True,cmt_s,pretrained,3,6,0.40938511326860844,0.07398973446889304,ok,
2010_005106,1,3827,0.07627152423469388,5-10%,3827,2891,47285,0.08093475732261816,75,12,161,223,2.4367816091954024,wide,True,True,True,cmt_s,pretrained,3,3,0.10922393519728246,0.09664939997963347,ok,
2010_005108,1,28480,0.5676020408163265,>=40%,28480,2657,47519,0.5993392116837476,31,0,223,220,1.145077720207254,square,True,True,True,cmt_s,pretrained,4,2,0.7604985955056179,0.8186626393929696,ok,
2010_005128,1,10110,0.20149075255102042,20-40%,10110,1602,48574,0.20813603985671347,74,9,166,197,2.032258064516129,wide,True,True,True,cmt_s,pretrained,3,2,0.5501483679525223,0.45765532642052675,ok,
2010_005129,1,1566,0.031210140306122448,2-5%,1566,566,49610,0.031566216488611167,66,100,142,134,0.45454545454545453,tall,True,True,True,cmt_s,pretrained,3,3,0.5383141762452107,0.1465092013115938,ok,
2010_005166,6,2223,0.04430404974489796,2-5%,2223,7508,42668,0.05209993437705072,36,164,121,220,0.6627906976744186,tall,True,True,True,cmt_s,pretrained,3,6,0.23931623931623933,0.126278854685748,ok,
2010_005180,2,791,0.015764508928571428,<2%,791,631,49545,0.015965284085175092,102,58,126,90,1.32,square,True,True,True,cmt_s,pretrained,3,2,0.12262958280657396,0.04171543192466466,ok,
2010_005217,1,19868,0.39596619897959184,20-40%,19868,1677,48499,0.4096579310913627,63,0,188,223,1.7777777777777777,wide,True,True,True,cmt_s,pretrained,3,3,0.6456110328165895,0.5926589113047369,ok,
2010_005223,2,2644,0.05269451530612245,5-10%,2644,3652,46524,0.05683088298512596,99,72,177,139,0.8607594936708861,square,True,True,True,cmt_s,pretrained,4,3,0.4001512859304085,0.25150649880538095,ok,
2010_005223,3,2810,0.05600286989795918,5-10%,2810,3652,46524,0.06039893388358696,97,0,177,73,0.9135802469135802,square,True,True,True,cmt_s,pretrained,3,0,0.6669039145907474,0.5288960078452818,ok,
2010_005252,2,1624,0.03236607142857143,2-5%,1624,2651,47525,0.03417148869016307,101,131,158,188,1.0,square,True,True,True,cmt_s,pretrained,4,4,0.21428571428571427,0.08908323184409647,ok,
2010_005318,4,909,0.018116230867346938,<2%,909,7678,42498,0.021389241846675136,41,4,97,28,0.43859649122807015,tall,True,True,True,cmt_s,pretrained,2,0,0.07700770077007701,0.053630780971808074,ok,
2010_005450,1,11135,0.2219188456632653,20-40%,11135,1259,48917,0.2276304761125989,23,108,149,223,0.9133858267716536,square,True,True,True,cmt_s,pretrained,2,5,0.5804220925011225,0.5210955237083927,ok,
2010_005457,1,39327,0.7837810905612245,>=40%,39327,1823,48353,0.8133311273343949,2,0,219,223,1.0275229357798166,square,True,True,True,cmt_s,pretrained,3,3,0.8117578254125665,0.8718274667969947,ok,
2010_005519,1,1346,0.026825573979591837,2-5%,1346,1802,48374,0.02782486459668417,134,198,221,223,0.29545454545454547,tall,True,True,True,cmt_s,pretrained,5,6,0.6426448736998515,0.204528740738546,ok,
2010_005522,1,4613,0.09193638392857142,5-10%,4613,1347,48829,0.09447254705195683,67,108,188,188,0.6639344262295082,tall,True,True,True,cmt_s,pretrained,3,4,0.5976587903750271,0.37095524250073525,ok,
2010_005678,1,42378,0.8445870535714286,>=40%,42378,1055,49121,0.8627267360192179,11,0,212,223,1.108910891089109,square,True,True,True,cmt_s,pretrained,3,3,0.8896361319552598,0.9892540645688794,ok,
2010_005709,2,17174,0.3422751913265306,20-40%,17174,16475,33701,0.5095991216877838,0,30,223,212,0.8169642857142857,square,True,True,True,cmt_s,pretrained,4,3,0.3884360079189472,0.3710302089794957,ok,
2010_005744,1,7949,0.15842235331632654,10-20%,7949,1318,48858,0.16269597609398664,68,43,167,142,1.0,square,True,True,True,cmt_s,pretrained,3,2,0.1959994967920493,0.18080566335607062,ok,
2010_005788,1,1435,0.028599330357142856,2-5%,1435,2865,47311,0.03033121261440257,74,179,129,223,0.8035714285714286,square,True,True,True,cmt_s,pretrained,3,6,0.4794425087108014,0.17230236419809433,ok,
2010_005796,1,880,0.017538265306122448,<2%,880,1740,48436,0.018168304566851104,55,0,86,36,1.15625,square,True,True,True,cmt_s,pretrained,2,0,0.5113636363636364,0.1480386541195822,ok,
2010_005810,6,15299,0.30490672831632654,20-40%,15299,2985,47191,0.32419317242694584,0,0,124,208,1.672,wide,True,True,True,cmt_s,pretrained,1,2,0.4484606837048173,0.4502334332183132,ok,
2010_005830,5,1655,0.03298389668367347,2-5%,1655,8584,41592,0.03979130602038854,93,48,211,112,0.5462184873949579,tall,True,True,True,cmt_s,pretrained,3,2,0.07854984894259819,0.06658699198800229,ok,
2010_005835,1,9543,0.1901905293367347,10-20%,9543,2401,47775,0.19974882260596546,61,73,214,201,0.8376623376623377,square,True,True,True,cmt_s,pretrained,4,4,0.22058053023158336,0.2218736163193994,ok,
2010_005835,2,33418,0.666015625,>=40%,33418,2401,47775,0.6994871794871795,0,0,223,223,1.0,square,True,True,True,cmt_s,pretrained,3,2,0.7932252079717518,0.8125179766578571,ok,
2010_005871,2,2633,0.05247528698979592,5-10%,2633,3735,46441,0.056695592256842016,20,19,127,165,1.3611111111111112,square,True,True,True,cmt_s,pretrained,1,2,0.4762628180782377,0.23324330844789862,ok,
2010_005952,1,18965,0.37796954719387754,20-40%,18965,8640,41536,0.45659187211093993,0,47,223,148,0.45535714285714285,tall,True,True,True,cmt_s,pretrained,3,3,0.3919852359609807,0.3810333422379536,ok,
2011_000051,3,3410,0.06796077806122448,5-10%,3410,2366,47810,0.07132399079690441,57,0,223,37,0.2275449101796407,tall,True,True,True,cmt_s,pretrained,4,0,0.14076246334310852,0.10922647136369465,ok,
2011_000112,1,964,0.01921237244897959,<2%,964,1095,49081,0.019641001609584156,130,4,155,78,2.8846153846153846,wide,True,True,True,cmt_s,pretrained,4,1,0.266597510373444,0.06528866233966142,ok,
2011_000112,2,1825,0.03637197066326531,2-5%,1825,1095,49081,0.03718343147042644,124,135,167,203,1.5681818181818181,wide,True,True,True,cmt_s,pretrained,4,5,0.383013698630137,0.1330957302505543,ok,
2011_000122,2,22744,0.4532844387755102,>=40%,22744,1869,48307,0.47082203407373674,0,0,220,223,1.0135746606334841,square,True,True,True,cmt_s,pretrained,2,3,0.3886299683432993,0.3725495348960964,ok,
2011_000208,2,19994,0.39847735969387754,20-40%,19994,1635,48541,0.4118992192167446,76,0,187,223,2.0,wide,True,True,True,cmt_s,pretrained,4,3,0.4307292187656297,0.5242545855278405,ok,
2011_000252,2,2694,0.05369100765306122,5-10%,2694,3113,47063,0.0572424197352485,59,29,190,73,0.3409090909090909,tall,True,True,True,cmt_s,pretrained,3,1,0.4599109131403118,0.2751510678635874,ok,
2011_000312,2,6220,0.12396364795918367,10-20%,6220,1433,48743,0.12760806679933528,44,0,107,106,1.671875,wide,True,True,True,cmt_s,pretrained,2,1,0.2922829581993569,0.20283123907018089,ok,
2011_000338,4,1153,0.022979113520408163,2-5%,1153,2975,47201,0.024427448571004852,161,0,223,81,1.3015873015873016,square,True,True,True,cmt_s,pretrained,5,1,0.4908933217692975,0.14435211794321826,ok,
2011_000379,2,17519,0.34915098852040816,20-40%,17519,4456,45720,0.38318022747156605,1,0,223,223,1.0044843049327354,square,True,True,True,cmt_s,pretrained,4,3,0.47925109880700956,0.4820036177766038,ok,
2011_000400,1,1800,0.03587372448979592,2-5%,1800,5023,45153,0.039864460833167234,77,82,116,126,1.125,square,True,True,True,cmt_s,pretrained,3,3,0.23777777777777778,0.09463188151938792,ok,
2011_000438,5,5020,0.10004783163265306,10-20%,5020,6057,44119,0.11378317731589564,133,0,223,124,1.3736263736263736,square,True,True,True,cmt_s,pretrained,5,2,0.19641434262948207,0.14949201269155485,ok,
2011_000503,6,5180,0.10323660714285714,10-20%,5180,1550,48626,0.1065273721877185,168,65,223,223,2.8392857142857144,wide,True,True,True,cmt_s,pretrained,6,5,0.3525096525096525,0.27586167986912574,ok,
2011_000512,1,21132,0.4211575255102041,>=40%,21132,3608,46568,0.453788008933173,5,18,213,216,0.9521531100478469,square,True,True,True,cmt_s,pretrained,3,3,0.2526973310618966,0.16989978013184123,ok,
2011_000526,1,35443,0.7063735650510204,>=40%,35443,2648,47528,0.7457288335297088,18,0,223,223,1.087378640776699,square,True,True,True,cmt_s,pretrained,3,3,0.8064215783088339,0.9368912992318962,ok,
2011_000548,2,8304,0.16549744897959184,10-20%,8304,5543,44633,0.18605067999014183,62,58,178,193,1.1623931623931625,square,True,True,True,cmt_s,pretrained,3,3,0.5155346820809249,0.46359374550420224,ok,
2011_000566,1,10489,0.2090441645408163,20-40%,10489,4666,45510,0.23047681828169633,97,94,223,223,1.0236220472440944,square,True,True,True,cmt_s,pretrained,4,5,0.5033844980455715,0.4223775197674889,ok,
2011_000573,1,2746,0.05472735969387755,5-10%,2746,5141,45035,0.0609747973798157,125,84,223,175,0.9292929292929293,square,True,True,True,cmt_s,pretrained,5,4,0.31318281136198106,0.1502625841880057,ok,
2011_000589,2,2360,0.0470344387755102,2-5%,2360,818,49358,0.047813930872401635,9,0,115,42,0.40186915887850466,tall,True,True,True,cmt_s,pretrained,1,0,0.34279661016949153,0.14539156225499716,ok,
2011_000607,2,901,0.017956792091836735,<2%,901,1178,48998,0.018388505653291972,99,183,132,214,0.9411764705882353,square,True,True,True,cmt_s,pretrained,3,6,0.416204217536071,0.133550849296144,ok,
2011_000638,3,6112,0.12181122448979592,10-20%,6112,2987,47189,0.12952171056814088,71,0,223,57,0.3790849673202614,tall,True,True,True,cmt_s,pretrained,4,0,0.06037303664921466,0.0963641585879887,ok,
2011_000780,1,16130,0.321468431122449,20-40%,16130,15556,34620,0.46591565569035237,0,0,210,163,0.7772511848341233,square,True,True,True,cmt_s,pretrained,2,2,0.7158710477371357,0.6731467292388583,ok,
2011_000834,4,1880,0.03746811224489796,2-5%,1880,2509,47667,0.03944028363438018,93,17,149,76,1.0526315789473684,square,True,True,True,cmt_s,pretrained,3,1,0.527127659574468,0.179124412541841,ok,
2011_000944,1,42904,0.8550701530612245,>=40%,42904,2221,47955,0.8946720884162236,0,0,202,223,1.103448275862069,square,True,True,True,cmt_s,pretrained,3,3,0.8837870594816334,0.8907905143449484,ok,
2011_000973,1,13115,0.26137994260204084,20-40%,13115,1463,48713,0.26922997967688295,31,21,208,160,0.7865168539325843,square,True,True,True,cmt_s,pretrained,4,3,0.7280975981700343,0.6224653014603259,ok,
2011_001027,4,2020,0.04025829081632653,2-5%,2020,6473,43703,0.04622108322083152,57,0,114,119,2.0689655172413794,wide,True,True,True,cmt_s,pretrained,2,3,0.3678217821782178,0.1708892019070923,ok,
2011_001060,2,3089,0.06156329719387755,5-10%,3089,6110,44066,0.07009939636000545,36,139,179,186,0.3333333333333333,tall,True,True,True,cmt_s,pretrained,2,5,0.5778569116218841,0.304378350313203,ok,
2011_001071,3,12496,0.24904336734693877,20-40%,12496,2942,47234,0.26455519329296695,23,0,223,111,0.5572139303482587,tall,True,True,True,cmt_s,pretrained,4,1,0.566101152368758,0.515437080907938,ok,
2011_001135,1,11688,0.23294005102040816,20-40%,11688,2068,48108,0.24295335495135945,42,7,213,157,0.877906976744186,square,True,True,True,cmt_s,pretrained,3,2,0.5464579055441479,0.47543171937813533,ok,
2011_001139,2,3228,0.06433354591836735,5-10%,3228,2693,47483,0.06798222521744625,24,12,132,94,0.7614678899082569,square,True,True,True,cmt_s,pretrained,2,1,0.419454770755886,0.2439605479479331,ok,
2011_001161,1,1574,0.031369579081632654,2-5%,1574,623,49553,0.031763969890823966,90,73,152,114,0.6666666666666666,tall,True,True,True,cmt_s,pretrained,3,2,0.12325285895806862,0.0640183952616172,ok,
2011_001175,4,1326,0.026426977040816327,2-5%,1326,9497,40679,0.03259667150126601,127,160,174,200,0.8541666666666666,square,True,True,True,cmt_s,pretrained,4,5,0.25037707390648567,0.11496422157894917,ok,
2011_001211,1,22439,0.4472058354591837,>=40%,22439,2085,48091,0.466594581106652,0,28,223,180,0.6830357142857143,square,True,True,True,cmt_s,pretrained,3,3,0.3876732474709212,0.36513525894037413,ok,
2011_001292,1,23142,0.46121651785714285,>=40%,23142,1475,48701,0.47518531446992873,33,34,206,223,1.0919540229885059,square,True,True,True,cmt_s,pretrained,3,4,0.41024976233687666,0.37242113219455314,ok,
2011_001346,3,1663,0.03314333545918367,2-5%,1663,6989,43187,0.038506958112394934,146,25,223,155,1.6794871794871795,wide,True,True,True,cmt_s,pretrained,5,2,0.04449789536981359,0.03928210045770097,ok,
2011_001350,1,1599,0.03186782525510204,2-5%,1599,1851,48325,0.033088463528194514,133,114,179,191,1.6595744680851063,wide,True,True,True,cmt_s,pretrained,4,4,0.5459662288930581,0.20483255328641486,ok,
2011_001350,2,7903,0.15750558035714285,10-20%,7903,1851,48325,0.16353854112778066,77,81,179,217,1.3300970873786409,square,True,True,True,cmt_s,pretrained,3,4,0.599392635707959,0.41501480462293344,ok,
2011_001412,5,1081,0.021544164540816327,2-5%,1081,6346,43830,0.02466347250741501,62,157,171,223,0.6090909090909091,tall,True,True,True,cmt_s,pretrained,2,6,0.5263644773358002,0.17884522168819758,ok,
2011_001546,1,5582,0.1112484056122449,10-20%,5582,1887,48289,0.11559568431733935,73,70,177,180,1.0571428571428572,square,True,True,True,cmt_s,pretrained,3,4,0.6277319957004658,0.3950997145646328,ok,
2011_001567,5,1761,0.03509646045918367,2-5%,1761,5873,44303,0.03974900119630725,67,107,157,146,0.43956043956043955,tall,True,True,True,cmt_s,pretrained,3,3,0.24645088018171493,0.1006523664632766,ok,
2011_001597,1,25364,0.505500637755102,>=40%,25364,4546,45630,0.5558623712469867,0,0,223,164,0.7366071428571429,square,True,True,True,cmt_s,pretrained,3,2,0.36366503706040054,0.42129451822981917,ok,
2011_001642,1,21020,0.41892538265306123,>=40%,21020,4069,46107,0.45589606784219316,7,43,201,189,0.7538461538461538,square,True,True,True,cmt_s,pretrained,3,3,0.45128449096098955,0.5476459880590232,ok,
2011_001653,3,3326,0.06628667091836735,5-10%,3326,5007,45169,0.0736345723837145,131,70,185,158,1.6181818181818182,wide,True,True,True,cmt_s,pretrained,5,3,0.24984966927239927,0.156392421732102,ok,
2011_001714,2,20982,0.41816804846938777,>=40%,20982,11687,38489,0.5451427680636026,0,13,223,223,0.9419642857142857,square,True,True,True,cmt_s,pretrained,3,2,0.6101896863978649,0.6816270436951557,ok,
2011_001722,1,12367,0.24647241709183673,20-40%,12367,3950,46226,0.26753342274910225,35,0,209,223,1.28,square,True,True,True,cmt_s,pretrained,3,4,0.3620118056117086,0.29878706428835483,ok,
2011_001775,1,46497,0.9266780931122449,>=40%,46497,1775,48401,0.9606619697940125,0,0,223,223,1.0,square,True,True,True,cmt_s,pretrained,3,3,0.9598038583134396,0.9708435840882026,ok,
2011_001855,1,33583,0.669304049744898,>=40%,33583,16593,33583,1.0,5,1,223,218,0.9954337899543378,square,True,True,True,cmt_s,pretrained,3,3,1.0,1.0,ok,
2011_001862,5,4110,0.08191167091836735,5-10%,4110,2360,47816,0.08595449222017734,152,0,223,113,1.5833333333333333,wide,True,True,True,cmt_s,pretrained,6,1,0.589051094890511,0.42031998768331313,ok,
2011_001922,2,4877,0.09719786352040816,5-10%,4877,11570,38606,0.12632751385794955,123,18,207,220,2.388235294117647,wide,True,True,True,cmt_s,pretrained,5,2,0.08529833914291572,0.10300018732503453,ok,
2011_001924,1,1492,0.029735331632653062,2-5%,1492,728,49448,0.030173111147063583,67,41,131,107,1.0307692307692307,square,True,True,True,cmt_s,pretrained,2,2,0.17627345844504022,0.08379739717306374,ok,
2011_001967,1,11881,0.23678651147959184,20-40%,11881,2884,47292,0.25122642307367,0,18,211,212,0.9198113207547169,square,True,True,True,cmt_s,pretrained,3,2,0.09788738321690094,0.12612120817763636,ok,
2011_002002,4,3325,0.06626674107142858,5-10%,3325,3747,46429,0.07161472355639795,50,148,176,212,0.5118110236220472,tall,True,True,True,cmt_s,pretrained,3,5,0.2267669172932331,0.15000756077082777,ok,
2011_002040,1,18454,0.36778539540816324,20-40%,18454,1700,48476,0.38068322468850563,17,2,217,216,1.0696517412935322,square,True,True,True,cmt_s,pretrained,3,3,0.5783028069795166,0.5160239529968346,ok,
2011_002064,4,1102,0.02196269132653061,2-5%,1102,10769,39407,0.02796457482173218,42,190,83,223,0.8095238095238095,square,True,True,True,cmt_s,pretrained,1,6,0.3720508166969147,0.11745714551124758,ok,
2011_002110,2,2531,0.05044244260204082,5-10%,2531,9543,40633,0.06228927226638446,0,166,116,223,0.49572649572649574,tall,True,True,True,cmt_s,pretrained,1,5,0.5021730541288029,0.24460069799010356,ok,
2011_002119,2,1409,0.028081154336734693,2-5%,1409,4399,45777,0.030779649168796556,85,54,147,111,0.9206349206349206,square,True,True,True,cmt_s,pretrained,3,2,0.37757274662881474,0.09677414508909156,ok,
2011_002119,3,752,0.014987244897959183,<2%,752,4399,45777,0.01642746357341023,102,123,137,164,1.1666666666666667,square,True,True,True,cmt_s,pretrained,3,4,0.6808510638297872,0.13933945603298162,ok,
2011_002135,3,1002,0.019969706632653062,<2%,1002,7644,42532,0.02355873224865983,0,86,28,167,2.8275862068965516,wide,True,True,True,cmt_s,pretrained,0,4,0.16367265469061876,0.0717005911123832,ok,
2011_002178,1,32344,0.6446109693877551,>=40%,32344,5574,44602,0.7251692749204072,18,0,223,223,1.087378640776699,square,True,True,True,cmt_s,pretrained,3,3,0.7999628988374969,0.8243400897838368,ok,
2011_002222,1,2245,0.04474250637755102,2-5%,2245,1781,48395,0.04638908978200227,74,33,163,181,1.6555555555555554,wide,True,True,True,cmt_s,pretrained,4,3,0.044097995545657014,0.039586540130085404,ok,
2011_002247,1,28246,0.5629384566326531,>=40%,28246,3658,46518,0.6072058128036459,0,0,184,223,1.2108108108108109,square,True,True,True,cmt_s,pretrained,2,4,0.6427104722792608,0.6785422517221953,ok,
2011_002279,1,28919,0.5763512436224489,>=40%,28919,2322,47854,0.6043172984494504,0,0,190,223,1.1727748691099475,square,True,True,True,cmt_s,pretrained,2,3,0.8910404924098344,0.9354108550170022,ok,
2011_002291,1,10150,0.20228794642857142,20-40%,10150,2248,47928,0.21177599732932734,75,0,138,223,3.5,wide,True,True,True,cmt_s,pretrained,3,3,0.49261083743842365,0.43422259418085907,ok,
2011_002308,1,23784,0.47401147959183676,>=40%,23784,1330,48846,0.48691806903328827,3,37,223,194,0.7149321266968326,square,True,True,True,cmt_s,pretrained,4,3,0.6595190043726875,0.7161781769950609,ok,
2011_002335,5,961,0.019152582908163265,<2%,961,2787,47389,0.02027896769292452,79,0,119,80,1.975609756097561,wide,True,True,True,cmt_s,pretrained,3,1,0.1675338189386056,0.06410187634039347,ok,
2011_002358,3,3081,0.061403858418367346,5-10%,3081,5225,44951,0.06854130052724078,66,0,214,66,0.44966442953020136,tall,True,True,True,cmt_s,pretrained,3,0,0.3031483284647842,0.1616935681674508,ok,
2011_002358,5,1676,0.03340242346938776,2-5%,1676,5225,44951,0.03728504371426664,47,90,99,139,0.9433962264150944,square,True,True,True,cmt_s,pretrained,2,3,0.0513126491646778,0.057980692136500915,ok,
2011_002391,3,1453,0.028958067602040817,2-5%,1453,5663,44513,0.032642149484420284,197,115,223,223,4.037037037037037,wide,True,True,True,cmt_s,pretrained,6,6,0.5299380591878872,0.18798376704833888,ok,
2011_002398,1,13738,0.27379623724489793,20-40%,13738,2747,47429,0.2896540091505197,36,51,176,214,1.1631205673758864,square,True,True,True,cmt_s,pretrained,3,4,0.3127092735478236,0.30611346035283316,ok,
2011_002504,1,1363,0.02716438137755102,2-5%,1363,677,49499,0.027535909816359925,79,92,125,181,1.9148936170212767,wide,True,True,True,cmt_s,pretrained,3,4,0.4607483492296405,0.16899622724195273,ok,
2011_002511,3,3104,0.06186224489795918,5-10%,3104,5344,44832,0.06923625981441828,11,94,104,168,0.7978723404255319,square,True,True,True,cmt_s,pretrained,1,4,0.17590206185567012,0.12573612415726693,ok,
2011_002575,3,6396,0.12747130102040816,10-20%,6396,9981,40195,0.15912426918770992,10,117,197,214,0.5212765957446809,tall,True,True,True,cmt_s,pretrained,2,5,0.3691369606003752,0.32565314679160073,ok,
2011_002644,1,991,0.01975047831632653,<2%,991,3556,46620,0.021256971256971256,93,58,128,91,0.9444444444444444,square,True,True,True,cmt_s,pretrained,3,2,0.13824419778002017,0.04861091826516658,ok,
2011_002675,1,8153,0.16248804209183673,10-20%,8153,3656,46520,0.1752579535683577,40,0,200,209,1.3043478260869565,square,True,True,True,cmt_s,pretrained,2,3,0.23991168894885317,0.2581790928467592,ok,
2011_002812,2,869,0.01731903698979592,<2%,869,4560,45616,0.019050333216415295,164,0,208,32,0.7333333333333333,square,True,True,True,cmt_s,pretrained,5,0,0.3532796317606444,0.10517637337908177,ok,
2011_002851,1,6457,0.12868702168367346,10-20%,6457,1267,48909,0.13202069148827414,75,0,142,223,3.2941176470588234,wide,True,True,True,cmt_s,pretrained,3,3,0.03871767074492798,0.08791406777490092,ok,
2011_002953,1,1483,0.02955596301020408,2-5%,1483,1701,48475,0.030593089221248065,82,0,157,38,0.5131578947368421,tall,True,True,True,cmt_s,pretrained,3,0,0.43627781523937964,0.1500002550137011,ok,
2011_002953,2,12975,0.25858976403061223,20-40%,12975,1701,48475,0.26766374419804023,94,15,222,174,1.2403100775193798,square,True,True,True,cmt_s,pretrained,4,3,0.6400770712909442,0.5670994338655663,ok,
2011_003057,1,27980,0.5576371173469388,>=40%,27980,2596,47580,0.5880622110130307,13,0,223,223,1.061611374407583,square,True,True,True,cmt_s,pretrained,4,3,0.6588277340957827,0.7547043691847066,ok,
2011_003066,1,921,0.018355389030612245,<2%,921,6938,43238,0.021300707710809937,152,94,205,117,0.4444444444444444,tall,True,True,True,cmt_s,pretrained,5,3,0.02714440825190011,0.04277534191320725,ok,
2011_003066,10,1163,0.02317841198979592,2-5%,1163,6938,43238,0.02689763633840603,21,0,105,52,0.6235294117647059,tall,True,True,True,cmt_s,pretrained,1,0,0.28460877042132415,0.11088113750446012,ok,
2011_003066,19,15636,0.31162308673469385,20-40%,15636,6938,43238,0.36162634719459735,128,24,223,223,2.0833333333333335,wide,True,True,True,cmt_s,pretrained,5,4,0.5724609874648248,0.7091996774588728,ok,
2011_003103,4,837,0.0166812818877551,<2%,837,4333,45843,0.018257967410509782,87,133,138,163,0.5961538461538461,tall,True,True,True,cmt_s,pretrained,3,4,0.27956989247311825,0.0712469345237307,ok,
2011_003182,1,38579,0.7688735650510204,>=40%,38579,1645,48531,0.7949351960602502,20,0,223,223,1.0980392156862746,square,True,True,True,cmt_s,pretrained,3,3,0.7899893724565178,0.8140044860353144,ok,
2011_003238,2,4113,0.08197146045918367,5-10%,4113,1718,48458,0.08487762598538941,65,71,223,154,0.5283018867924528,tall,True,True,True,cmt_s,pretrained,4,4,0.20714806710430342,0.14873583417682792,ok,
2011_003256,2,5124,0.10212053571428571,10-20%,5124,2759,47417,0.10806250922664867,75,0,164,132,1.4777777777777779,square,True,True,True,cmt_s,pretrained,3,1,0.3233801717408275,0.22665535081213428,ok,
2007_000032,1,2609,0.05199697066326531,5-10%,2609,2802,47374,0.055072402583695695,84,0,145,210,3.403225806451613,wide,True,True,True,cmt_s,random_init,3,3,0.5914143349942507,0.5938988874298634,ok,
2007_000061,1,3525,0.07025271045918367,5-10%,3525,2016,48160,0.07319352159468438,9,130,183,223,0.5371428571428571,tall,True,True,True,cmt_s,random_init,5,5,0.5157446808510638,0.4855624620656,ok,
2007_000063,2,28004,0.5581154336734694,>=40%,28004,3202,46974,0.5961595776386938,0,9,223,215,0.9241071428571429,square,True,True,True,cmt_s,random_init,1,3,0.7389658620197115,0.9331432161200462,ok,
2007_000241,1,570,0.01136001275510204,<2%,570,1436,48740,0.011694706606483382,127,178,158,223,1.4375,square,True,True,True,cmt_s,random_init,4,6,0.16666666666666666,0.10909431507809442,ok,
2007_000241,3,975,0.01943160076530612,<2%,975,1436,48740,0.020004103405826836,85,113,124,163,1.275,square,True,True,True,cmt_s,random_init,3,4,0.6164102564102564,0.33763797971661796,ok,
2007_000243,1,935,0.0186344068877551,<2%,935,637,49539,0.018874018450110015,85,64,127,124,1.4186046511627908,square,True,True,True,cmt_s,random_init,3,3,0.611764705882353,0.3446373193699335,ok,
2007_000256,1,6317,0.1258968431122449,10-20%,6317,2287,47889,0.131909206707177,64,0,147,223,2.6666666666666665,wide,True,True,True,cmt_s,random_init,3,2,0.39385784391324996,0.4198794934536986,ok,
2007_000346,1,5229,0.10421316964285714,10-20%,5229,2345,47831,0.10932240597102298,65,39,202,96,0.42028985507246375,tall,True,True,True,cmt_s,random_init,4,2,0.5890227576974565,0.6331606765781418,ok,
2007_000346,2,16704,0.33290816326530615,20-40%,16704,2345,47831,0.3492295791432335,50,74,223,223,0.8620689655172413,square,True,True,True,cmt_s,random_init,4,4,0.4850335249042146,0.6845841307589787,ok,
2007_000720,1,3384,0.06744260204081633,5-10%,3384,1079,49097,0.06892478155488116,80,91,176,147,0.5876288659793815,tall,True,True,True,cmt_s,random_init,3,3,0.7257683215130024,0.6475672346331915,ok,
2007_000727,1,4702,0.09371014030612244,5-10%,4702,2481,47695,0.09858475731208723,156,53,216,161,1.7868852459016393,wide,True,True,True,cmt_s,random_init,5,3,0.6450446618460229,0.6684007369893392,ok,
2007_000733,2,9467,0.18867586096938777,10-20%,9467,2795,47381,0.19980582934087504,104,52,223,223,1.4333333333333333,square,True,True,True,cmt_s,random_init,5,4,0.6511038343720291,0.708679334269553,ok,
2007_000768,1,4628,0.09223533163265306,5-10%,4628,1407,48769,0.09489634808997519,63,178,170,223,0.42592592592592593,tall,True,True,True,cmt_s,random_init,3,6,0.7491356957649092,0.6836505299859568,ok,
2007_000799,2,6764,0.13480548469387754,10-20%,6764,2034,48142,0.14050101782227578,116,105,223,223,1.1018518518518519,square,True,True,True,cmt_s,random_init,5,5,0.6890892962743939,0.6983359064187847,ok,
2007_000876,1,21966,0.43777901785714285,>=40%,21966,2749,47427,0.46315389967739895,21,30,220,191,0.81,square,True,True,True,cmt_s,random_init,4,3,0.6341618865519439,0.9040010472239466,ok,
2007_001073,1,1050,0.020926339285714284,2-5%,1050,3319,46857,0.022408604904283244,106,0,145,48,1.225,square,True,True,True,cmt_s,random_init,3,0,0.6028571428571429,0.4273867833314425,ok,
2007_001239,2,5715,0.11389907525510204,10-20%,5715,3195,46981,0.1216449202869245,83,100,223,187,0.624113475177305,tall,True,True,True,cmt_s,random_init,4,4,0.6477690288713911,0.552916484227242,ok,
2007_001299,3,2434,0.048509247448979595,2-5%,2434,3838,46338,0.05252708360309034,97,167,204,210,0.4074074074074074,tall,True,True,True,cmt_s,random_init,4,5,0.4835661462612983,0.3919750886469543,ok,
2007_001311,4,2302,0.04587850765306122,2-5%,2302,5807,44369,0.05188307151389484,134,60,223,148,0.9888888888888889,square,True,True,True,cmt_s,random_init,5,3,0.5360556038227628,0.469686191594598,ok,
2007_001340,3,3959,0.07890226403061225,5-10%,3959,3801,46375,0.08536927223719677,85,62,222,113,0.37681159420289856,tall,True,True,True,cmt_s,random_init,4,2,0.48244506188431424,0.4342273043313187,ok,
2007_001408,6,763,0.015206473214285714,<2%,763,2986,47190,0.01616867980504344,0,87,30,121,1.1290322580645162,square,True,True,True,cmt_s,random_init,0,3,0.6487549148099607,0.38079516313361494,ok,
2007_001430,2,3188,0.06353635204081633,5-10%,3188,3238,46938,0.0679193830158933,93,26,177,98,0.8588235294117647,square,True,True,True,cmt_s,random_init,4,2,0.6405269761606023,0.589149023280258,ok,
2007_001430,4,7230,0.14409279336734693,10-20%,7230,3238,46938,0.15403297967531637,92,111,223,205,0.7196969696969697,square,True,True,True,cmt_s,random_init,5,5,0.6699861687413554,0.6466103808395693,ok,
2007_001430,6,2100,0.04185267857142857,2-5%,2100,3238,46938,0.04473986961523712,0,153,47,208,1.1666666666666667,square,True,True,True,cmt_s,random_init,0,5,0.7438095238095238,0.663969029798775,ok,
2007_001458,1,16567,0.33017777423469385,20-40%,16567,1605,48571,0.34108830372032695,84,17,200,204,1.606837606837607,wide,True,True,True,cmt_s,random_init,4,3,0.6896239512283455,0.8790337114165269,ok,
2007_001594,1,835,0.016641422193877552,<2%,835,2767,47409,0.017612689573709633,102,127,137,165,1.0833333333333333,square,True,True,True,cmt_s,random_init,3,4,0.6467065868263473,0.40107447552755854,ok,
2007_001595,1,6939,0.13829320790816327,10-20%,6939,1274,48902,0.14189603697190298,97,123,178,223,1.2317073170731707,square,True,True,True,cmt_s,random_init,4,5,0.779074794638997,0.8126491256840737,ok,
2007_001717,2,4077,0.08125398596938775,5-10%,4077,2931,47245,0.08629484601545137,88,178,223,223,0.3382352941176471,tall,True,True,True,cmt_s,random_init,4,6,0.4753495217071376,0.5363888644855622,ok,
2007_001763,3,14795,0.2948620854591837,20-40%,14795,2209,47967,0.3084412200054204,26,0,223,223,1.1313131313131313,square,True,True,True,cmt_s,random_init,2,3,0.41007096992227104,0.5211981224364249,ok,
2007_001857,1,38087,0.7590680803571429,>=40%,38087,1568,48608,0.7835541474654378,7,0,223,223,1.032258064516129,square,True,True,True,cmt_s,random_init,4,3,0.7715756032241973,0.8962272900067056,ok,
2007_001857,3,2768,0.055165816326530615,5-10%,2768,1568,48608,0.056945358788676764,0,157,72,210,0.7397260273972602,square,True,True,True,cmt_s,random_init,1,5,0.6484826589595376,0.6896920753939106,ok,
2007_001857,5,1631,0.032505580357142856,2-5%,1631,1568,48608,0.033554147465437785,0,63,59,103,0.6833333333333333,square,True,True,True,cmt_s,random_init,0,2,0.6940527283874923,0.6033352082414795,ok,
2007_001884,3,977,0.019471460459183673,<2%,977,1933,48243,0.020251642725369483,128,148,144,208,3.588235294117647,wide,True,True,True,cmt_s,random_init,4,5,0.22517911975435004,0.12012347324886402,ok,
2007_001901,4,1489,0.029675542091836735,2-5%,1489,3837,46339,0.032132760741492045,126,141,205,183,0.5375,tall,True,True,True,cmt_s,random_init,4,5,0.46877098723975824,0.3072216275233326,ok,
2007_002046,2,15524,0.309390943877551,20-40%,15524,2364,47812,0.32468836275412033,22,0,202,130,0.7237569060773481,square,True,True,True,cmt_s,random_init,3,2,0.7073563514558103,0.8948155071471309,ok,
2007_002055,1,2047,0.04079639668367347,2-5%,2047,2555,47621,0.042985237605258186,150,0,222,51,0.7123287671232876,square,True,True,True,cmt_s,random_init,5,0,0.7318026380068393,0.6217108483551257,ok,
2007_002055,2,4884,0.0973373724489796,5-10%,4884,2555,47621,0.10255979504840301,87,2,223,97,0.7007299270072993,square,True,True,True,cmt_s,random_init,4,1,0.5042997542997543,0.5015323316629404,ok,
2007_002088,1,32167,0.6410833864795918,>=40%,32167,1856,48320,0.6657077814569536,16,0,223,223,1.0769230769230769,square,True,True,True,cmt_s,random_init,4,3,0.6544284515186372,0.904024631629339,ok,
2007_002120,1,927,0.0184749681122449,<2%,927,2409,47767,0.019406703372621265,23,101,53,170,2.2580645161290325,wide,True,True,True,cmt_s,random_init,1,3,0.535059331175836,0.27956575881685947,ok,
2007_002216,2,23599,0.47032445790816324,>=40%,23599,1760,48416,0.4874215135492399,67,0,210,206,1.4375,square,True,True,True,cmt_s,random_init,4,3,0.5382855205729057,0.844475661207685,ok,
2007_002234,2,645,0.012854751275510204,<2%,645,1702,48474,0.013306102240376285,69,0,93,40,1.64,wide,True,True,True,cmt_s,random_init,2,0,0.4372093023255814,0.22081645457929697,ok,
2007_002284,4,823,0.016402264030612245,<2%,823,2323,47853,0.017198503751070987,0,102,37,130,0.7631578947368421,square,True,True,True,cmt_s,random_init,0,3,0.6682867557715675,0.3316596321173568,ok,
2007_002293,1,21109,0.42069913903061223,>=40%,21109,1864,48312,0.43693078324225865,0,0,223,174,0.78125,square,True,True,True,cmt_s,random_init,3,1,0.5958122128002273,0.8772290825060274,ok,
2007_002368,2,1996,0.03977997448979592,2-5%,1996,3660,46516,0.04290996646315246,159,192,223,223,0.49230769230769234,tall,True,True,True,cmt_s,random_init,5,6,0.6107214428857716,0.48997142585173536,ok,
2007_002488,1,3031,0.06040736607142857,5-10%,3031,5841,44335,0.06836585090786061,10,67,176,155,0.5329341317365269,tall,True,True,True,cmt_s,random_init,2,3,0.45529528208512043,0.5400126781460558,ok,
2007_002539,1,43265,0.8622648278061225,>=40%,43265,1230,48946,0.8839333142646999,0,0,222,223,1.0044843049327354,square,True,True,True,cmt_s,random_init,3,2,0.8721599445279093,0.6714337503873422,ok,
2007_002668,1,6318,0.1259167729591837,10-20%,6318,2467,47709,0.13242784380305603,186,17,223,223,5.447368421052632,wide,True,True,True,cmt_s,random_init,6,3,0.40582462804685027,0.5199774409678198,ok,
2007_002760,2,21822,0.43490911989795916,>=40%,21822,1937,48239,0.45237256162026573,4,0,197,136,0.7061855670103093,square,True,True,True,cmt_s,random_init,3,1,0.624003299422601,0.8702557511494098,ok,
2007_002789,2,1372,0.02734375,2-5%,1372,1595,48581,0.02824149358802824,99,0,149,55,1.0980392156862746,square,True,True,True,cmt_s,random_init,3,0,0.706997084548105,0.5120011578919962,ok,
2007_002896,1,6290,0.12535873724489796,10-20%,6290,1977,48199,0.13050063279321147,6,70,209,148,0.3872549019607843,tall,True,True,True,cmt_s,random_init,2,3,0.6372019077901431,0.7777664270318914,ok,
2007_002903,1,35791,0.7133091517857143,>=40%,35791,2377,47799,0.7487813552584782,13,0,219,223,1.0821256038647342,square,True,True,True,cmt_s,random_init,3,3,0.7861194154955157,0.9256017535445717,ok,
2007_002953,1,1882,0.03750797193877551,2-5%,1882,3475,46701,0.04029892293526905,63,0,196,16,0.12686567164179105,tall,True,True,True,cmt_s,random_init,4,0,0.4495217853347503,0.38401525547915666,ok,
2007_002953,5,1147,0.02285953443877551,2-5%,1147,3475,46701,0.024560501916447184,38,17,75,56,1.0526315789473684,square,True,True,True,cmt_s,random_init,1,1,0.3975588491717524,0.24224020427737966,ok,
2007_003022,1,7396,0.1474011479591837,10-20%,7396,3575,46601,0.15870904057852836,57,48,193,223,1.2846715328467153,square,True,True,True,cmt_s,random_init,3,3,0.4841806381828015,0.6117215354256877,ok,
2007_003051,1,8921,0.1777941645408163,10-20%,8921,982,49194,0.18134325324226533,56,0,138,133,1.6144578313253013,wide,True,True,True,cmt_s,random_init,3,1,0.3406568770317229,0.39871587572811984,ok,
2007_003101,3,14896,0.296875,20-40%,14896,1861,48315,0.30831004863913897,0,0,199,84,0.425,tall,True,True,True,cmt_s,random_init,3,1,0.581968313641246,0.8820285243571863,ok,
2007_003118,1,1490,0.02969547193877551,2-5%,1490,2677,47499,0.03136908145434641,15,85,72,135,0.8793103448275862,square,True,True,True,cmt_s,random_init,1,3,0.4664429530201342,0.2716830356489325,ok,
2007_003118,4,18444,0.36758609693877553,20-40%,18444,2677,47499,0.38830291164024505,49,29,223,204,1.0057142857142858,square,True,True,True,cmt_s,random_init,4,3,0.44833008024289744,0.7216588060266682,ok,
2007_003131,1,1544,0.03077168367346939,2-5%,1544,638,49538,0.031167992248374986,150,172,219,217,0.6571428571428571,tall,True,True,True,cmt_s,random_init,6,6,0.5511658031088082,0.31638775728005325,ok,
2007_003134,2,5961,0.11880181760204081,10-20%,5961,3586,46590,0.12794591113972956,45,61,173,140,0.6201550387596899,tall,True,True,True,cmt_s,random_init,3,2,0.6134876698540513,0.6985938035807729,ok,
2007_003189,2,1134,0.022600446428571428,2-5%,1134,1947,48229,0.023512824234381804,19,82,122,136,0.5288461538461539,tall,True,True,True,cmt_s,random_init,1,3,0.5220458553791887,0.2828586446251273,ok,
2007_003190,1,2678,0.05337213010204082,5-10%,2678,3753,46423,0.057686922430691685,0,59,84,168,1.2941176470588236,square,True,True,True,cmt_s,random_init,0,2,0.6295743091859597,0.47683041564991846,ok,
2007_003201,1,4751,0.09468670280612244,5-10%,4751,4201,45975,0.10333877107123436,38,0,179,49,0.352112676056338,tall,True,True,True,cmt_s,random_init,3,0,0.6318669753736056,0.7371026364350886,ok,
2007_003201,2,20600,0.41055484693877553,>=40%,20600,4201,45975,0.4480696030451332,20,32,209,223,1.0105263157894737,square,True,True,True,cmt_s,random_init,2,4,0.7439805825242718,0.9557442941687216,ok,
2007_003207,9,2079,0.04143415178571429,2-5%,2079,3449,46727,0.04449247758255399,83,150,167,181,0.3764705882352941,tall,True,True,True,cmt_s,random_init,4,5,0.5064935064935064,0.39959272741396534,ok,
2007_003251,4,1296,0.025829081632653062,2-5%,1296,4492,45684,0.028368794326241134,106,29,195,91,0.7,square,True,True,True,cmt_s,random_init,4,1,0.49691358024691357,0.334982478817789,ok,
2007_003367,3,901,0.017956792091836735,<2%,901,3657,46519,0.019368430103828542,127,0,177,25,0.5098039215686274,tall,True,True,True,cmt_s,random_init,4,0,0.6381798002219756,0.3265437718666086,ok,
2007_003451,1,3878,0.07728794642857142,5-10%,3878,1762,48414,0.08010079729004008,105,104,151,215,2.382978723404255,wide,True,True,True,cmt_s,random_init,3,4,0.24290871583290355,0.14624724940136735,ok,
2007_003580,1,31141,0.6206353635204082,>=40%,31141,1762,48414,0.643223034659396,0,0,223,198,0.8883928571428571,square,True,True,True,cmt_s,random_init,3,3,0.7061109148710702,0.9399727800787445,ok,
2007_003711,2,20428,0.40712691326530615,>=40%,20428,1643,48533,0.4209094842684359,49,59,194,223,1.13013698630137,square,True,True,True,cmt_s,random_init,3,4,0.5855198746818093,0.8343996958747268,ok,
2007_003778,1,13727,0.27357700892857145,20-40%,13727,3127,47049,0.29175965482794536,30,18,206,197,1.0169491525423728,square,True,True,True,cmt_s,random_init,3,3,0.5874553799082101,0.8073884683204637,ok,
2007_003815,1,6980,0.13911033163265307,10-20%,6980,2124,48052,0.14525930242237575,74,70,138,223,2.3692307692307693,wide,True,True,True,cmt_s,random_init,3,4,0.40730659025787963,0.4541038648366202,ok,
2007_004081,1,2169,0.04322783801020408,2-5%,2169,5393,44783,0.04843355737668312,57,70,121,159,1.3846153846153846,square,True,True,True,cmt_s,random_init,2,3,0.6745043798985708,0.766313947459484,ok,
2007_004121,3,994,0.019810267857142856,<2%,994,1822,48354,0.020556727468254953,96,55,147,93,0.75,square,True,True,True,cmt_s,random_init,3,2,0.49899396378269617,0.25530478565360015,ok,
2007_004537,4,1619,0.03226642219387755,2-5%,1619,7559,42617,0.037989534692728255,53,50,118,167,1.7878787878787878,wide,True,True,True,cmt_s,random_init,2,4,0.4459542927733169,0.3246322000564463,ok,
2007_004558,2,870,0.017338966836734693,<2%,870,2181,47995,0.01812688821752266,61,87,99,119,0.8461538461538461,square,True,True,True,cmt_s,random_init,2,3,0.6137931034482759,0.28495063495861694,ok,
2007_004649,2,894,0.017817283163265307,<2%,894,2187,47989,0.018629269207526725,90,204,137,223,0.4166666666666667,tall,True,True,True,cmt_s,random_init,3,6,0.6868008948545862,0.33628023444402705,ok,
2007_004707,1,879,0.017518335459183673,<2%,879,1199,48977,0.01794719970598444,175,147,223,191,0.9183673469387755,square,True,True,True,cmt_s,random_init,6,5,0.608646188850967,0.35383639103937464,ok,
2007_004856,1,26887,0.5358537946428571,>=40%,26887,1539,48637,0.5528095894072415,0,24,223,199,0.7857142857142857,square,True,True,True,cmt_s,random_init,3,3,0.6959497154758806,0.9166139549793586,ok,
2007_005074,1,10711,0.2134685905612245,20-40%,10711,2530,47646,0.22480376107123368,0,0,193,200,1.0360824742268042,square,True,True,True,cmt_s,random_init,4,2,0.4974325459807674,0.6694984003145135,ok,
2007_005130,1,5057,0.10078523596938775,10-20%,5057,968,49208,0.10276784262721508,60,52,192,147,0.7218045112781954,square,True,True,True,cmt_s,random_init,3,3,0.733834289104212,0.779034401229662,ok,
2007_005173,12,990,0.019730548469387755,<2%,990,6789,43387,0.022817894761103557,1,189,56,221,0.5892857142857143,tall,True,True,True,cmt_s,random_init,0,6,0.794949494949495,0.5584623629078455,ok,
2007_005173,14,1217,0.024254623724489797,2-5%,1217,6789,43387,0.028049876691174775,0,51,59,80,0.5,tall,True,True,True,cmt_s,random_init,0,2,0.5423171733771569,0.32997246297566296,ok,
2007_005173,16,624,0.012436224489795918,<2%,624,6789,43387,0.014382188213059212,1,2,36,28,0.75,square,True,True,True,cmt_s,random_init,0,0,0.6730769230769231,0.4405744579086395,ok,
2007_005212,1,1030,0.020527742346938774,2-5%,1030,1721,48455,0.021256836239810135,137,182,175,223,1.0769230769230769,square,True,True,True,cmt_s,random_init,4,6,0.49029126213592233,0.26610658293137857,ok,
2007_005266,2,680,0.013552295918367346,<2%,680,3149,47027,0.014459778425160014,97,68,142,112,0.9782608695652174,square,True,True,True,cmt_s,random_init,3,2,0.6088235294117647,0.27584518851699596,ok,
2007_005266,3,830,0.016541772959183673,<2%,830,3149,47027,0.017649435430710018,95,140,142,190,1.0625,square,True,True,True,cmt_s,random_init,3,5,0.7192771084337349,0.4566185493343498,ok,
2007_005281,2,1170,0.023317920918367346,2-5%,1170,3659,46517,0.025152094933035236,65,92,158,127,0.3829787234042553,tall,True,True,True,cmt_s,random_init,2,3,0.5752136752136752,0.3417149223083496,ok,
2007_005294,1,23045,0.4592833227040816,>=40%,23045,1223,48953,0.47075766551590303,0,45,223,223,0.7991071428571429,square,True,True,True,cmt_s,random_init,3,4,0.6365372098068995,0.8999260748830483,ok,
2007_005296,2,860,0.017139668367346938,<2%,860,889,49287,0.01744882017570556,162,0,203,26,0.6428571428571429,tall,True,True,True,cmt_s,random_init,5,0,0.6162790697674418,0.3609629816719326,ok,
2007_005331,2,3114,0.06206154336734694,5-10%,3114,5012,45164,0.06894872021964396,3,97,152,168,0.48,tall,True,True,True,cmt_s,random_init,2,4,0.41040462427745666,0.31588350682301947,ok,
2007_005331,3,934,0.018614477040816327,<2%,934,5012,45164,0.020680187760162963,10,62,35,107,1.7692307692307692,wide,True,True,True,cmt_s,random_init,0,2,0.5,0.24924099997145277,ok,
2007_005331,5,713,0.01420998086734694,<2%,713,5012,45164,0.01578690992826145,7,0,38,26,0.84375,square,True,True,True,cmt_s,random_init,0,0,0.5596072931276297,0.29477571769317473,ok,
2007_005354,2,9703,0.19337930484693877,10-20%,9703,2514,47662,0.2035793714069909,60,0,223,96,0.5914634146341463,tall,True,True,True,cmt_s,random_init,4,1,0.7241059466144492,0.8500414087976935,ok,
2007_005360,1,16628,0.33139349489795916,20-40%,16628,1928,48248,0.3446360470900348,66,0,162,223,2.3092783505154637,wide,True,True,True,cmt_s,random_init,3,3,0.5343998075535242,0.8408663383394864,ok,
2007_005368,2,31652,0.6308195153061225,>=40%,31652,3510,46666,0.6782668323833198,0,20,223,214,0.8705357142857143,square,True,True,True,cmt_s,random_init,3,3,0.7273158094275243,0.9289586940139876,ok,
2007_005702,2,15544,0.30978954081632654,20-40%,15544,5263,44913,0.34609133213100884,0,46,223,219,0.7767857142857143,square,True,True,True,cmt_s,random_init,2,4,0.49137931034482757,0.7693739919120632,ok,
2007_005797,3,2227,0.04438376913265306,2-5%,2227,3398,46778,0.047607849843943735,0,17,80,60,0.5432098765432098,tall,True,True,True,cmt_s,random_init,1,1,0.6726537943421643,0.5392741496240598,ok,
2007_005813,2,1241,0.02473294005102041,2-5%,1241,4296,45880,0.02704882301656495,108,73,175,135,0.9264705882352942,square,True,True,True,cmt_s,random_init,4,3,0.6341659951651893,0.4202450903533917,ok,
2007_005845,1,5872,0.11702806122448979,10-20%,5872,1676,48500,0.1210721649484536,148,0,223,119,1.5789473684210527,wide,True,True,True,cmt_s,random_init,5,1,0.6130790190735694,0.6045155851130314,ok,
2007_005911,1,30411,0.606086575255102,>=40%,30411,1095,49081,0.6196084024367882,32,0,186,223,1.4451612903225806,square,True,True,True,cmt_s,random_init,3,3,0.6602545131695768,0.9190856027596189,ok,
2007_005951,2,2821,0.05622209821428571,5-10%,2821,2184,47992,0.0587806301050175,23,169,164,223,0.3873239436619718,tall,True,True,True,cmt_s,random_init,2,6,0.43672456575682383,0.33622645963994724,ok,
2007_005989,2,2692,0.05365114795918367,5-10%,2692,2303,47873,0.056232114135316355,58,100,153,169,0.7291666666666666,square,True,True,True,cmt_s,random_init,3,4,0.6597325408618128,0.5456686899709697,ok,
2007_006151,2,2594,0.05169802295918367,5-10%,2594,5286,44890,0.05778569837380263,59,34,180,87,0.4426229508196721,tall,True,True,True,cmt_s,random_init,3,1,0.5173477255204317,0.5271720914886984,ok,
2007_006277,1,20518,0.4089205994897959,>=40%,20518,1520,48656,0.4216951660637948,45,1,189,223,1.5379310344827586,wide,True,True,True,cmt_s,random_init,3,3,0.6079539916171167,0.879654484331385,ok,
2007_006409,2,938,0.018694196428571428,<2%,938,2113,48063,0.019516051848615358,84,0,150,29,0.44776119402985076,tall,True,True,True,cmt_s,random_init,4,0,0.4680170575692964,0.27278605253249644,ok,
2007_006660,1,5826,0.11611128826530612,10-20%,5826,2239,47937,0.12153451404969022,153,0,210,136,2.3620689655172415,wide,True,True,True,cmt_s,random_init,5,2,0.5226570545829042,0.5248942330694532,ok,
2007_006699,2,20378,0.4061304209183674,>=40%,20378,1376,48800,0.41758196721311475,0,23,124,223,1.608,wide,True,True,True,cmt_s,random_init,1,4,0.710717440376877,0.9346674960104921,ok,
2007_006900,3,857,0.01707987882653061,<2%,857,2260,47916,0.01788546623257367,72,0,118,33,0.723404255319149,square,True,True,True,cmt_s,random_init,2,0,0.6242707117852976,0.40066248243676983,ok,
2007_006944,1,6142,0.12240911989795919,10-20%,6142,2806,47370,0.1296601224403631,106,0,194,85,0.9662921348314607,square,True,True,True,cmt_s,random_init,4,1,0.7948550960599153,0.8000133561472553,ok,
2007_007007,3,7910,0.15764508928571427,10-20%,7910,4891,45285,0.1746715247874572,114,107,223,223,1.0636363636363637,square,True,True,True,cmt_s,random_init,5,5,0.8027812895069533,0.8492791845723592,ok,
2007_007109,1,24653,0.4913305165816326,>=40%,24653,3328,46848,0.5262337773224044,1,46,223,223,0.7982062780269058,square,True,True,True,cmt_s,random_init,3,4,0.6235346610960126,0.8851355426693637,ok,
2007_007130,2,1355,0.027004942602040817,2-5%,1355,3469,46707,0.029010640803305714,48,99,93,136,0.8260869565217391,square,True,True,True,cmt_s,random_init,2,3,0.6007380073800738,0.40770908738359907,ok,
2007_007154,1,16187,0.32260443239795916,20-40%,16187,1669,48507,0.33370441379594695,0,42,223,151,0.49107142857142855,tall,True,True,True,cmt_s,random_init,3,3,0.6193241490084636,0.8305333141011676,ok,
2007_007165,1,2705,0.05391023596938776,5-10%,2705,782,49394,0.054763736486212904,182,115,223,215,2.4047619047619047,wide,True,True,True,cmt_s,random_init,6,5,0.7652495378927912,0.6902661421978504,ok,
2007_007168,1,23856,0.47544642857142855,>=40%,23856,2610,47566,0.5015347096665685,24,29,214,223,1.0209424083769634,square,True,True,True,cmt_s,random_init,4,3,0.681882964453387,0.8963597918789767,ok,
2007_007230,1,3555,0.07085060586734694,5-10%,3555,1956,48220,0.07372459560348403,75,122,172,177,0.5714285714285714,tall,True,True,True,cmt_s,random_init,3,4,0.620253164556962,0.5213055720000908,ok,
2007_007235,1,3738,0.07449776785714286,5-10%,3738,6870,43306,0.08631598392832401,81,37,185,190,1.4666666666666666,square,True,True,True,cmt_s,random_init,4,5,0.37881219903691815,0.3387635912475585,ok,
2007_007414,2,5631,0.1122249681122449,10-20%,5631,1033,49143,0.11458396923264758,74,72,133,204,2.216666666666667,wide,True,True,True,cmt_s,random_init,3,4,0.46315041733262297,0.4073751787738307,ok,
2007_007415,2,13864,0.2763073979591837,20-40%,13864,2225,47951,0.2891284853287731,62,0,168,223,2.0934579439252334,wide,True,True,True,cmt_s,random_init,3,3,0.4688401615695326,0.7385331662248815,ok,
2007_007498,2,22914,0.45667251275510207,>=40%,22914,6219,43957,0.5212821621129741,0,36,223,223,0.8392857142857143,square,True,True,True,cmt_s,random_init,4,4,0.6478572052020599,0.8438680515382591,ok,
2007_007534,1,10312,0.20551658163265307,20-40%,10312,2390,47786,0.21579542125308668,93,85,223,214,0.9923664122137404,square,True,True,True,cmt_s,random_init,5,5,0.7085919317300233,0.852215184961792,ok,
2007_007621,1,2635,0.05251514668367347,5-10%,2635,1224,48952,0.053828239908481776,62,144,119,206,1.0862068965517242,square,True,True,True,cmt_s,random_init,2,5,0.7726755218216319,0.6221568132539954,ok,
2007_007688,1,30827,0.6143773915816326,>=40%,30827,2903,47273,0.6521058532354621,0,0,223,223,1.0,square,True,True,True,cmt_s,random_init,4,3,0.7182988938268401,0.9268989216079981,ok,
2007_007818,1,807,0.016083386479591837,<2%,807,1430,48746,0.01655520452960243,67,157,99,184,0.8484848484848485,square,True,True,True,cmt_s,random_init,2,5,0.6418835192069393,0.4042281875357024,ok,
2007_007836,3,1574,0.031369579081632654,2-5%,1574,4088,46088,0.03415205693455997,70,177,156,223,0.5402298850574713,tall,True,True,True,cmt_s,random_init,3,6,0.6283354510800508,0.5174723841891975,ok,
2007_007902,2,7999,0.1594188456632653,10-20%,7999,2005,48171,0.1660542650142202,34,0,189,98,0.6346153846153846,tall,True,True,True,cmt_s,random_init,3,1,0.6143267908488561,0.6603377166118198,ok,
2007_007902,4,1839,0.03665098852040816,2-5%,1839,2005,48171,0.03817649623217288,29,0,90,79,1.2903225806451613,square,True,True,True,cmt_s,random_init,1,1,0.38553561718325174,0.26178136417292935,ok,
2007_007996,4,4149,0.0826889349489796,5-10%,4149,6816,43360,0.09568726937269373,145,76,223,182,1.3544303797468353,square,True,True,True,cmt_s,random_init,5,4,0.5671246083393588,0.5141554411760798,ok,
2007_008051,1,12269,0.24451929209183673,20-40%,12269,1198,48978,0.25050022459063254,67,42,223,174,0.8471337579617835,square,True,True,True,cmt_s,random_init,4,3,0.4841470372483495,0.6684344734612779,ok,
2007_008110,1,1282,0.025550063775510203,2-5%,1282,3815,46361,0.027652552792217597,87,58,131,122,1.4444444444444444,square,True,True,True,cmt_s,random_init,3,2,0.6263650546021841,0.33145210152867793,ok,
2007_008110,3,7106,0.14162149234693877,10-20%,7106,3815,46361,0.15327538232566165,49,36,223,142,0.6114285714285714,tall,True,True,True,cmt_s,random_init,4,2,0.38052350126653534,0.45448003265476256,ok,
2007_008110,4,1469,0.029276945153061226,2-5%,1469,3815,46361,0.03168611548499817,32,183,113,221,0.47560975609756095,tall,True,True,True,cmt_s,random_init,1,6,0.5793056501021103,0.4560071862671332,ok,
2007_008204,2,9117,0.1817004145408163,10-20%,9117,1672,48504,0.18796387926768926,67,147,195,223,0.5968992248062015,tall,True,True,True,cmt_s,random_init,4,5,0.6392453658001536,0.7331321114039667,ok,
2007_008260,2,36692,0.7312659438775511,>=40%,36692,945,49231,0.7453027563933294,0,0,223,223,1.0,square,True,True,True,cmt_s,random_init,4,3,0.7206202987027145,0.6942549724709626,ok,
2007_008407,2,872,0.017378826530612245,<2%,872,4812,45364,0.019222290803280133,94,170,129,197,0.7777777777777778,square,True,True,True,cmt_s,random_init,3,5,0.6571100917431193,0.36827084799800824,ok,
2007_008407,3,786,0.015664859693877552,<2%,786,4812,45364,0.017326514416718102,186,173,223,223,1.3421052631578947,square,True,True,True,cmt_s,random_init,6,6,0.7073791348600509,0.45219350924322543,ok,
2007_008526,5,1129,0.022500797193877552,2-5%,1129,2676,47500,0.023768421052631578,67,57,129,92,0.5714285714285714,tall,True,True,True,cmt_s,random_init,3,2,0.6067316209034543,0.36956470902507954,ok,
2007_008543,3,2964,0.059072066326530615,5-10%,2964,1455,48721,0.060836189733379856,180,103,223,223,2.75,wide,True,True,True,cmt_s,random_init,6,4,0.6774628879892037,0.6595869905242798,ok,
2007_008547,4,881,0.017558195153061226,<2%,881,6807,43369,0.020314049205653807,103,0,160,36,0.6379310344827587,tall,True,True,True,cmt_s,random_init,4,0,0.753688989784336,0.4596044471476275,ok,
2007_008778,1,2211,0.044064891581632654,2-5%,2211,1373,48803,0.04530459193082392,1,182,88,215,0.38636363636363635,tall,True,True,True,cmt_s,random_init,1,6,0.749434644957033,0.6445909472714619,ok,
2007_008778,2,3085,0.06148357780612245,5-10%,3085,1373,48803,0.06321332704956663,5,0,223,72,0.3333333333333333,tall,True,True,True,cmt_s,random_init,1,0,0.5043760129659643,0.5076967877056877,ok,
2007_008945,1,18217,0.36306202168367346,20-40%,18217,12468,37708,0.48310703299034685,124,0,223,223,2.24,wide,True,True,True,cmt_s,random_init,5,3,0.6124499094252621,0.8977238819245145,ok,
2007_008973,1,9117,0.1817004145408163,10-20%,9117,1514,48662,0.18735358185031442,31,127,182,223,0.6381578947368421,tall,True,True,True,cmt_s,random_init,3,5,0.6215860480421191,0.7117308476054762,ok,
2007_008994,2,2223,0.04430404974489796,2-5%,2223,2899,47277,0.047020750047591854,94,0,203,41,0.38181818181818183,tall,True,True,True,cmt_s,random_init,5,0,0.7031039136302294,0.6275536715566981,ok,
2007_009068,1,1753,0.03493702168367347,2-5%,1753,3109,47067,0.037244778719697454,180,170,222,223,1.255813953488372,square,True,True,True,cmt_s,random_init,6,6,0.7866514546491729,0.5317434705486143,ok,
2007_009139,2,2503,0.049884406887755105,2-5%,2503,6316,43860,0.05706794345645235,0,19,119,60,0.35,tall,True,True,True,cmt_s,random_init,1,1,0.5801038753495805,0.4778704050322812,ok,
2007_009139,5,970,0.019331951530612245,<2%,970,6316,43860,0.022115823073415412,0,74,46,113,0.851063829787234,square,True,True,True,cmt_s,random_init,0,3,0.7360824742268042,0.5709091231731043,ok,
2007_009331,4,939,0.018714126275510203,<2%,939,2767,47409,0.01980636587989622,118,117,156,177,1.564102564102564,wide,True,True,True,cmt_s,random_init,4,4,0.5995740149094781,0.3638888007714348,ok,
2007_009346,2,5708,0.11375956632653061,10-20%,5708,2173,48003,0.1189092348394892,63,108,187,219,0.896,square,True,True,True,cmt_s,random_init,4,5,0.6445339873861248,0.6868606755942716,ok,
2007_009413,2,1200,0.02391581632653061,2-5%,1200,8904,41272,0.029075402209730566,52,107,106,149,0.7818181818181819,square,True,True,True,cmt_s,random_init,2,3,0.5475,0.380186925855317,ok,
2007_009435,2,7318,0.1458466198979592,10-20%,7318,1358,48818,0.14990372403621616,94,0,191,110,1.1326530612244898,square,True,True,True,cmt_s,random_init,4,1,0.8496857064771796,0.8797095803250828,ok,
2007_009458,2,1158,0.02307876275510204,2-5%,1158,1341,48835,0.0237125012798198,2,54,39,96,1.131578947368421,square,True,True,True,cmt_s,random_init,0,2,0.7461139896373057,0.5076234223737011,ok,
2007_009458,3,882,0.017578125,<2%,882,1341,48835,0.018060817036961194,9,98,39,133,1.1612903225806452,square,True,True,True,cmt_s,random_init,0,3,0.5793650793650794,0.33209903578383904,ok,
2007_009458,7,600,0.011957908163265306,<2%,600,1341,48835,0.012286270093170881,0,190,22,223,1.4782608695652173,square,True,True,True,cmt_s,random_init,0,6,0.6516666666666666,0.41518047237731454,ok,
2007_009550,5,977,0.019471460459183673,<2%,977,3727,46449,0.021033822041378717,181,190,223,222,0.7674418604651163,square,True,True,True,cmt_s,random_init,6,6,0.7267144319344934,0.4727058412737243,ok,
2007_009649,4,1322,0.026347257653061226,2-5%,1322,7889,42287,0.03126256296261262,82,82,150,137,0.8115942028985508,square,True,True,True,cmt_s,random_init,3,3,0.6331316187594553,0.41017274729636427,ok,
2007_009649,7,8200,0.1634247448979592,10-20%,8200,7889,42287,0.1939130229148438,52,0,223,165,0.9651162790697675,square,True,True,True,cmt_s,random_init,4,1,0.5386585365853659,0.6804100336838969,ok,
2007_009665,2,919,0.018315529336734693,<2%,919,1937,48239,0.019050975351893696,114,0,172,21,0.3728813559322034,tall,True,True,True,cmt_s,random_init,4,0,0.5277475516866159,0.31468020036766153,ok,
2007_009764,1,12405,0.2472297512755102,20-40%,12405,1499,48677,0.25484314974217803,77,106,204,223,0.921875,square,True,True,True,cmt_s,random_init,4,5,0.7374445787988714,0.890934580438745,ok,
2007_009950,2,1585,0.03158880739795918,2-5%,1585,1209,48967,0.032368738129760856,77,104,130,142,0.7222222222222222,square,True,True,True,cmt_s,random_init,3,3,0.5703470031545741,0.423943197739825,ok,
2008_000009,1,693,0.013811383928571428,<2%,693,565,49611,0.013968676301626655,97,94,130,135,1.2352941176470589,square,True,True,True,cmt_s,random_init,3,3,0.6060606060606061,0.2655126702612336,ok,
2008_000019,1,10795,0.21514269770408162,20-40%,10795,4793,45383,0.23786439856333869,0,29,143,217,1.3125,square,True,True,True,cmt_s,random_init,1,4,0.46225104214914314,0.5608634872933642,ok,
2008_000019,2,5454,0.10869738520408163,10-20%,5454,4793,45383,0.1201771588480268,60,53,187,175,0.9609375,square,True,True,True,cmt_s,random_init,4,3,0.5385038503850385,0.5493188767473579,ok,
2008_000120,1,19818,0.3949697066326531,20-40%,19818,4489,45687,0.4337776610414341,38,0,170,218,1.6466165413533835,wide,True,True,True,cmt_s,random_init,3,3,0.6337672822686446,0.8610683022960998,ok,
2008_000182,1,2053,0.040915975765306124,2-5%,2053,492,49684,0.041321149665888415,154,128,208,182,1.0,square,True,True,True,cmt_s,random_init,5,4,0.6819288845591817,0.5921438671530087,ok,
2008_000217,2,14775,0.29446348852040816,20-40%,14775,2116,48060,0.3074282147315855,33,104,223,212,0.5706806282722513,tall,True,True,True,cmt_s,random_init,4,4,0.5785448392554992,0.8255240501433071,ok,
2008_000226,5,1347,0.02684550382653061,2-5%,1347,2194,47982,0.028073027385269476,96,58,127,140,2.59375,wide,True,True,True,cmt_s,random_init,3,2,0.4201930215293244,0.22976527901904895,ok,
2008_000235,1,2263,0.04510124362244898,2-5%,2263,1466,48710,0.046458632724286596,57,137,133,189,0.6883116883116883,square,True,True,True,cmt_s,random_init,3,5,0.45603181617322136,0.3161285061214846,ok,
2008_000259,3,855,0.017040019132653062,<2%,855,2912,47264,0.018089878131347326,89,185,148,213,0.48333333333333334,tall,True,True,True,cmt_s,random_init,3,6,0.49239766081871345,0.25804072212033774,ok,
2008_000270,1,8866,0.1766980229591837,10-20%,8866,3812,46364,0.19122595116901045,86,12,223,186,1.2681159420289856,square,True,True,True,cmt_s,random_init,4,3,0.5197383261899391,0.6020181823534663,ok,
2008_000284,2,926,0.01845503826530612,<2%,926,4550,45626,0.020295445579274974,25,0,188,37,0.23170731707317074,tall,True,True,True,cmt_s,random_init,5,0,0.49892008639308855,0.3212173635743621,ok,
2008_000289,1,8561,0.17061941964285715,10-20%,8561,1084,49092,0.17438686547706347,53,29,223,108,0.4678362573099415,tall,True,True,True,cmt_s,random_init,4,2,0.6389440485924541,0.8075042707843556,ok,
2008_000365,1,4116,0.08203125,5-10%,4116,1516,48660,0.0845869297163995,130,134,222,221,0.946236559139785,square,True,True,True,cmt_s,random_init,5,5,0.6802721088435374,0.7168501174413621,ok,
2008_000400,1,907,0.01807637117346939,<2%,907,571,49605,0.01828444713234553,110,88,154,139,1.1555555555555554,square,True,True,True,cmt_s,random_init,3,3,0.6747519294377067,0.42030981359018454,ok,
2008_000422,1,17313,0.3450454400510204,20-40%,17313,2375,47801,0.3621890755423527,0,16,205,175,0.7766990291262136,square,True,True,True,cmt_s,random_init,3,3,0.6030728354415757,0.7839197707865896,ok,
2008_000464,1,13753,0.2740951849489796,20-40%,13753,1779,48397,0.28417050643634933,13,61,193,199,0.7679558011049724,square,True,True,True,cmt_s,random_init,3,4,0.6984657892823384,0.9670196047685112,ok,
2008_000505,1,19252,0.38368941326530615,20-40%,19252,1295,48881,0.3938544628792373,50,0,223,150,0.867816091954023,square,True,True,True,cmt_s,random_init,4,2,0.6172345730313734,0.8395160293474346,ok,
2008_000540,1,13141,0.261898118622449,20-40%,13141,1191,48985,0.26826579565173014,73,57,222,200,0.96,square,True,True,True,cmt_s,random_init,5,3,0.5865611445095502,0.7772596419272144,ok,
2008_000588,1,7381,0.14710220025510204,10-20%,7381,15002,35174,0.20984249729914142,39,53,190,203,0.993421052631579,square,True,True,True,cmt_s,random_init,3,4,0.5962606692860046,0.8243348308787238,ok,
2008_000711,2,3174,0.06325733418367346,5-10%,3174,3770,46406,0.06839632806102659,27,166,105,223,0.7341772151898734,square,True,True,True,cmt_s,random_init,2,6,0.8097038437303088,0.766180538430248,ok,
2008_000760,3,767,0.015286192602040817,<2%,767,4273,45903,0.016709147550269046,0,0,72,39,0.547945205479452,tall,True,True,True,cmt_s,random_init,0,0,0.7470664928292047,0.4032185714586117,ok,
2008_000811,1,2076,0.04137436224489796,2-5%,2076,3460,46716,0.044438736193167225,33,150,207,223,0.4228571428571429,tall,True,True,True,cmt_s,random_init,1,5,0.3834296724470135,0.3907033242231809,ok,
2008_000841,1,25991,0.5179966517857143,>=40%,25991,2365,47811,0.5436196691138022,15,0,222,161,0.7788461538461539,square,True,True,True,cmt_s,random_init,4,2,0.6658073948674541,0.9016662948061357,ok,
2008_000992,1,21749,0.43345424107142855,>=40%,21749,1794,48382,0.44952668347732627,17,39,223,219,0.8743961352657005,square,True,True,True,cmt_s,random_init,4,4,0.5374959768265207,0.8114177383426827,ok,
2008_001070,1,5752,0.11463647959183673,10-20%,5752,966,49210,0.11688681162365373,70,66,173,153,0.8461538461538461,square,True,True,True,cmt_s,random_init,4,3,0.6783727399165508,0.717562205486408,ok,
2008_001112,1,8565,0.17069913903061223,10-20%,8565,1931,48245,0.17753135039900508,69,85,223,191,0.6903225806451613,square,True,True,True,cmt_s,random_init,4,4,0.5601868067717455,0.6616219801392665,ok,
2008_001231,1,1803,0.03593351403061224,2-5%,1803,2273,47903,0.03763856125921132,42,89,137,137,0.5104166666666666,tall,True,True,True,cmt_s,random_init,2,3,0.5540765391014975,0.36439832266282984,ok,
2008_001375,3,5053,0.10070551658163265,10-20%,5053,4730,45446,0.11118690313778991,83,103,160,197,1.2179487179487178,square,True,True,True,cmt_s,random_init,3,4,0.7781515931130022,0.7046961361335534,ok,
2008_001379,1,11084,0.22090242346938777,20-40%,11084,1354,48822,0.2270287984924829,38,41,213,151,0.6306818181818182,tall,True,True,True,cmt_s,random_init,3,3,0.5202995308552869,0.6996250667437695,ok,
2008_001399,1,13599,0.27102598852040816,20-40%,13599,912,49264,0.2760433582331926,92,0,223,146,1.1136363636363635,square,True,True,True,cmt_s,random_init,4,1,0.6771821457460108,0.8254111624985137,ok,
2008_001404,1,9506,0.189453125,10-20%,9506,3315,46861,0.20285525276882696,27,79,223,176,0.49746192893401014,tall,True,True,True,cmt_s,random_init,3,4,0.5644855880496529,0.745273845406225,ok,
2008_001439,1,4683,0.09333147321428571,5-10%,4683,9356,40820,0.11472317491425772,31,0,213,52,0.2896174863387978,tall,True,True,True,cmt_s,random_init,3,0,0.5075806107196241,0.5645688272264238,ok,
2008_001491,1,13885,0.27672592474489793,20-40%,13885,2605,47571,0.2918795064219798,51,0,171,223,1.8512396694214877,wide,True,True,True,cmt_s,random_init,3,3,0.5069499459848757,0.714052394650907,ok,
2008_001682,1,3978,0.07928093112244898,5-10%,3978,1253,48923,0.08131144860290661,78,52,178,150,0.9801980198019802,square,True,True,True,cmt_s,random_init,3,3,0.6151332327802916,0.6029420426597112,ok,
2008_001997,4,5113,0.10190130739795919,10-20%,5113,2389,47787,0.10699562642559692,101,53,223,144,0.7479674796747967,square,True,True,True,cmt_s,random_init,5,3,0.534911011148054,0.5309767415637778,ok,
2008_002032,1,994,0.019810267857142856,<2%,994,5928,44248,0.022464292171397577,7,0,223,22,0.10599078341013825,tall,True,True,True,cmt_s,random_init,6,0,0.5784708249496981,0.47468076313675006,ok,
2008_002123,2,860,0.017139668367346938,<2%,860,6121,44055,0.019521053228918398,64,187,132,212,0.37681159420289856,tall,True,True,True,cmt_s,random_init,3,6,0.5872093023255814,0.33707887041171014,ok,
2008_002212,2,1459,0.02907764668367347,2-5%,1459,2179,47997,0.03039773319165781,87,35,144,73,0.6724137931034483,square,True,True,True,cmt_s,random_init,3,1,0.6922549691569568,0.4090347852346232,ok,
2008_002212,3,862,0.01717952806122449,<2%,862,2179,47997,0.01795945579932079,52,58,96,95,0.8444444444444444,square,True,True,True,cmt_s,random_init,2,2,0.40835266821345706,0.17529327615978674,ok,
2008_002218,3,9601,0.1913464604591837,10-20%,9601,3231,46945,0.20451592288848652,42,110,184,215,0.7412587412587412,square,True,True,True,cmt_s,random_init,3,4,0.6263930840537444,0.7315310964575124,ok,
2008_002288,1,10739,0.2140266262755102,20-40%,10739,1693,48483,0.22150031969968856,86,74,223,218,1.0507246376811594,square,True,True,True,cmt_s,random_init,4,5,0.5926063879318372,0.6537416397588224,ok,
2008_002411,1,2783,0.05546476403061224,5-10%,2783,3243,46933,0.059297296145569216,119,64,210,159,1.0434782608695652,square,True,True,True,cmt_s,random_init,4,3,0.5350341358246496,0.46045277578587374,ok,
2008_002536,2,854,0.017020089285714284,<2%,854,2837,47339,0.01804009379158833,62,196,130,223,0.4057971014492754,tall,True,True,True,cmt_s,random_init,2,6,0.41569086651053866,0.19586140757324857,ok,
2008_002623,1,4834,0.09634088010204081,5-10%,4834,811,49365,0.0979236301022992,167,0,223,207,3.6491228070175437,wide,True,True,True,cmt_s,random_init,6,2,0.5194455937112122,0.6230313343499255,ok,
2008_002681,1,10264,0.20455994897959184,20-40%,10264,1290,48886,0.20995786114634046,44,99,223,194,0.5333333333333333,tall,True,True,True,cmt_s,random_init,3,4,0.6247077162899455,0.7861397816782598,ok,
2008_002894,1,9588,0.19108737244897958,10-20%,9588,4264,45912,0.20883429168844747,105,0,223,203,1.7142857142857142,wide,True,True,True,cmt_s,random_init,5,2,0.4568210262828536,0.4777592678764962,ok,
2008_002929,1,8179,0.1630062181122449,10-20%,8179,3493,46683,0.1752029646766489,123,5,223,223,2.1683168316831685,wide,True,True,True,cmt_s,random_init,5,1,0.39674776867587724,0.45917142412295014,ok,
2008_003034,1,6648,0.13249362244897958,10-20%,6648,2931,47245,0.14071330299502594,161,0,214,223,4.148148148148148,wide,True,True,True,cmt_s,random_init,6,3,0.36958483754512633,0.4851057728629212,ok,
2008_003065,1,21493,0.42835220025510207,>=40%,21493,3364,46812,0.45913440998034694,0,24,223,223,0.8928571428571429,square,True,True,True,cmt_s,random_init,2,3,0.6545852137905365,0.893557292911396,ok,
2008_003094,1,931,0.0185546875,<2%,931,3157,47019,0.01980050617835343,133,156,190,190,0.603448275862069,tall,True,True,True,cmt_s,random_init,4,5,0.6605800214822771,0.35445992033956414,ok,
2008_003333,1,2397,0.047771843112244895,2-5%,2397,4358,45818,0.052315683792396005,61,179,125,223,0.6923076923076923,square,True,True,True,cmt_s,random_init,2,6,0.7346683354192741,0.6380172740956274,ok,
2008_003333,2,3982,0.07936065051020408,5-10%,3982,4358,45818,0.08690907503601204,86,50,198,189,1.238938053097345,square,True,True,True,cmt_s,random_init,4,3,0.5710698141637368,0.5184134421429568,ok,
2008_003333,3,3339,0.06654575892857142,5-10%,3339,4358,45818,0.07287528918765551,52,112,173,176,0.5327868852459017,tall,True,True,True,cmt_s,random_init,3,4,0.7454327643006888,0.7226984785747111,ok,
2008_003362,1,3646,0.07266422193877552,5-10%,3646,900,49276,0.07399139540547123,37,116,84,223,2.25,wide,True,True,True,cmt_s,random_init,1,5,0.638233680746023,0.6132282437218677,ok,
2008_003461,4,1737,0.03461814413265306,2-5%,1737,4218,45958,0.03779537838896384,104,171,202,223,0.5353535353535354,tall,True,True,True,cmt_s,random_init,4,6,0.6442141623488774,0.47226917126064205,ok,
2008_003477,1,1387,0.027642697704081634,2-5%,1387,3194,46982,0.0295219445745179,81,182,121,223,1.024390243902439,square,True,True,True,cmt_s,random_init,3,6,0.6496034607065609,0.44758890091472225,ok,
2008_003500,1,36105,0.7195671237244898,>=40%,36105,1354,48822,0.7395231657859161,0,2,190,215,1.1204188481675392,square,True,True,True,cmt_s,random_init,2,3,0.7746572496884088,0.96446525474413,ok,
2008_003511,3,20150,0.40158641581632654,>=40%,20150,2478,47698,0.4224495785986834,16,101,223,223,0.5913461538461539,tall,True,True,True,cmt_s,random_init,4,5,0.5969230769230769,0.866278075922658,ok,
2008_003523,4,667,0.013293207908163265,<2%,667,4950,45226,0.014748153716888516,188,0,223,39,1.1111111111111112,square,True,True,True,cmt_s,random_init,6,0,0.6926536731634183,0.383146664962241,ok,
2008_003585,1,22713,0.45266661352040816,>=40%,22713,1348,48828,0.4651634308183829,16,0,196,139,0.7734806629834254,square,True,True,True,cmt_s,random_init,3,2,0.680271210320081,0.8180710453459633,ok,
2008_003676,2,5199,0.10361527423469388,10-20%,5199,6046,44130,0.1178110129163834,94,110,223,167,0.4461538461538462,tall,True,True,True,cmt_s,random_init,5,4,0.7022504327755338,0.6885124310160664,ok,
2008_003733,3,14169,0.2823860012755102,20-40%,14169,3836,46340,0.30576176089771256,29,31,223,210,0.9230769230769231,square,True,True,True,cmt_s,random_init,4,2,0.635965840920319,0.8474703224496888,ok,
2008_003814,2,3162,0.06301817602040816,5-10%,3162,349,49827,0.06345957011258956,139,0,223,56,0.6705882352941176,square,True,True,True,cmt_s,random_init,5,0,0.6470588235294118,0.5889796493038031,ok,
2008_003874,1,13326,0.26558514030612246,20-40%,13326,6456,43720,0.30480329368709974,27,0,223,99,0.5076142131979695,tall,True,True,True,cmt_s,random_init,4,1,0.6739456701185652,0.8579143978681039,ok,
2008_003874,2,16767,0.334163743622449,20-40%,16767,6456,43720,0.38350869167429097,11,109,222,223,0.5424528301886793,tall,True,True,True,cmt_s,random_init,4,5,0.6942804318005606,0.8976116604394291,ok,
2008_003998,1,43087,0.8587173150510204,>=40%,43087,3138,47038,0.9160040818061992,18,0,223,223,1.087378640776699,square,True,True,True,cmt_s,random_init,3,3,0.9160999837538004,0.977141928608401,ok,
2008_004175,1,6003,0.11963887117346939,10-20%,6003,2308,47868,0.12540737026823764,59,0,131,146,2.0136986301369864,wide,True,True,True,cmt_s,random_init,2,1,0.6300183241712477,0.6479883355940121,ok,
2008_004212,1,6958,0.138671875,10-20%,6958,1076,49100,0.14171079429735234,90,62,164,223,2.16,wide,True,True,True,cmt_s,random_init,3,4,0.49856280540385167,0.6500846345612504,ok,
2008_004321,5,918,0.01829559948979592,<2%,918,2703,47473,0.019337307522170496,181,0,223,23,0.5581395348837209,tall,True,True,True,cmt_s,random_init,6,0,0.7657952069716776,0.5596430305144101,ok,
2008_004583,1,15523,0.30937101403061223,20-40%,15523,1270,48906,0.3174048174048174,59,0,161,223,2.174757281553398,wide,True,True,True,cmt_s,random_init,3,3,0.5557559750048315,0.7952078328969353,ok,
2008_004588,1,4613,0.09193638392857142,5-10%,4613,591,49585,0.09303216698598367,166,113,221,223,1.9821428571428572,wide,True,True,True,cmt_s,random_init,6,5,0.7374810318664643,0.7323432718507715,ok,
2008_004610,1,26015,0.5184749681122449,>=40%,26015,1651,48525,0.5361154044307058,36,0,206,223,1.3099415204678362,square,True,True,True,cmt_s,random_init,3,2,0.7141264655006727,0.8939922559177034,ok,
2008_004758,1,6292,0.1253985969387755,10-20%,6292,5947,44229,0.14225960342761537,26,0,209,182,0.9945652173913043,square,True,True,True,cmt_s,random_init,5,2,0.27479338842975204,0.3853250438945457,ok,
2008_004776,3,4998,0.099609375,5-10%,4998,2610,47566,0.10507505360972123,146,0,223,97,1.2564102564102564,square,True,True,True,cmt_s,random_init,5,1,0.7406962785114045,0.6919548068984975,ok,
2008_004946,1,20966,0.4178491709183674,>=40%,20966,2845,47331,0.44296549829921195,16,0,193,206,1.1629213483146068,square,True,True,True,cmt_s,random_init,4,3,0.6677954783935897,0.8589604125934763,ok,
2008_005006,1,6739,0.13430723852040816,10-20%,6739,623,49553,0.13599580247411863,70,51,145,143,1.2236842105263157,square,True,True,True,cmt_s,random_init,3,3,0.7130138002671019,0.7861872852257552,ok,
2008_005089,3,787,0.015684789540816327,<2%,787,3307,46869,0.01679148264311165,131,193,171,223,0.7560975609756098,square,True,True,True,cmt_s,random_init,4,6,0.6226175349428208,0.3437720597251708,ok,
2008_005197,4,2470,0.04922672193877551,2-5%,2470,4011,46165,0.05350373659698906,27,156,158,209,0.4090909090909091,tall,True,True,True,cmt_s,random_init,2,5,0.46518218623481783,0.32689848882300304,ok,
2008_005342,2,10447,0.20820711096938777,20-40%,10447,5677,44499,0.23476932065889122,131,0,223,166,1.7956989247311828,wide,True,True,True,cmt_s,random_init,5,2,0.5138317220254619,0.7612702126347753,ok,
2008_005541,1,12939,0.2578722895408163,20-40%,12939,1618,48558,0.26646484616335103,56,0,152,223,2.3092783505154637,wide,True,True,True,cmt_s,random_init,3,3,0.47337506762500964,0.7001277391344645,ok,
2008_005600,1,6602,0.13157684948979592,10-20%,6602,3631,46545,0.14184122891825116,53,19,223,111,0.543859649122807,tall,True,True,True,cmt_s,random_init,3,1,0.3403514086640412,0.5445305181044526,ok,
2008_005678,1,20911,0.4167530293367347,>=40%,20911,1400,48776,0.42871494177464325,53,35,203,223,1.2516556291390728,square,True,True,True,cmt_s,random_init,4,3,0.8124432117067573,0.9539296407151496,ok,
2008_005680,3,4384,0.08737244897959184,5-10%,4384,2472,47704,0.09190005031024652,113,37,223,107,0.6396396396396397,tall,True,True,True,cmt_s,random_init,5,2,0.6941149635036497,0.694089001086144,ok,
2008_005716,1,12762,0.2543447066326531,20-40%,12762,1631,48545,0.2628901019672469,4,2,127,223,1.7903225806451613,wide,True,True,True,cmt_s,random_init,2,2,0.5191192603040276,0.7886000055750179,ok,
2008_006008,1,2900,0.05779655612244898,5-10%,2900,4047,46129,0.06286717683019359,158,101,223,196,1.4545454545454546,square,True,True,True,cmt_s,random_init,6,4,0.6610344827586206,0.6374567894942795,ok,
2008_006008,4,3851,0.07674984056122448,5-10%,3851,4047,46129,0.08348327516312948,134,17,223,158,1.5777777777777777,wide,True,True,True,cmt_s,random_init,4,3,0.5733575694624773,0.5083812996502526,ok,
2008_006063,1,31200,0.6218112244897959,>=40%,31200,2554,47622,0.6551593801184327,0,0,223,223,1.0,square,True,True,True,cmt_s,random_init,2,2,0.6976602564102564,0.9383729382143792,ok,
2008_006215,1,23415,0.46665736607142855,>=40%,23415,2127,48049,0.4873150325709172,41,1,196,221,1.4166666666666667,square,True,True,True,cmt_s,random_init,3,3,0.690839205637412,0.9048700483150414,ok,
2008_006221,1,834,0.016621492346938774,<2%,834,2885,47291,0.017635490896787974,65,24,98,60,1.088235294117647,square,True,True,True,cmt_s,random_init,2,1,0.7278177458033573,0.3463906650488422,ok,
2008_006254,7,13938,0.2777822066326531,20-40%,13938,9130,41046,0.33957023826925886,62,18,207,212,1.3356164383561644,square,True,True,True,cmt_s,random_init,4,4,0.44805567513273065,0.5996454004467748,ok,
2008_006275,2,9627,0.19186463647959184,10-20%,9627,4218,45958,0.20947386744418817,43,76,223,161,0.47513812154696133,tall,True,True,True,cmt_s,random_init,4,3,0.557494546587722,0.740757196407792,ok,
2008_006289,1,673,0.013412786989795918,<2%,673,2737,47439,0.014186639684647652,120,154,164,190,0.8222222222222222,square,True,True,True,cmt_s,random_init,4,5,0.6166419019316494,0.2713859923969576,ok,
2008_006289,3,19546,0.38954878826530615,20-40%,19546,2737,47439,0.4120238622230654,0,0,203,187,0.9215686274509803,square,True,True,True,cmt_s,random_init,3,1,0.5915276782973499,0.8289654389735515,ok,
2008_007090,1,976,0.0194515306122449,<2%,976,3601,46575,0.020955448201825013,118,0,158,45,1.1219512195121952,square,True,True,True,cmt_s,random_init,4,0,0.6598360655737705,0.37959942855746337,ok,
2008_007378,2,3986,0.07944036989795919,5-10%,3986,5550,44626,0.08932012728006095,0,139,118,223,0.7142857142857143,square,True,True,True,cmt_s,random_init,1,6,0.5950827897641746,0.5495857926662762,ok,
2008_007402,2,16358,0.3260124362244898,20-40%,16358,3924,46252,0.35367119259707686,0,52,223,160,0.48660714285714285,tall,True,True,True,cmt_s,random_init,3,3,0.547560826506908,0.8565512316060918,ok,
2008_007402,5,950,0.018933354591836735,<2%,950,3924,46252,0.020539652339358297,61,0,143,43,0.5301204819277109,tall,True,True,True,cmt_s,random_init,2,0,0.6063157894736843,0.344591627496999,ok,
2008_007428,2,625,0.012456154336734694,<2%,625,634,49542,0.01261555851600662,162,158,190,188,1.0689655172413792,square,True,True,True,cmt_s,random_init,5,5,0.7248,0.3217950343816189,ok,
2008_007737,1,1039,0.020707110969387755,2-5%,1039,3078,47098,0.022060384729712515,70,102,159,130,0.32222222222222224,tall,True,True,True,cmt_s,random_init,4,3,0.49951876804619827,0.23432700234086876,ok,
2008_007797,1,29813,0.5941685267857143,>=40%,29813,1537,48639,0.6129443450728839,27,35,202,223,1.0738636363636365,square,True,True,True,cmt_s,random_init,3,4,0.7421259182235938,0.9252206979675714,ok,
2008_007811,1,20608,0.4107142857142857,>=40%,20608,1198,48978,0.42076034137776147,0,63,223,193,0.5848214285714286,tall,True,True,True,cmt_s,random_init,4,3,0.47860054347826086,0.7577777281388173,ok,
2008_008051,1,40136,0.7999043367346939,>=40%,40136,1074,49102,0.8174005132173843,44,0,223,223,1.2444444444444445,square,True,True,True,cmt_s,random_init,4,3,0.8202860275064779,0.9497240669542778,ok,
2008_008051,2,7136,0.14221938775510204,10-20%,7136,1074,49102,0.14533012911897683,0,13,43,223,4.795454545454546,wide,True,True,True,cmt_s,random_init,0,3,0.5737107623318386,0.7466357604626647,ok,
2008_008193,1,14752,0.2940051020408163,20-40%,14752,3286,46890,0.3146086585625933,29,49,195,223,1.0479041916167664,square,True,True,True,cmt_s,random_init,2,4,0.5253524945770065,0.6823292722360487,ok,
2008_008268,3,933,0.018594547193877552,<2%,933,1875,48301,0.01931637026148527,152,179,201,223,0.9,square,True,True,True,cmt_s,random_init,5,6,0.6409431939978564,0.33493334168005484,ok,
2008_008362,4,2932,0.0584343112244898,5-10%,2932,4931,45245,0.06480274063432423,93,102,162,175,1.0571428571428572,square,True,True,True,cmt_s,random_init,4,4,0.8158253751705321,0.8023827351426693,ok,
2008_008682,2,1939,0.03864397321428571,2-5%,1939,1105,49071,0.039514173340669645,104,67,149,114,1.0434782608695652,square,True,True,True,cmt_s,random_init,3,2,0.46157813305827744,0.34656597143973417,ok,
2009_000121,3,2048,0.04081632653061224,2-5%,2048,1999,48177,0.04250991136849534,0,191,73,223,0.44594594594594594,tall,True,True,True,cmt_s,random_init,1,6,0.61328125,0.4694442094233966,ok,
2009_000133,1,4639,0.0924545599489796,5-10%,4639,2438,47738,0.09717625371821191,117,0,187,215,3.0422535211267605,wide,True,True,True,cmt_s,random_init,5,3,0.3263634403966372,0.3463087882938817,ok,
2009_000335,3,1608,0.03204719387755102,2-5%,1608,1753,48423,0.03320736013877703,81,0,173,18,0.20430107526881722,tall,True,True,True,cmt_s,random_init,4,0,0.4608208955223881,0.43536318195663193,ok,
2009_000409,1,571,0.011379942602040817,<2%,571,1704,48472,0.011779996699125269,125,0,159,32,0.9428571428571428,square,True,True,True,cmt_s,random_init,4,0,0.6952714535901926,0.33102596323446587,ok,
2009_000426,1,10788,0.2150031887755102,20-40%,10788,1638,48538,0.222258848737072,49,0,166,103,0.8813559322033898,square,True,True,True,cmt_s,random_init,3,1,0.7194104560622915,0.8156974022874147,ok,
2009_000469,1,9120,0.18176020408163265,10-20%,9120,6668,43508,0.2096166222303944,25,0,190,176,1.0662650602409638,square,True,True,True,cmt_s,random_init,4,2,0.47192982456140353,0.6026674592979655,ok,
2009_000488,2,766,0.01526626275510204,<2%,766,1714,48462,0.015806198671123768,97,97,133,131,0.9459459459459459,square,True,True,True,cmt_s,random_init,3,3,0.8159268929503917,0.4128294452144845,ok,
2009_000503,1,2145,0.04274952168367347,2-5%,2145,724,49452,0.04337539432176656,68,42,155,98,0.6477272727272727,tall,True,True,True,cmt_s,random_init,3,2,0.7025641025641025,0.5675700925187331,ok,
2009_000505,3,3051,0.06080596301020408,5-10%,3051,12503,37673,0.08098638282058769,30,52,137,157,0.9814814814814815,square,True,True,True,cmt_s,random_init,1,2,0.3700426089806621,0.40213446947858583,ok,
2009_000573,1,6450,0.12854751275510204,10-20%,6450,6142,44034,0.14647772176045784,53,0,198,223,1.5342465753424657,wide,True,True,True,cmt_s,random_init,4,4,0.34868217054263567,0.48895185174175776,ok,
2009_000664,1,4387,0.08743223852040816,5-10%,4387,2627,47549,0.09226271845885298,12,101,171,173,0.45625,tall,True,True,True,cmt_s,random_init,2,4,0.6097560975609756,0.5932878035347479,ok,
2009_000675,1,3577,0.0712890625,5-10%,3577,1583,48593,0.07361142551396292,81,39,144,131,1.453125,square,True,True,True,cmt_s,random_init,3,2,0.7654459043891529,0.7338697226133618,ok,
2009_000705,1,2317,0.046177455357142856,2-5%,2317,1854,48322,0.047949174289143665,81,80,153,191,1.5342465753424657,wide,True,True,True,cmt_s,random_init,3,4,0.5028053517479499,0.37040679846966856,ok,
2009_000712,1,11611,0.23140545280612246,20-40%,11611,1068,49108,0.2364380548994054,94,0,185,160,1.75,wide,True,True,True,cmt_s,random_init,4,2,0.6234605115838429,0.8355958461145155,ok,
2009_000727,1,3733,0.07439811862244898,5-10%,3733,3555,46621,0.08007121254370349,65,74,199,216,1.0592592592592593,square,True,True,True,cmt_s,random_init,3,3,0.342619876774712,0.3410783455557114,ok,
2009_000731,1,32454,0.6468032525510204,>=40%,32454,15755,34421,0.9428546526829552,0,0,223,223,1.0,square,True,True,True,cmt_s,random_init,3,2,0.9411166574228138,0.9889382128741996,ok,
2009_000931,1,1195,0.023816167091836735,2-5%,1195,1779,48397,0.024691613116515486,54,181,116,223,0.6825396825396826,square,True,True,True,cmt_s,random_init,2,6,0.6435146443514644,0.4017508111017161,ok,
2009_001019,4,5976,0.11910076530612244,10-20%,5976,2299,47877,0.12481985086784886,47,21,97,223,3.980392156862745,wide,True,True,True,cmt_s,random_init,2,4,0.5147255689424364,0.6239671207138164,ok,
2009_001082,2,21624,0.4309630102040816,>=40%,21624,1618,48558,0.44532311874459407,8,0,203,137,0.7040816326530612,square,True,True,True,cmt_s,random_init,3,1,0.6255549389567148,0.9398142587239894,ok,
2009_001104,4,608,0.01211734693877551,<2%,608,2726,47450,0.012813487881981033,61,0,106,19,0.43478260869565216,tall,True,True,True,cmt_s,random_init,2,0,0.40131578947368424,0.20837751880672709,ok,
2009_001117,1,8818,0.17574139030612246,10-20%,8818,3083,47093,0.18724651222049987,14,14,143,143,1.0,square,True,True,True,cmt_s,random_init,2,2,0.7350873213880699,0.8181906519221543,ok,
2009_001145,1,12718,0.2534677933673469,20-40%,12718,2258,47918,0.26541174506448517,46,2,178,163,1.218045112781955,square,True,True,True,cmt_s,random_init,3,2,0.5623525711589873,0.738731908806437,ok,
2009_001197,1,22736,0.453125,>=40%,22736,1783,48393,0.4698200152914678,57,37,201,223,1.289655172413793,square,True,True,True,cmt_s,random_init,4,4,0.657899366643209,0.8851999919914632,ok,
2009_001205,1,23923,0.47678172831632654,>=40%,23923,1681,48495,0.49330858851427983,19,24,197,197,0.9720670391061452,square,True,True,True,cmt_s,random_init,3,3,0.6825648957070601,0.9182557033468124,ok,
2009_001251,1,24421,0.48670679209183676,>=40%,24421,2579,47597,0.5130785553711369,12,1,223,193,0.910377358490566,square,True,True,True,cmt_s,random_init,3,3,0.6294992015068998,0.9143187252310665,ok,
2009_001253,1,11297,0.22514748086734693,20-40%,11297,2797,47379,0.23843897085206525,26,53,223,170,0.5959595959595959,tall,True,True,True,cmt_s,random_init,4,3,0.6197220501017969,0.728563461792959,ok,
2009_001300,1,5361,0.10684390943877552,10-20%,5361,1005,49171,0.10902767891643449,87,73,164,193,1.5512820512820513,wide,True,True,True,cmt_s,random_init,4,4,0.6310389852639433,0.6812079595822556,ok,
2009_001339,1,3718,0.07409917091836735,5-10%,3718,4371,45805,0.08117017792817378,115,54,223,113,0.5504587155963303,tall,True,True,True,cmt_s,random_init,5,2,0.5207100591715976,0.540160341113655,ok,
2009_001388,1,988,0.019690688775510203,<2%,988,344,49832,0.01982661743458019,98,113,127,157,1.5,wide,True,True,True,cmt_s,random_init,3,4,0.6852226720647774,0.3763308565809114,ok,
2009_001422,1,13631,0.271663743622449,20-40%,13631,1998,48178,0.2829299680352028,0,37,223,152,0.5178571428571429,tall,True,True,True,cmt_s,random_init,3,2,0.5420732154647495,0.8137631904042498,ok,
2009_001443,2,3354,0.06684470663265306,5-10%,3354,1243,48933,0.06854270124455888,138,116,194,207,1.6140350877192982,wide,True,True,True,cmt_s,random_init,5,5,0.6440071556350626,0.5978618887282542,ok,
2009_001444,1,31157,0.6209542410714286,>=40%,31157,2559,47617,0.6543251359808472,9,0,223,164,0.7674418604651163,square,True,True,True,cmt_s,random_init,3,2,0.7611130725037712,0.9498852597632254,ok,
2009_001481,1,5588,0.11136798469387756,10-20%,5588,8492,41684,0.1340562326072354,46,0,195,180,1.2066666666666668,square,True,True,True,cmt_s,random_init,4,2,0.37097351467430206,0.5182745376537766,ok,
2009_001505,2,4923,0.09811463647959184,5-10%,4923,4566,45610,0.10793685595264196,99,65,218,167,0.8583333333333333,square,True,True,True,cmt_s,random_init,4,3,0.6402600040625634,0.6955622155174841,ok,
2009_001514,2,967,0.01927216198979592,<2%,967,4871,45305,0.021344222491998674,164,52,215,94,0.8269230769230769,square,True,True,True,cmt_s,random_init,6,2,0.6184074457083765,0.39104133188788365,ok,
2009_001514,4,7120,0.14190051020408162,10-20%,7120,4871,45305,0.157157046683589,8,87,191,219,0.7228260869565217,square,True,True,True,cmt_s,random_init,3,4,0.5276685393258427,0.6691197375095088,ok,
2009_001607,1,4469,0.08906648596938775,5-10%,4469,1822,48354,0.09242255035777805,0,73,184,155,0.4486486486486487,tall,True,True,True,cmt_s,random_init,2,3,0.6912060863727904,0.7967010426367892,ok,
2009_001690,1,20329,0.4051538584183674,>=40%,20329,1941,48235,0.42145744791126777,2,90,223,223,0.6036036036036037,tall,True,True,True,cmt_s,random_init,4,5,0.6944758719071278,0.9219973065213777,ok,
2009_001718,1,11045,0.2201251594387755,20-40%,11045,2725,47451,0.2327664327411435,48,31,223,167,0.7784090909090909,square,True,True,True,cmt_s,random_init,4,3,0.5152557718424626,0.6380660951460668,ok,
2009_001768,1,1590,0.03168845663265306,2-5%,1590,4004,46172,0.034436454994368884,0,66,34,144,2.257142857142857,wide,True,True,True,cmt_s,random_init,0,3,0.7157232704402515,0.5493293711103321,ok,
2009_001775,4,2399,0.04781170280612245,2-5%,2399,3486,46690,0.05138145213107732,158,0,214,58,1.0350877192982457,square,True,True,True,cmt_s,random_init,5,0,0.739891621508962,0.6530945849030508,ok,
2009_001802,1,3515,0.07005341198979592,5-10%,3515,586,49590,0.07088122605363985,83,84,159,140,0.7402597402597403,square,True,True,True,cmt_s,random_init,3,3,0.6842105263157895,0.6002851233857434,ok,
2009_001961,2,4198,0.0836654974489796,5-10%,4198,3186,46990,0.08933815705469249,54,189,194,223,0.24822695035460993,tall,True,True,True,cmt_s,random_init,3,6,0.621248213434969,0.7662878208185292,ok,
2009_001972,1,5510,0.10981345663265306,10-20%,5510,1271,48905,0.112667416419589,91,22,222,143,0.9242424242424242,square,True,True,True,cmt_s,random_init,4,2,0.5083484573502722,0.5179385331856677,ok,
2009_002082,1,4164,0.08298788265306123,5-10%,4164,2552,47624,0.08743490676969595,75,0,155,121,1.5061728395061729,wide,True,True,True,cmt_s,random_init,3,1,0.633045148895293,0.7172858324668484,ok,
2009_002122,1,7632,0.1521045918367347,10-20%,7632,2533,47643,0.16019142371387193,62,65,159,214,1.530612244897959,wide,True,True,True,cmt_s,random_init,3,4,0.5124475890985325,0.610614269888498,ok,
2009_002150,1,18556,0.3698182397959184,20-40%,18556,3478,46698,0.397361771382072,18,16,222,198,0.8926829268292683,square,True,True,True,cmt_s,random_init,3,3,0.6156499245527053,0.8989514243563974,ok,
2009_002155,1,15577,0.31044722576530615,20-40%,15577,1399,48777,0.31935133362035384,33,0,212,165,0.9222222222222223,square,True,True,True,cmt_s,random_init,3,2,0.6630930217628555,0.9114172340776306,ok,
2009_002165,2,7420,0.14787946428571427,10-20%,7420,2020,48156,0.15408256499709277,82,29,173,163,1.4673913043478262,square,True,True,True,cmt_s,random_init,3,2,0.6006738544474394,0.7706113924034957,ok,
2009_002229,1,20905,0.41663345025510207,>=40%,20905,2989,47187,0.443024561849662,0,41,212,223,0.8591549295774648,square,True,True,True,cmt_s,random_init,3,4,0.6444869648409471,0.8804693457804865,ok,
2009_002268,1,11828,0.23573022959183673,20-40%,11828,1621,48555,0.24360004119040263,109,23,223,222,1.7391304347826086,wide,True,True,True,cmt_s,random_init,5,4,0.5695806560703416,0.6698224019458144,ok,
2009_002317,1,11955,0.23826132015306123,20-40%,11955,2619,47557,0.25138255146455835,50,0,176,174,1.3779527559055118,square,True,True,True,cmt_s,random_init,3,2,0.5836888331242158,0.7279703017771462,ok,
2009_002343,5,14537,0.2897201849489796,20-40%,14537,1685,48491,0.2997875894495886,68,0,186,178,1.504201680672269,wide,True,True,True,cmt_s,random_init,3,2,0.6851482424159042,0.9012997455521615,ok,
2009_002382,5,868,0.017299107142857144,<2%,868,4870,45306,0.019158610338586502,98,196,168,223,0.39436619718309857,tall,True,True,True,cmt_s,random_init,4,6,0.5841013824884793,0.3218415338487779,ok,
2009_002416,2,6672,0.1329719387755102,10-20%,6672,3571,46605,0.14316060508529127,5,32,179,121,0.5142857142857142,tall,True,True,True,cmt_s,random_init,2,2,0.5642985611510791,0.7167758116539071,ok,
2009_002487,1,4504,0.0897640306122449,5-10%,4504,6819,43357,0.10388172613418825,121,50,223,165,1.1262135922330097,square,True,True,True,cmt_s,random_init,4,3,0.5612788632326821,0.5523631297362986,ok,
2009_002584,2,801,0.015963807397959183,<2%,801,5639,44537,0.017985046141410513,0,71,19,140,3.5,wide,True,True,True,cmt_s,random_init,0,3,0.5131086142322098,0.3158037537371339,ok,
2009_002584,3,3831,0.07635124362244898,5-10%,3831,5639,44537,0.08601836675124054,44,27,128,174,1.7411764705882353,wide,True,True,True,cmt_s,random_init,2,3,0.6423910206212478,0.5913967069432091,ok,
2009_002618,1,6055,0.12067522321428571,10-20%,6055,671,49505,0.12231087768912231,106,0,223,71,0.6101694915254238,tall,True,True,True,cmt_s,random_init,5,0,0.8104046242774566,0.7950781082420352,ok,
2009_002628,1,9545,0.19023038903061223,10-20%,9545,3273,46903,0.2035051062831802,51,60,215,157,0.593939393939394,tall,True,True,True,cmt_s,random_init,3,3,0.7316919853326349,0.8165450132928603,ok,
2009_002713,1,27949,0.5570192920918368,>=40%,27949,1775,48401,0.5774467469680379,32,1,183,221,1.4539473684210527,square,True,True,True,cmt_s,random_init,3,3,0.670149200329171,0.9128837946390407,ok,
2009_002727,2,1224,0.024394132653061226,2-5%,1224,695,49481,0.024736767648188194,125,133,161,221,2.4054054054054053,wide,True,True,True,cmt_s,random_init,4,5,0.44199346405228757,0.26146509712119387,ok,
2009_002749,1,14759,0.29414461096938777,20-40%,14759,1886,48290,0.30563263615655417,0,16,223,89,0.33035714285714285,tall,True,True,True,cmt_s,random_init,3,1,0.5514601260247984,0.8591388165355052,ok,
2009_002820,1,12303,0.2451969068877551,20-40%,12303,1921,48255,0.2549580354367423,32,50,194,180,0.803680981595092,square,True,True,True,cmt_s,random_init,3,3,0.49678940095911567,0.6419609106852148,ok,
2009_002820,2,12931,0.25771285076530615,20-40%,12931,1921,48255,0.267972230856906,0,0,92,223,2.4086021505376345,wide,True,True,True,cmt_s,random_init,0,3,0.4810919495785322,0.8869624321969587,ok,
2009_002912,1,901,0.017956792091836735,<2%,901,1841,48335,0.018640736526326678,90,13,121,66,1.6875,wide,True,True,True,cmt_s,random_init,3,1,0.5693673695893452,0.3073715521663633,ok,
2009_002932,3,823,0.016402264030612245,<2%,823,5245,44931,0.0183169749170951,119,0,155,22,0.6216216216216216,tall,True,True,True,cmt_s,random_init,4,0,0.6257594167679222,0.29877277684241665,ok,
2009_002936,1,6013,0.11983816964285714,10-20%,6013,1045,49131,0.12238708758217826,43,76,200,150,0.47468354430379744,tall,True,True,True,cmt_s,random_init,3,3,0.626143356061866,0.6913734292783624,ok,
2009_002984,2,3994,0.07959980867346939,5-10%,3994,1985,48191,0.08287854578655765,60,154,128,223,1.0144927536231885,square,True,True,True,cmt_s,random_init,2,5,0.7834251377065599,0.8451441447243714,ok,
2009_003059,2,13640,0.27184311224489793,20-40%,13640,3931,46245,0.2949508054924857,57,0,223,130,0.7844311377245509,square,True,True,True,cmt_s,random_init,4,1,0.6838709677419355,0.8367148202047076,ok,
2009_003063,2,740,0.014748086734693877,<2%,740,1212,48964,0.01511314435095172,124,123,159,171,1.3611111111111112,square,True,True,True,cmt_s,random_init,4,4,0.42027027027027025,0.17887601323580196,ok,
2009_003105,1,14817,0.29530054209183676,20-40%,14817,1337,48839,0.3033845901840742,45,0,159,202,1.7652173913043478,wide,True,True,True,cmt_s,random_init,3,3,0.5989066612674631,0.8236610100375703,ok,
2009_003146,1,6456,0.1286670918367347,10-20%,6456,3239,46937,0.13754607239491232,66,13,147,183,2.0853658536585367,wide,True,True,True,cmt_s,random_init,2,2,0.586276332094176,0.716767359638909,ok,
2009_003224,1,5532,0.11025191326530612,10-20%,5532,7810,42366,0.13057640560827077,17,0,213,202,1.0304568527918783,square,True,True,True,cmt_s,random_init,4,2,0.28651482284887925,0.4281564544759364,ok,
2009_003273,1,26219,0.5225406568877551,>=40%,26219,2900,47276,0.554594297317878,31,0,222,183,0.9583333333333334,square,True,True,True,cmt_s,random_init,4,2,0.6547923261756742,0.9129985046897208,ok,
2009_003387,3,527,0.010503029336734694,<2%,527,1719,48457,0.01087562168520544,33,32,52,58,1.35,square,True,True,True,cmt_s,random_init,1,1,0.3870967741935484,0.16120156170579306,ok,
2009_003481,3,2519,0.05020328443877551,5-10%,2519,3378,46798,0.05382708662763366,75,48,121,184,2.9148936170212765,wide,True,True,True,cmt_s,random_init,3,2,0.2786820166732831,0.32623635361732917,ok,
2009_003522,2,954,0.019013073979591837,<2%,954,2347,47829,0.01994605783102302,60,78,89,118,1.3666666666666667,square,True,True,True,cmt_s,random_init,2,3,0.5167714884696016,0.3091990680050263,ok,
2009_003551,1,10838,0.21599968112244897,20-40%,10838,1371,48805,0.22206741112590922,68,80,193,213,1.0634920634920635,square,True,True,True,cmt_s,random_init,3,4,0.699114227717291,0.9050283270373976,ok,
2009_003666,5,838,0.01670121173469388,<2%,838,3109,47067,0.017804406484373342,67,126,109,175,1.1627906976744187,square,True,True,True,cmt_s,random_init,2,4,0.5739856801909308,0.29122417379932647,ok,
2009_003736,1,6972,0.13895089285714285,10-20%,6972,1057,49119,0.14194100042753313,40,147,222,223,0.4207650273224044,tall,True,True,True,cmt_s,random_init,4,6,0.5740103270223752,0.771069839250915,ok,
2009_003773,1,25279,0.5038066007653061,>=40%,25279,6015,44161,0.5724281605941894,2,53,223,223,0.7702702702702703,square,True,True,True,cmt_s,random_init,3,4,0.6480477867004233,0.955214691019094,ok,
2009_003895,3,1186,0.023636798469387755,2-5%,1186,2867,47309,0.025069225728719693,0,54,17,119,3.6666666666666665,wide,True,True,True,cmt_s,random_init,0,2,0.49494097807757165,0.3136832867260931,ok,
2009_003928,1,7575,0.1509685905612245,10-20%,7575,1095,49081,0.1543367087060166,91,67,200,183,1.0636363636363637,square,True,True,True,cmt_s,random_init,4,3,0.6633663366336634,0.716026226891432,ok,
2009_004043,2,5809,0.11577248086734694,10-20%,5809,3206,46970,0.12367468596976794,36,62,160,165,0.832,square,True,True,True,cmt_s,random_init,2,3,0.4945773799276984,0.5333013530605348,ok,
2009_004099,1,1590,0.03168845663265306,2-5%,1590,1168,49008,0.03244368266405485,60,68,126,118,0.7611940298507462,square,True,True,True,cmt_s,random_init,3,3,0.3723270440251572,0.2031774521995836,ok,
2009_004105,2,2423,0.04829001913265306,2-5%,2423,3728,46448,0.052165862900447814,0,0,135,69,0.5147058823529411,tall,True,True,True,cmt_s,random_init,0,0,0.6793231531159719,0.7739736479052504,ok,
2009_004171,1,684,0.01363201530612245,<2%,684,3527,46649,0.014662693734056464,127,194,177,223,0.5882352941176471,tall,True,True,True,cmt_s,random_init,4,6,0.7850877192982456,0.4376481011703955,ok,
2009_004171,3,2705,0.05391023596938776,5-10%,2705,3527,46649,0.057986237647109265,61,61,119,132,1.2203389830508475,square,True,True,True,cmt_s,random_init,2,3,0.588539741219963,0.46940159822940897,ok,
2009_004180,1,6524,0.13002232142857142,10-20%,6524,2436,47740,0.13665689149560117,117,74,171,223,2.727272727272727,wide,True,True,True,cmt_s,random_init,4,4,0.5737277743715512,0.722864505130298,ok,
2009_004186,1,17683,0.3524194834183674,20-40%,17683,2406,47770,0.37016956248691646,51,17,203,200,1.2026143790849673,square,True,True,True,cmt_s,random_init,3,3,0.689136458745688,0.8891087715136302,ok,
2009_004213,1,12375,0.24663185586734693,20-40%,12375,1463,48713,0.2540389629051793,54,42,170,170,1.1025641025641026,square,True,True,True,cmt_s,random_init,3,3,0.7567676767676768,0.8752307155653007,ok,
2009_004221,1,6213,0.12382413903061225,10-20%,6213,1972,48204,0.12888971869554394,4,121,207,195,0.36764705882352944,tall,True,True,True,cmt_s,random_init,2,4,0.6645742797360373,0.7831510603403027,ok,
2009_004228,1,13797,0.2749720982142857,20-40%,13797,3168,47008,0.29350323349217156,142,0,222,212,2.6296296296296298,wide,True,True,True,cmt_s,random_init,5,3,0.5114155251141552,0.7133435409902749,ok,
2009_004228,3,6116,0.12189094387755102,10-20%,6116,3168,47008,0.13010551395507147,48,45,147,156,1.12,square,True,True,True,cmt_s,random_init,3,3,0.6931000654022237,0.7114343107117699,ok,
2009_004301,1,3504,0.06983418367346939,5-10%,3504,10004,40172,0.08722493278900727,45,97,178,158,0.4626865671641791,tall,True,True,True,cmt_s,random_init,3,4,0.5031392694063926,0.49768701831161294,ok,
2009_004327,1,22418,0.4467873086734694,>=40%,22418,1437,48739,0.4599601961468229,53,0,184,223,1.696969696969697,wide,True,True,True,cmt_s,random_init,3,3,0.6510393433847801,0.9340261863047203,ok,
2009_004464,1,22693,0.4522680165816326,>=40%,22693,1499,48677,0.4661955338250098,53,24,199,223,1.3605442176870748,square,True,True,True,cmt_s,random_init,3,4,0.6673864187194289,0.8899372487846627,ok,
2009_004509,1,1727,0.03441884566326531,2-5%,1727,1410,48766,0.03541401796333511,97,82,190,128,0.5,tall,True,True,True,cmt_s,random_init,3,3,0.5078170237405906,0.39177978430685934,ok,
2009_004539,1,10430,0.20786830357142858,20-40%,10430,3014,47162,0.221152622874348,16,43,214,194,0.7638190954773869,square,True,True,True,cmt_s,random_init,4,3,0.6360498561840844,0.7803183211589579,ok,
2009_004626,1,8640,0.17219387755102042,10-20%,8640,5416,44760,0.19302949061662197,17,3,174,211,1.3227848101265822,square,True,True,True,cmt_s,random_init,3,3,0.5914351851851852,0.7870882021421335,ok,
2009_004789,1,25881,0.5158043686224489,>=40%,25881,1977,48199,0.5369613477458038,41,0,204,223,1.3658536585365855,square,True,True,True,cmt_s,random_init,3,4,0.7396159344693019,0.9448204736436614,ok,
2009_004789,2,6125,0.1220703125,10-20%,6125,1977,48199,0.1270773252557107,45,0,184,101,0.7285714285714285,square,True,True,True,cmt_s,random_init,2,1,0.721469387755102,0.7868110515542852,ok,
2009_004790,1,17232,0.3434311224489796,20-40%,17232,2096,48080,0.3584026622296173,5,60,223,196,0.6255707762557078,tall,True,True,True,cmt_s,random_init,3,3,0.6294103992571959,0.8811284680058261,ok,
2009_004829,1,27411,0.5462970344387755,>=40%,27411,1683,48493,0.5652568411935743,23,16,203,199,1.0165745856353592,square,True,True,True,cmt_s,random_init,3,3,0.652657692167378,0.9169773220488635,ok,
2009_004848,2,4107,0.08185188137755102,5-10%,4107,4760,45416,0.09043068522106747,24,76,193,147,0.4235294117647059,tall,True,True,True,cmt_s,random_init,2,3,0.6145605064523983,0.564036029563934,ok,
2009_004867,1,27127,0.5406369579081632,>=40%,27127,1305,48871,0.5550735610075505,37,0,189,223,1.4640522875816993,square,True,True,True,cmt_s,random_init,3,3,0.7129796881335938,0.9262427000370952,ok,
2009_004890,1,953,0.018993144132653062,<2%,953,4058,46118,0.020664382670540788,149,0,222,27,0.3783783783783784,tall,True,True,True,cmt_s,random_init,6,0,0.6694648478488983,0.483822799508215,ok,
2009_004901,1,3004,0.059869260204081634,5-10%,3004,2007,48169,0.06236376092507629,90,8,125,166,4.416666666666667,wide,True,True,True,cmt_s,random_init,3,2,0.43608521970705727,0.4485131131790251,ok,
2009_004939,2,22232,0.44308035714285715,>=40%,22232,4991,45185,0.49202168861347795,30,1,223,223,1.1494845360824741,square,True,True,True,cmt_s,random_init,5,4,0.47143756747031307,0.56616114930928,ok,
2009_004994,1,12737,0.2538464604591837,20-40%,12737,2483,47693,0.2670622523221437,63,92,222,198,0.66875,square,True,True,True,cmt_s,random_init,4,4,0.6458349689879878,0.8151913353312006,ok,
2009_005000,1,24721,0.4926857461734694,>=40%,24721,4826,45350,0.5451157662624035,0,29,223,179,0.6741071428571429,square,True,True,True,cmt_s,random_init,4,3,0.7337890862020144,0.9446117976004961,ok,
2009_005085,1,21223,0.4229711415816326,>=40%,21223,2196,47980,0.44233013755731554,77,23,221,223,1.3862068965517242,square,True,True,True,cmt_s,random_init,4,4,0.5636809122178769,0.8572386059153067,ok,
2009_005087,2,1659,0.03306361607142857,2-5%,1659,4231,45945,0.03610839046686255,26,41,150,117,0.616,tall,True,True,True,cmt_s,random_init,3,2,0.5286317058468957,0.4528573953786514,ok,
2009_005160,1,20642,0.4113919005102041,>=40%,20642,2293,47883,0.4310924545245703,7,0,223,138,0.6405529953917051,tall,True,True,True,cmt_s,random_init,3,1,0.7126247456641799,0.9387400944412159,ok,
2009_005287,1,15710,0.31309789540816324,20-40%,15710,1975,48201,0.3259268479907056,75,0,174,223,2.24,wide,True,True,True,cmt_s,random_init,3,3,0.5771483131763208,0.7771417540545126,ok,
2010_000148,3,3901,0.07774633290816327,5-10%,3901,2754,47422,0.08226139766353169,72,0,223,49,0.32894736842105265,tall,True,True,True,cmt_s,random_init,4,0,0.6893104332222507,0.7537458867155511,ok,
2010_000160,1,37878,0.7549027423469388,>=40%,37878,3546,46630,0.8123096718850525,16,0,219,223,1.0980392156862746,square,True,True,True,cmt_s,random_init,3,3,0.8373462168013095,0.9794728542818264,ok,
2010_000160,2,931,0.0185546875,<2%,931,3546,46630,0.019965687325755953,20,0,67,50,1.0625,square,True,True,True,cmt_s,random_init,1,0,0.7303974221267454,0.41405627319020344,ok,
2010_000174,1,6658,0.13269292091836735,10-20%,6658,3240,46936,0.14185273564002046,186,0,223,223,5.894736842105263,wide,True,True,True,cmt_s,random_init,6,3,0.507509762691499,0.7154742202580003,ok,
2010_000256,1,14579,0.29055723852040816,20-40%,14579,2633,47543,0.30664871800265026,40,0,168,223,1.7364341085271318,wide,True,True,True,cmt_s,random_init,2,2,0.6844776733658001,0.8879364075545565,ok,
2010_000272,1,13790,0.2748325892857143,20-40%,13790,2547,47629,0.2895294883369376,37,0,124,223,2.5454545454545454,wide,True,True,True,cmt_s,random_init,2,3,0.42211747643219727,0.6841710204600295,ok,
2010_000437,1,10501,0.20928332270408162,20-40%,10501,3817,46359,0.22651480834357945,77,0,187,223,2.018018018018018,wide,True,True,True,cmt_s,random_init,3,4,0.5071897914484335,0.6612544767152587,ok,
2010_000503,2,3958,0.07888233418367346,5-10%,3958,2553,47623,0.08311110177855238,93,38,223,83,0.3511450381679389,tall,True,True,True,cmt_s,random_init,5,1,0.573521980798383,0.5630307430968876,ok,
2010_000503,3,4212,0.08394451530612244,5-10%,4212,2553,47623,0.08844465909329526,85,111,223,153,0.30935251798561153,tall,True,True,True,cmt_s,random_init,4,4,0.5961538461538461,0.6129023651429671,ok,
2010_000622,1,5919,0.11796476403061225,10-20%,5919,1142,49034,0.12071215891014399,87,0,148,175,2.838709677419355,wide,True,True,True,cmt_s,random_init,3,2,0.26507856056766343,0.264300866312216,ok,
2010_000632,1,825,0.016442123724489797,<2%,825,1086,49090,0.016805866775310655,54,49,120,88,0.5970149253731343,tall,True,True,True,cmt_s,random_init,2,2,0.46424242424242423,0.23985851869570832,ok,
2010_000666,1,9632,0.19196428571428573,10-20%,9632,4058,46118,0.20885554447287394,51,0,198,200,1.3581081081081081,square,True,True,True,cmt_s,random_init,3,3,0.4887873754152824,0.6058779468765148,ok,
2010_000666,2,1820,0.03627232142857143,2-5%,1820,4058,46118,0.03946398369400234,22,72,110,128,0.6404494382022472,tall,True,True,True,cmt_s,random_init,1,3,0.4593406593406593,0.2735036938368326,ok,
2010_000675,1,29586,0.5896444515306123,>=40%,29586,1748,48428,0.6109275625671099,0,0,223,184,0.8258928571428571,square,True,True,True,cmt_s,random_init,3,3,0.8071385114581221,0.9813888309730788,ok,
2010_000738,2,787,0.015684789540816327,<2%,787,2387,47789,0.01646822490531294,73,187,106,217,0.9117647058823529,square,True,True,True,cmt_s,random_init,2,6,0.4993646759847522,0.26390744364357005,ok,
2010_000874,2,22189,0.4422233737244898,>=40%,22189,4644,45532,0.4873275937801985,4,71,223,223,0.6954545454545454,square,True,True,True,cmt_s,random_init,3,4,0.6629861643156519,0.9043597178016946,ok,
2010_000952,1,22031,0.43907445790816324,>=40%,22031,1672,48504,0.4542099620649843,35,0,181,223,1.5238095238095237,wide,True,True,True,cmt_s,random_init,3,3,0.5623893604466433,0.8740901303169127,ok,
2010_000986,1,1577,0.03142936862244898,2-5%,1577,1276,48900,0.03224948875255624,59,133,94,223,2.5277777777777777,wide,True,True,True,cmt_s,random_init,2,5,0.36968928344958785,0.21009530158672798,ok,
2010_001024,3,991,0.01975047831632653,<2%,991,5084,45092,0.021977290871995032,13,94,87,124,0.41333333333333333,tall,True,True,True,cmt_s,random_init,1,3,0.5146316851664985,0.2851592406719615,ok,
2010_001120,2,6030,0.12017697704081633,10-20%,6030,5835,44341,0.1359915202634131,86,0,223,92,0.6739130434782609,square,True,True,True,cmt_s,random_init,5,1,0.5849087893864013,0.6743767881474351,ok,
2010_001131,2,21746,0.43339445153061223,>=40%,21746,3164,47012,0.4625627499361865,0,1,172,173,1.0,square,True,True,True,cmt_s,random_init,2,2,0.7294674882737056,0.9202226971295382,ok,
2010_001246,4,915,0.01823580994897959,<2%,915,1652,48524,0.01885664825653285,97,72,135,109,0.9743589743589743,square,True,True,True,cmt_s,random_init,3,2,0.5453551912568306,0.3073955278399811,ok,
2010_001247,1,864,0.01721938775510204,<2%,864,1674,48502,0.017813698404189518,22,57,69,99,0.8958333333333334,square,True,True,True,cmt_s,random_init,1,2,0.7569444444444444,0.42022820390056337,ok,
2010_001247,4,1373,0.027363679846938774,2-5%,1373,1674,48502,0.02830811100573172,108,56,165,105,0.8620689655172413,square,True,True,True,cmt_s,random_init,4,2,0.6540422432629279,0.42629566137796326,ok,
2010_001279,1,2753,0.05486686862244898,5-10%,2753,3005,47171,0.058362129274342284,108,132,190,223,1.108433734939759,square,True,True,True,cmt_s,random_init,4,5,0.5702869596803487,0.4963450041499119,ok,
2010_001282,1,5113,0.10190130739795919,10-20%,5113,1173,49003,0.10434055057853601,63,117,222,223,0.66875,square,True,True,True,cmt_s,random_init,3,5,0.6477606102092704,0.5860061922375884,ok,
2010_001367,1,3463,0.0690170599489796,5-10%,3463,4689,45487,0.07613164200760657,49,54,206,208,0.9810126582278481,square,True,True,True,cmt_s,random_init,3,3,0.461160843199538,0.48248652204447084,ok,
2010_001367,3,14281,0.2846181441326531,20-40%,14281,4689,45487,0.313957834106448,0,121,221,223,0.46396396396396394,tall,True,True,True,cmt_s,random_init,3,5,0.5517120649814439,0.6387961802436258,ok,
2010_001403,2,845,0.016840720663265307,<2%,845,1493,48683,0.017357188340899287,135,0,194,19,0.3333333333333333,tall,True,True,True,cmt_s,random_init,5,0,0.5431952662721894,0.32176646618845367,ok,
2010_001514,3,4988,0.09941007653061225,5-10%,4988,7581,42595,0.11710294635520602,0,0,69,113,1.6285714285714286,wide,True,True,True,cmt_s,random_init,0,1,0.7137129109863672,0.7454082305748766,ok,
2010_001522,1,10292,0.20511798469387754,20-40%,10292,3495,46681,0.22047513977849661,81,0,187,213,2.0,wide,True,True,True,cmt_s,random_init,4,3,0.5334240186552662,0.835196705542401,ok,
2010_001576,1,39361,0.7844587053571429,>=40%,39361,702,49474,0.7955896026195578,30,0,223,223,1.1546391752577319,square,True,True,True,cmt_s,random_init,4,3,0.8876298874520464,0.983478328844706,ok,
2010_001579,1,16761,0.3340441645408163,20-40%,16761,3462,46714,0.3588003596352271,142,0,222,223,2.765432098765432,wide,True,True,True,cmt_s,random_init,5,3,0.7483443708609272,0.9252282168311179,ok,
2010_001579,2,10936,0.21795280612244897,20-40%,10936,3462,46714,0.23410540737252217,2,0,150,129,0.87248322147651,square,True,True,True,cmt_s,random_init,2,2,0.633138258961229,0.8151298964620591,ok,
2010_001590,1,33632,0.670280612244898,>=40%,33632,2289,47887,0.7023200451061875,19,0,213,223,1.1487179487179486,square,True,True,True,cmt_s,random_init,3,3,0.7639153187440533,0.9402937482144572,ok,
2010_001619,3,1989,0.03964046556122449,2-5%,1989,3633,46543,0.042734675461401285,123,12,219,52,0.422680412371134,tall,True,True,True,cmt_s,random_init,4,1,0.4167923579688286,0.3266729418108711,ok,
2010_001807,1,686,0.013671875,<2%,686,2946,47230,0.014524666525513446,192,93,214,135,1.8695652173913044,wide,True,True,True,cmt_s,random_init,6,3,0.7346938775510204,0.4153639896985566,ok,
2010_001850,2,1581,0.03150908801020408,2-5%,1581,4228,45948,0.034408461739357535,113,3,185,51,0.6712328767123288,square,True,True,True,cmt_s,random_init,5,0,0.47438330170777987,0.4356642936766853,ok,
2010_001850,3,3287,0.0655094068877551,5-10%,3287,4228,45948,0.07153739009314877,7,203,223,223,0.0967741935483871,tall,True,True,True,cmt_s,random_init,3,6,0.2871919683602069,0.24432729059627714,ok,
2010_001852,1,9352,0.18638392857142858,10-20%,9352,2347,47829,0.1955299086328378,21,144,214,223,0.41237113402061853,tall,True,True,True,cmt_s,random_init,4,5,0.5811591103507271,0.6953861825976934,ok,
2010_002018,7,996,0.01985012755102041,<2%,996,4231,45945,0.02167809337251061,27,35,92,66,0.48484848484848486,tall,True,True,True,cmt_s,random_init,1,1,0.678714859437751,0.39859891534394193,ok,
2010_002020,1,27556,0.549186862244898,>=40%,27556,10473,39703,0.6940533460947536,0,8,223,204,0.8794642857142857,square,True,True,True,cmt_s,random_init,3,3,0.7024241544491218,0.9170776055096375,ok,
2010_002032,6,3458,0.06891741071428571,5-10%,3458,3388,46788,0.0739078396169958,121,14,199,149,1.7215189873417722,wide,True,True,True,cmt_s,random_init,4,2,0.3458646616541353,0.3907964842558972,ok,
2010_002039,2,1986,0.03958067602040816,2-5%,1986,4307,45869,0.04329721598465194,103,104,170,150,0.6911764705882353,square,True,True,True,cmt_s,random_init,4,4,0.500503524672709,0.3991821947203894,ok,
2010_002039,4,846,0.01686065051020408,<2%,846,4307,45869,0.018443829165667443,116,193,163,223,0.6458333333333334,tall,True,True,True,cmt_s,random_init,4,6,0.574468085106383,0.385261311566861,ok,
2010_002039,11,992,0.019770408163265307,<2%,992,4307,45869,0.021626806775818092,56,177,117,219,0.6935483870967742,square,True,True,True,cmt_s,random_init,2,6,0.6461693548387096,0.35088681938770033,ok,
2010_002147,1,14582,0.29061702806122447,20-40%,14582,2576,47600,0.30634453781512605,21,0,191,223,1.3099415204678362,square,True,True,True,cmt_s,random_init,3,3,0.6101357838430942,0.8545298430602263,ok,
2010_002251,1,9173,0.18281648596938777,10-20%,9173,3830,46346,0.19792430846243472,100,0,223,173,1.403225806451613,square,True,True,True,cmt_s,random_init,5,2,0.4759620625749482,0.5913343432773852,ok,
2010_002305,1,12461,0.24834582270408162,20-40%,12461,37715,12461,1.0,100,0,185,215,2.511627906976744,wide,True,True,True,cmt_s,random_init,4,3,1.0,1.0,ok,
2010_002310,1,5270,0.10503029336734694,10-20%,5270,1658,48518,0.10861948142957253,84,2,158,223,2.96,wide,True,True,True,cmt_s,random_init,4,3,0.4472485768500949,0.5060290932764441,ok,
2010_002336,3,3018,0.06014827806122449,5-10%,3018,5008,45168,0.06681721572794899,57,0,209,91,0.6013071895424836,tall,True,True,True,cmt_s,random_init,3,1,0.4088800530152419,0.386415784676145,ok,
2010_002338,1,12063,0.24041374362244897,20-40%,12063,1794,48382,0.24932826257699145,76,0,181,203,1.9245283018867925,wide,True,True,True,cmt_s,random_init,3,2,0.6309375777169858,0.8114494678675666,ok,
2010_002348,1,31292,0.6236447704081632,>=40%,31292,2640,47536,0.658280040390441,2,3,223,223,0.9954954954954955,square,True,True,True,cmt_s,random_init,3,3,0.682826281477694,0.9255900241393874,ok,
2010_002396,2,7112,0.14174107142857142,10-20%,7112,3380,46796,0.15197880160697497,81,34,223,155,0.8531468531468531,square,True,True,True,cmt_s,random_init,4,3,0.4437570303712036,0.48953314002077314,ok,
2010_002455,1,13690,0.27283960459183676,20-40%,13690,17160,33016,0.41464744366367823,2,127,221,203,0.35,tall,True,True,True,cmt_s,random_init,3,5,0.5823228634039445,0.8216061486544765,ok,
2010_002527,2,17816,0.35507015306122447,20-40%,17816,1854,48322,0.3686933487852324,0,27,156,223,1.2547770700636942,square,True,True,True,cmt_s,random_init,2,4,0.7479232150875618,0.9136617490000344,ok,
2010_002570,2,21218,0.42287149234693877,>=40%,21218,2721,47455,0.4471183226214308,0,0,186,223,1.1978609625668448,square,True,True,True,cmt_s,random_init,3,4,0.5793665755490621,0.8489033716194302,ok,
2010_002659,2,9661,0.1925422512755102,10-20%,9661,3911,46265,0.20881876148276235,1,0,93,128,1.3870967741935485,square,True,True,True,cmt_s,random_init,1,1,0.6367870820826002,0.6992209710416665,ok,
2010_002720,4,902,0.01797672193877551,<2%,902,5285,44891,0.020093114432737074,53,0,122,29,0.42857142857142855,tall,True,True,True,cmt_s,random_init,2,0,0.6008869179600886,0.36390557652350736,ok,
2010_002763,5,6652,0.1325733418367347,10-20%,6652,5487,44689,0.1488509476604981,42,35,153,142,0.9642857142857143,square,True,True,True,cmt_s,random_init,3,2,0.7366205652435358,0.81209147415971,ok,
2010_002921,2,670,0.013352997448979591,<2%,670,3067,47109,0.014222335434842599,177,0,221,30,0.6888888888888889,square,True,True,True,cmt_s,random_init,6,0,0.5791044776119403,0.33635404852177575,ok,
2010_002921,3,2759,0.054986447704081634,5-10%,2759,3067,47109,0.05856630367870258,105,118,161,172,0.9649122807017544,square,True,True,True,cmt_s,random_init,4,4,0.7905038057267125,0.7143520150051142,ok,
2010_002929,7,871,0.01735889668367347,<2%,871,4244,45932,0.018962814595488982,46,121,90,156,0.8,square,True,True,True,cmt_s,random_init,2,4,0.6326061997703789,0.38114394570607935,ok,
2010_002988,3,1727,0.03441884566326531,2-5%,1727,1545,48631,0.035512327527708665,106,13,151,90,1.6956521739130435,wide,True,True,True,cmt_s,random_init,3,1,0.5425593514765489,0.3852969157783239,ok,
2010_003010,1,3324,0.06624681122448979,5-10%,3324,3547,46629,0.07128610950267002,110,160,198,223,0.7191011235955056,square,True,True,True,cmt_s,random_init,4,6,0.6904332129963899,0.6023341176986158,ok,
2010_003060,1,20781,0.41416214923469385,>=40%,20781,1978,48198,0.43115896925183617,0,0,223,155,0.6964285714285714,square,True,True,True,cmt_s,random_init,3,2,0.5835619075116694,0.8756345014299449,ok,
2010_003123,3,29922,0.5963408801020408,>=40%,29922,1003,49173,0.6085046671954121,73,0,223,223,1.4834437086092715,square,True,True,True,cmt_s,random_init,4,3,0.5552436334469621,0.8312672057161996,ok,
2010_003157,2,2304,0.04591836734693878,2-5%,2304,3415,46761,0.04927182908834285,62,35,191,118,0.6461538461538462,tall,True,True,True,cmt_s,random_init,2,1,0.2934027777777778,0.3917003081048278,ok,
2010_003168,1,4650,0.09267378826530612,5-10%,4650,1778,48398,0.09607835034505557,37,0,114,131,1.6923076923076923,wide,True,True,True,cmt_s,random_init,2,2,0.6918279569892473,0.7216990838574227,ok,
2010_003187,1,24164,0.48158482142857145,>=40%,24164,1011,49165,0.49148784704566256,0,0,130,223,1.7099236641221374,wide,True,True,True,cmt_s,random_init,1,3,0.7106853170004966,0.9248060377962521,ok,
2010_003203,2,622,0.012396364795918368,<2%,622,3108,47068,0.01321492308999745,169,0,189,31,1.5238095238095237,wide,True,True,True,cmt_s,random_init,5,0,0.680064308681672,0.3346506598361259,ok,
2010_003203,5,2788,0.055564413265306124,5-10%,2788,3108,47068,0.059233449477351915,42,156,133,223,0.7391304347826086,square,True,True,True,cmt_s,random_init,3,6,0.7166427546628408,0.6374756029061194,ok,
2010_003380,1,31256,0.6229272959183674,>=40%,31256,3634,46542,0.6715654677495595,0,0,223,209,0.9375,square,True,True,True,cmt_s,random_init,3,3,0.8896211927309956,0.9854622569258477,ok,
2010_003381,1,30326,0.6043925382653061,>=40%,30326,2561,47615,0.6369001365116035,62,0,222,223,1.391304347826087,square,True,True,True,cmt_s,random_init,4,3,0.6614456242168436,0.6318422130893468,ok,
2010_003409,2,1768,0.035235969387755105,2-5%,1768,2166,48010,0.036825661320558215,102,102,200,138,0.37373737373737376,tall,True,True,True,cmt_s,random_init,4,3,0.6187782805429864,0.5291384447696051,ok,
2010_003418,1,4310,0.08589764030612244,5-10%,4310,1113,49063,0.08784623850967124,20,61,156,151,0.6642335766423357,tall,True,True,True,cmt_s,random_init,3,3,0.6389791183294664,0.6864254448757339,ok,
2010_003453,1,33276,0.6631855867346939,>=40%,33276,1941,48235,0.6898724992225562,31,0,215,223,1.2108108108108109,square,True,True,True,cmt_s,random_init,3,3,0.7185058300276476,0.9019513554248848,ok,
2010_003495,1,9836,0.19602997448979592,10-20%,9836,2771,47405,0.2074886615335935,6,0,193,223,1.1914893617021276,square,True,True,True,cmt_s,random_init,3,3,0.45862139080927206,0.5854171486869316,ok,
2010_003531,5,734,0.014628507653061224,<2%,734,5572,44604,0.016455923235584254,132,2,221,30,0.32222222222222224,tall,True,True,True,cmt_s,random_init,4,0,0.44550408719346046,0.22030642346980364,ok,
2010_003531,8,800,0.01594387755102041,<2%,800,5572,44604,0.01793561115595014,136,192,164,223,1.103448275862069,square,True,True,True,cmt_s,random_init,4,6,0.56375,0.31288811682093187,ok,
2010_003532,1,19587,0.3903659119897959,20-40%,19587,3941,46235,0.42364009949172704,14,6,215,218,1.0544554455445545,square,True,True,True,cmt_s,random_init,2,3,0.6730484505028845,0.9395127484525174,ok,
2010_003597,4,937,0.018674266581632654,<2%,937,4517,45659,0.02052169342298342,108,183,221,223,0.35964912280701755,tall,True,True,True,cmt_s,random_init,3,6,0.5048025613660619,0.28134546573529085,ok,
2010_003597,9,1168,0.023278061224489797,2-5%,1168,4517,45659,0.025580936945618606,83,81,137,113,0.6,tall,True,True,True,cmt_s,random_init,3,3,0.511986301369863,0.34003343612001224,ok,
2010_003680,1,8650,0.17239317602040816,10-20%,8650,1917,48259,0.1792411778113927,25,47,187,187,0.8650306748466258,square,True,True,True,cmt_s,random_init,3,4,0.5344508670520232,0.7259538293000286,ok,
2010_003746,2,2022,0.04029815051020408,2-5%,2022,4460,45716,0.04422959139032286,14,0,67,81,1.5185185185185186,wide,True,True,True,cmt_s,random_init,1,0,0.6577645895153313,0.543731243845694,ok,
2010_003746,3,4040,0.08051658163265306,5-10%,4040,4460,45716,0.08837168606177269,0,90,171,223,0.7790697674418605,square,True,True,True,cmt_s,random_init,2,6,0.27004950495049507,0.3184105466470336,ok,
2010_003764,1,16056,0.3199936224489796,20-40%,16056,2181,47995,0.3345348473799354,23,46,170,223,1.2027027027027026,square,True,True,True,cmt_s,random_init,2,4,0.7457648231190832,0.9121484066550191,ok,
2010_003884,2,4341,0.08651546556122448,5-10%,4341,3805,46371,0.09361454357249142,2,176,165,223,0.2926829268292683,tall,True,True,True,cmt_s,random_init,2,6,0.5855793595945634,0.674368462131804,ok,
2010_004056,1,4379,0.08727279974489796,5-10%,4379,1287,48889,0.08957025097670232,93,5,205,119,1.0176991150442478,square,True,True,True,cmt_s,random_init,4,1,0.5880337976707011,0.5285413504304154,ok,
2010_004060,1,7125,0.1420001594387755,10-20%,7125,1348,48828,0.1459203735561563,65,94,215,181,0.5827814569536424,tall,True,True,True,cmt_s,random_init,4,4,0.616421052631579,0.7374629744701303,ok,
2010_004171,1,29720,0.5923150510204082,>=40%,29720,3039,47137,0.6305025775929737,0,26,223,223,0.8839285714285714,square,True,True,True,cmt_s,random_init,3,4,0.7257402422611037,0.9448166992763644,ok,
2010_004226,2,2818,0.056162308673469385,5-10%,2818,2866,47310,0.05956457408581695,92,161,193,223,0.6176470588235294,tall,True,True,True,cmt_s,random_init,4,6,0.6447835344215755,0.6275682656468834,ok,
2010_004320,1,24486,0.48800223214285715,>=40%,24486,2103,48073,0.50935036298962,0,0,181,205,1.1318681318681318,square,True,True,True,cmt_s,random_init,2,2,0.6073674752920036,0.8869983197220275,ok,
2010_004520,1,20370,0.40597098214285715,>=40%,20370,1466,48710,0.4181892835146787,0,57,223,163,0.47767857142857145,tall,True,True,True,cmt_s,random_init,3,3,0.6739322533136967,0.9060115896926588,ok,
2010_004551,1,19379,0.3862205038265306,20-40%,19379,30797,19379,1.0,0,60,223,169,0.49107142857142855,tall,True,True,True,cmt_s,random_init,3,3,1.0,1.0,ok,
2010_004560,1,5684,0.11328125,10-20%,5684,6406,43770,0.12986063513822252,35,0,181,109,0.7482993197278912,square,True,True,True,cmt_s,random_init,2,1,0.7357494722026742,0.88466952427849,ok,
2010_004625,1,34411,0.6858059630102041,>=40%,34411,1709,48467,0.7099882394206367,19,0,198,223,1.2444444444444445,square,True,True,True,cmt_s,random_init,3,3,0.7008224114382029,0.7595224186323889,ok,
2010_004628,2,793,0.01580436862244898,<2%,793,1208,48968,0.01619424930566901,120,139,169,164,0.52,tall,True,True,True,cmt_s,random_init,4,4,0.5889029003783102,0.2843885659205031,ok,
2010_004683,2,2856,0.056919642857142856,5-10%,2856,7614,42562,0.0671021098632583,108,0,180,69,0.958904109589041,square,True,True,True,cmt_s,random_init,4,0,0.7706582633053222,0.6726822736374624,ok,
2010_004763,3,13489,0.26883370535714285,20-40%,13489,19211,30965,0.4356208622638463,0,0,223,153,0.6875,square,True,True,True,cmt_s,random_init,1,3,0.6315516346652829,0.9069987253071734,ok,
2010_004783,2,722,0.014389349489795918,<2%,722,2908,47268,0.015274604383515274,137,0,193,29,0.5263157894736842,tall,True,True,True,cmt_s,random_init,5,0,0.5803324099722992,0.30112762255691766,ok,
2010_004941,1,18749,0.37366470025510207,20-40%,18749,5223,44953,0.41708006139745957,24,18,223,209,0.96,square,True,True,True,cmt_s,random_init,3,3,0.5556563016694224,0.8069552586706397,ok,
2010_004946,1,20080,0.40019132653061223,>=40%,20080,1583,48593,0.4132282427510135,61,24,214,194,1.1103896103896105,square,True,True,True,cmt_s,random_init,4,3,0.6706175298804781,0.9256183411773565,ok,
2010_004994,3,2795,0.05570392219387755,5-10%,2795,2736,47440,0.05891652613827993,69,188,194,223,0.2857142857142857,tall,True,True,True,cmt_s,random_init,3,6,0.6364937388193203,0.6610506001744891,ok,
2010_005063,1,618,0.012316645408163265,<2%,618,1816,48360,0.012779156327543425,92,204,125,223,0.5882352941176471,tall,True,True,True,cmt_s,random_init,3,6,0.5663430420711975,0.3129092540873047,ok,
2010_005106,1,3827,0.07627152423469388,5-10%,3827,2891,47285,0.08093475732261816,75,12,161,223,2.4367816091954024,wide,True,True,True,cmt_s,random_init,3,3,0.5751241181081788,0.5945311688724756,ok,
2010_005108,1,28480,0.5676020408163265,>=40%,28480,2657,47519,0.5993392116837476,31,0,223,220,1.145077720207254,square,True,True,True,cmt_s,random_init,4,2,0.7982794943820225,0.9477425255833823,ok,
2010_005128,1,10110,0.20149075255102042,20-40%,10110,1602,48574,0.20813603985671347,74,9,166,197,2.032258064516129,wide,True,True,True,cmt_s,random_init,3,2,0.640751730959446,0.7923338744070098,ok,
2010_005129,1,1566,0.031210140306122448,2-5%,1566,566,49610,0.031566216488611167,66,100,142,134,0.45454545454545453,tall,True,True,True,cmt_s,random_init,3,3,0.5644955300127714,0.3373535364895756,ok,
2010_005166,6,2223,0.04430404974489796,2-5%,2223,7508,42668,0.05209993437705072,36,164,121,220,0.6627906976744186,tall,True,True,True,cmt_s,random_init,3,6,0.5569050832208727,0.6223649291368041,ok,
2010_005180,2,791,0.015764508928571428,<2%,791,631,49545,0.015965284085175092,102,58,126,90,1.32,square,True,True,True,cmt_s,random_init,3,2,0.6460176991150443,0.37259608690706764,ok,
2010_005217,1,19868,0.39596619897959184,20-40%,19868,1677,48499,0.4096579310913627,63,0,188,223,1.7777777777777777,wide,True,True,True,cmt_s,random_init,3,3,0.5762029394000403,0.8526210434191784,ok,
2010_005223,2,2644,0.05269451530612245,5-10%,2644,3652,46524,0.05683088298512596,99,72,177,139,0.8607594936708861,square,True,True,True,cmt_s,random_init,4,3,0.5907715582450832,0.48947480128869697,ok,
2010_005223,3,2810,0.05600286989795918,5-10%,2810,3652,46524,0.06039893388358696,97,0,177,73,0.9135802469135802,square,True,True,True,cmt_s,random_init,3,0,0.6441281138790036,0.5549515697743742,ok,
2010_005252,2,1624,0.03236607142857143,2-5%,1624,2651,47525,0.03417148869016307,101,131,158,188,1.0,square,True,True,True,cmt_s,random_init,4,4,0.4938423645320197,0.4432058947925561,ok,
2010_005318,4,909,0.018116230867346938,<2%,909,7678,42498,0.021389241846675136,41,4,97,28,0.43859649122807015,tall,True,True,True,cmt_s,random_init,2,0,0.6897689768976898,0.3956806209962813,ok,
2010_005450,1,11135,0.2219188456632653,20-40%,11135,1259,48917,0.2276304761125989,23,108,149,223,0.9133858267716536,square,True,True,True,cmt_s,random_init,2,5,0.7700044903457566,0.8312213883767321,ok,
2010_005457,1,39327,0.7837810905612245,>=40%,39327,1823,48353,0.8133311273343949,2,0,219,223,1.0275229357798166,square,True,True,True,cmt_s,random_init,3,3,0.8150888702418186,0.9447438907357911,ok,
2010_005519,1,1346,0.026825573979591837,2-5%,1346,1802,48374,0.02782486459668417,134,198,221,223,0.29545454545454547,tall,True,True,True,cmt_s,random_init,5,6,0.5988112927191679,0.4078475787581756,ok,
2010_005522,1,4613,0.09193638392857142,5-10%,4613,1347,48829,0.09447254705195683,67,108,188,188,0.6639344262295082,tall,True,True,True,cmt_s,random_init,3,4,0.6798179059180577,0.717659201297897,ok,
2010_005678,1,42378,0.8445870535714286,>=40%,42378,1055,49121,0.8627267360192179,11,0,212,223,1.108910891089109,square,True,True,True,cmt_s,random_init,3,3,0.8732597102270045,0.9931050705777772,ok,
2010_005709,2,17174,0.3422751913265306,20-40%,17174,16475,33701,0.5095991216877838,0,30,223,212,0.8169642857142857,square,True,True,True,cmt_s,random_init,4,3,0.6301385815768021,0.7614322570729594,ok,
2010_005744,1,7949,0.15842235331632654,10-20%,7949,1318,48858,0.16269597609398664,68,43,167,142,1.0,square,True,True,True,cmt_s,random_init,3,2,0.6069945905145301,0.5857020090965883,ok,
2010_005788,1,1435,0.028599330357142856,2-5%,1435,2865,47311,0.03033121261440257,74,179,129,223,0.8035714285714286,square,True,True,True,cmt_s,random_init,3,6,0.6383275261324042,0.4570308610490191,ok,
2010_005796,1,880,0.017538265306122448,<2%,880,1740,48436,0.018168304566851104,55,0,86,36,1.15625,square,True,True,True,cmt_s,random_init,2,0,0.6295454545454545,0.34284267995093054,ok,
2010_005810,6,15299,0.30490672831632654,20-40%,15299,2985,47191,0.32419317242694584,0,0,124,208,1.672,wide,True,True,True,cmt_s,random_init,1,2,0.5808222759657494,0.7943311167184022,ok,
2010_005830,5,1655,0.03298389668367347,2-5%,1655,8584,41592,0.03979130602038854,93,48,211,112,0.5462184873949579,tall,True,True,True,cmt_s,random_init,3,2,0.5347432024169184,0.449293961145405,ok,
2010_005835,1,9543,0.1901905293367347,10-20%,9543,2401,47775,0.19974882260596546,61,73,214,201,0.8376623376623377,square,True,True,True,cmt_s,random_init,4,4,0.6908728911243843,0.7969045598611466,ok,
2010_005835,2,33418,0.666015625,>=40%,33418,2401,47775,0.6994871794871795,0,0,223,223,1.0,square,True,True,True,cmt_s,random_init,3,2,0.6866658686935184,0.8608108870021596,ok,
2010_005871,2,2633,0.05247528698979592,5-10%,2633,3735,46441,0.056695592256842016,20,19,127,165,1.3611111111111112,square,True,True,True,cmt_s,random_init,1,2,0.563995442461071,0.4718595355746286,ok,
2010_005952,1,18965,0.37796954719387754,20-40%,18965,8640,41536,0.45659187211093993,0,47,223,148,0.45535714285714285,tall,True,True,True,cmt_s,random_init,3,3,0.4854732401792776,0.7773310283352425,ok,
2011_000051,3,3410,0.06796077806122448,5-10%,3410,2366,47810,0.07132399079690441,57,0,223,37,0.2275449101796407,tall,True,True,True,cmt_s,random_init,4,0,0.4187683284457478,0.39441319255874857,ok,
2011_000112,1,964,0.01921237244897959,<2%,964,1095,49081,0.019641001609584156,130,4,155,78,2.8846153846153846,wide,True,True,True,cmt_s,random_init,4,1,0.5062240663900415,0.2781687573125543,ok,
2011_000112,2,1825,0.03637197066326531,2-5%,1825,1095,49081,0.03718343147042644,124,135,167,203,1.5681818181818181,wide,True,True,True,cmt_s,random_init,4,5,0.6010958904109589,0.42577581082108673,ok,
2011_000122,2,22744,0.4532844387755102,>=40%,22744,1869,48307,0.47082203407373674,0,0,220,223,1.0135746606334841,square,True,True,True,cmt_s,random_init,2,3,0.4992085824832923,0.7611897351470972,ok,
2011_000208,2,19994,0.39847735969387754,20-40%,19994,1635,48541,0.4118992192167446,76,0,187,223,2.0,wide,True,True,True,cmt_s,random_init,4,3,0.5436130839251776,0.8247575794601995,ok,
2011_000252,2,2694,0.05369100765306122,5-10%,2694,3113,47063,0.0572424197352485,59,29,190,73,0.3409090909090909,tall,True,True,True,cmt_s,random_init,3,1,0.5983667409057164,0.6117061876411356,ok,
2011_000312,2,6220,0.12396364795918367,10-20%,6220,1433,48743,0.12760806679933528,44,0,107,106,1.671875,wide,True,True,True,cmt_s,random_init,2,1,0.690032154340836,0.7144135095003578,ok,
2011_000338,4,1153,0.022979113520408163,2-5%,1153,2975,47201,0.024427448571004852,161,0,223,81,1.3015873015873016,square,True,True,True,cmt_s,random_init,5,1,0.5767562879444926,0.3848925981235742,ok,
2011_000379,2,17519,0.34915098852040816,20-40%,17519,4456,45720,0.38318022747156605,1,0,223,223,1.0044843049327354,square,True,True,True,cmt_s,random_init,4,3,0.47605456932473317,0.7994043930955105,ok,
2011_000400,1,1800,0.03587372448979592,2-5%,1800,5023,45153,0.039864460833167234,77,82,116,126,1.125,square,True,True,True,cmt_s,random_init,3,3,0.4761111111111111,0.31648093488599305,ok,
2011_000438,5,5020,0.10004783163265306,10-20%,5020,6057,44119,0.11378317731589564,133,0,223,124,1.3736263736263736,square,True,True,True,cmt_s,random_init,5,2,0.6531872509960159,0.7167282996204697,ok,
2011_000503,6,5180,0.10323660714285714,10-20%,5180,1550,48626,0.1065273721877185,168,65,223,223,2.8392857142857144,wide,True,True,True,cmt_s,random_init,6,5,0.7536679536679537,0.8339907818482148,ok,
2011_000512,1,21132,0.4211575255102041,>=40%,21132,3608,46568,0.453788008933173,5,18,213,216,0.9521531100478469,square,True,True,True,cmt_s,random_init,3,3,0.6006530380465644,0.8961793420556766,ok,
2011_000526,1,35443,0.7063735650510204,>=40%,35443,2648,47528,0.7457288335297088,18,0,223,223,1.087378640776699,square,True,True,True,cmt_s,random_init,3,3,0.7758936884575234,0.9563753210408545,ok,
2011_000548,2,8304,0.16549744897959184,10-20%,8304,5543,44633,0.18605067999014183,62,58,178,193,1.1623931623931625,square,True,True,True,cmt_s,random_init,3,3,0.7769749518304432,0.8203747074264373,ok,
2011_000566,1,10489,0.2090441645408163,20-40%,10489,4666,45510,0.23047681828169633,97,94,223,223,1.0236220472440944,square,True,True,True,cmt_s,random_init,4,5,0.6488702450185909,0.6742258349920709,ok,
2011_000573,1,2746,0.05472735969387755,5-10%,2746,5141,45035,0.0609747973798157,125,84,223,175,0.9292929292929293,square,True,True,True,cmt_s,random_init,5,4,0.5218499635833941,0.4553253691586387,ok,
2011_000589,2,2360,0.0470344387755102,2-5%,2360,818,49358,0.047813930872401635,9,0,115,42,0.40186915887850466,tall,True,True,True,cmt_s,random_init,1,0,0.7148305084745763,0.6205778340932713,ok,
2011_000607,2,901,0.017956792091836735,<2%,901,1178,48998,0.018388505653291972,99,183,132,214,0.9411764705882353,square,True,True,True,cmt_s,random_init,3,6,0.6437291897891232,0.3591222393840253,ok,
2011_000638,3,6112,0.12181122448979592,10-20%,6112,2987,47189,0.12952171056814088,71,0,223,57,0.3790849673202614,tall,True,True,True,cmt_s,random_init,4,0,0.5819698952879581,0.6946277288891156,ok,
2011_000780,1,16130,0.321468431122449,20-40%,16130,15556,34620,0.46591565569035237,0,0,210,163,0.7772511848341233,square,True,True,True,cmt_s,random_init,2,2,0.6675139491630502,0.926948385518666,ok,
2011_000834,4,1880,0.03746811224489796,2-5%,1880,2509,47667,0.03944028363438018,93,17,149,76,1.0526315789473684,square,True,True,True,cmt_s,random_init,3,1,0.8058510638297872,0.6387993994322194,ok,
2011_000944,1,42904,0.8550701530612245,>=40%,42904,2221,47955,0.8946720884162236,0,0,202,223,1.103448275862069,square,True,True,True,cmt_s,random_init,3,3,0.8832043632295357,0.9334458486920678,ok,
2011_000973,1,13115,0.26137994260204084,20-40%,13115,1463,48713,0.26922997967688295,31,21,208,160,0.7865168539325843,square,True,True,True,cmt_s,random_init,4,3,0.5443385436523065,0.7000083755526733,ok,
2011_001027,4,2020,0.04025829081632653,2-5%,2020,6473,43703,0.04622108322083152,57,0,114,119,2.0689655172413794,wide,True,True,True,cmt_s,random_init,2,3,0.4648514851485149,0.38310501838034844,ok,
2011_001060,2,3089,0.06156329719387755,5-10%,3089,6110,44066,0.07009939636000545,36,139,179,186,0.3333333333333333,tall,True,True,True,cmt_s,random_init,2,5,0.6001942376173519,0.5405138572835811,ok,
2011_001071,3,12496,0.24904336734693877,20-40%,12496,2942,47234,0.26455519329296695,23,0,223,111,0.5572139303482587,tall,True,True,True,cmt_s,random_init,4,1,0.6458066581306018,0.8258685108377963,ok,
2011_001135,1,11688,0.23294005102040816,20-40%,11688,2068,48108,0.24295335495135945,42,7,213,157,0.877906976744186,square,True,True,True,cmt_s,random_init,3,2,0.6279945242984257,0.8074216519765386,ok,
2011_001139,2,3228,0.06433354591836735,5-10%,3228,2693,47483,0.06798222521744625,24,12,132,94,0.7614678899082569,square,True,True,True,cmt_s,random_init,2,1,0.6725526641883519,0.6097819018144333,ok,
2011_001161,1,1574,0.031369579081632654,2-5%,1574,623,49553,0.031763969890823966,90,73,152,114,0.6666666666666666,tall,True,True,True,cmt_s,random_init,3,2,0.3843710292249047,0.22060305556243368,ok,
2011_001175,4,1326,0.026426977040816327,2-5%,1326,9497,40679,0.03259667150126601,127,160,174,200,0.8541666666666666,square,True,True,True,cmt_s,random_init,4,5,0.773001508295626,0.5367599550900529,ok,
2011_001211,1,22439,0.4472058354591837,>=40%,22439,2085,48091,0.466594581106652,0,28,223,180,0.6830357142857143,square,True,True,True,cmt_s,random_init,3,3,0.5555060385935202,0.8371517693482644,ok,
2011_001292,1,23142,0.46121651785714285,>=40%,23142,1475,48701,0.47518531446992873,33,34,206,223,1.0919540229885059,square,True,True,True,cmt_s,random_init,3,4,0.7169216143807795,0.9310887631814883,ok,
2011_001346,3,1663,0.03314333545918367,2-5%,1663,6989,43187,0.038506958112394934,146,25,223,155,1.6794871794871795,wide,True,True,True,cmt_s,random_init,5,2,0.4756464221286831,0.36123769070941136,ok,
2011_001350,1,1599,0.03186782525510204,2-5%,1599,1851,48325,0.033088463528194514,133,114,179,191,1.6595744680851063,wide,True,True,True,cmt_s,random_init,4,4,0.5340838023764853,0.41266074022348226,ok,
2011_001350,2,7903,0.15750558035714285,10-20%,7903,1851,48325,0.16353854112778066,77,81,179,217,1.3300970873786409,square,True,True,True,cmt_s,random_init,3,4,0.6439326837909655,0.7851991267545384,ok,
2011_001412,5,1081,0.021544164540816327,2-5%,1081,6346,43830,0.02466347250741501,62,157,171,223,0.6090909090909091,tall,True,True,True,cmt_s,random_init,2,6,0.6086956521739131,0.42906765127176627,ok,
2011_001546,1,5582,0.1112484056122449,10-20%,5582,1887,48289,0.11559568431733935,73,70,177,180,1.0571428571428572,square,True,True,True,cmt_s,random_init,3,4,0.7284127552848442,0.8215387365643378,ok,
2011_001567,5,1761,0.03509646045918367,2-5%,1761,5873,44303,0.03974900119630725,67,107,157,146,0.43956043956043955,tall,True,True,True,cmt_s,random_init,3,3,0.5383304940374787,0.36496939669975975,ok,
2011_001597,1,25364,0.505500637755102,>=40%,25364,4546,45630,0.5558623712469867,0,0,223,164,0.7366071428571429,square,True,True,True,cmt_s,random_init,3,2,0.7039504809966882,0.9385481292045486,ok,
2011_001642,1,21020,0.41892538265306123,>=40%,21020,4069,46107,0.45589606784219316,7,43,201,189,0.7538461538461538,square,True,True,True,cmt_s,random_init,3,3,0.6106089438629876,0.8242574003761538,ok,
2011_001653,3,3326,0.06628667091836735,5-10%,3326,5007,45169,0.0736345723837145,131,70,185,158,1.6181818181818182,wide,True,True,True,cmt_s,random_init,5,3,0.579374624173181,0.5204167211830915,ok,
2011_001714,2,20982,0.41816804846938777,>=40%,20982,11687,38489,0.5451427680636026,0,13,223,223,0.9419642857142857,square,True,True,True,cmt_s,random_init,3,2,0.6261557525498046,0.8982254385129798,ok,
2011_001722,1,12367,0.24647241709183673,20-40%,12367,3950,46226,0.26753342274910225,35,0,209,223,1.28,square,True,True,True,cmt_s,random_init,3,4,0.511280019406485,0.7194510237875914,ok,
2011_001775,1,46497,0.9266780931122449,>=40%,46497,1775,48401,0.9606619697940125,0,0,223,223,1.0,square,True,True,True,cmt_s,random_init,3,3,0.9653095898660129,0.9967196897187566,ok,
2011_001855,1,33583,0.669304049744898,>=40%,33583,16593,33583,1.0,5,1,223,218,0.9954337899543378,square,True,True,True,cmt_s,random_init,3,3,1.0,1.0,ok,
2011_001862,5,4110,0.08191167091836735,5-10%,4110,2360,47816,0.08595449222017734,152,0,223,113,1.5833333333333333,wide,True,True,True,cmt_s,random_init,6,1,0.5759124087591241,0.6456158642028771,ok,
2011_001922,2,4877,0.09719786352040816,5-10%,4877,11570,38606,0.12632751385794955,123,18,207,220,2.388235294117647,wide,True,True,True,cmt_s,random_init,5,2,0.4297724010662292,0.5242953142273172,ok,
2011_001924,1,1492,0.029735331632653062,2-5%,1492,728,49448,0.030173111147063583,67,41,131,107,1.0307692307692307,square,True,True,True,cmt_s,random_init,2,2,0.43699731903485256,0.2666218318979064,ok,
2011_001967,1,11881,0.23678651147959184,20-40%,11881,2884,47292,0.25122642307367,0,18,211,212,0.9198113207547169,square,True,True,True,cmt_s,random_init,3,2,0.48623853211009177,0.7754566148005496,ok,
2011_002002,4,3325,0.06626674107142858,5-10%,3325,3747,46429,0.07161472355639795,50,148,176,212,0.5118110236220472,tall,True,True,True,cmt_s,random_init,3,5,0.5500751879699248,0.45548470885009346,ok,
2011_002040,1,18454,0.36778539540816324,20-40%,18454,1700,48476,0.38068322468850563,17,2,217,216,1.0696517412935322,square,True,True,True,cmt_s,random_init,3,3,0.6275604205050396,0.889267852751006,ok,
2011_002064,4,1102,0.02196269132653061,2-5%,1102,10769,39407,0.02796457482173218,42,190,83,223,0.8095238095238095,square,True,True,True,cmt_s,random_init,1,6,0.46007259528130673,0.3299414439834385,ok,
2011_002110,2,2531,0.05044244260204082,5-10%,2531,9543,40633,0.06228927226638446,0,166,116,223,0.49572649572649574,tall,True,True,True,cmt_s,random_init,1,5,0.5250888976689055,0.7074662893525775,ok,
2011_002119,2,1409,0.028081154336734693,2-5%,1409,4399,45777,0.030779649168796556,85,54,147,111,0.9206349206349206,square,True,True,True,cmt_s,random_init,3,2,0.6224272533711852,0.3438805176042114,ok,
2011_002119,3,752,0.014987244897959183,<2%,752,4399,45777,0.01642746357341023,102,123,137,164,1.1666666666666667,square,True,True,True,cmt_s,random_init,3,4,0.4521276595744681,0.20729223024782403,ok,
2011_002135,3,1002,0.019969706632653062,<2%,1002,7644,42532,0.02355873224865983,0,86,28,167,2.8275862068965516,wide,True,True,True,cmt_s,random_init,0,4,0.7475049900199601,0.4035546138978811,ok,
2011_002178,1,32344,0.6446109693877551,>=40%,32344,5574,44602,0.7251692749204072,18,0,223,223,1.087378640776699,square,True,True,True,cmt_s,random_init,3,3,0.7787843185753154,0.9464581671232245,ok,
2011_002222,1,2245,0.04474250637755102,2-5%,2245,1781,48395,0.04638908978200227,74,33,163,181,1.6555555555555554,wide,True,True,True,cmt_s,random_init,4,3,0.4503340757238307,0.35635422371010417,ok,
2011_002247,1,28246,0.5629384566326531,>=40%,28246,3658,46518,0.6072058128036459,0,0,184,223,1.2108108108108109,square,True,True,True,cmt_s,random_init,2,4,0.6566239467535226,0.9254454832527895,ok,
2011_002279,1,28919,0.5763512436224489,>=40%,28919,2322,47854,0.6043172984494504,0,0,190,223,1.1727748691099475,square,True,True,True,cmt_s,random_init,2,3,0.6415851170510737,0.8945157811531739,ok,
2011_002291,1,10150,0.20228794642857142,20-40%,10150,2248,47928,0.21177599732932734,75,0,138,223,3.5,wide,True,True,True,cmt_s,random_init,3,3,0.4923152709359606,0.7282310426623387,ok,
2011_002308,1,23784,0.47401147959183676,>=40%,23784,1330,48846,0.48691806903328827,3,37,223,194,0.7149321266968326,square,True,True,True,cmt_s,random_init,4,3,0.7761099899091827,0.9350160985899647,ok,
2011_002335,5,961,0.019152582908163265,<2%,961,2787,47389,0.02027896769292452,79,0,119,80,1.975609756097561,wide,True,True,True,cmt_s,random_init,3,1,0.5286160249739854,0.30994679838466244,ok,
2011_002358,3,3081,0.061403858418367346,5-10%,3081,5225,44951,0.06854130052724078,66,0,214,66,0.44966442953020136,tall,True,True,True,cmt_s,random_init,3,0,0.5283998701720221,0.5919377173431578,ok,
2011_002358,5,1676,0.03340242346938776,2-5%,1676,5225,44951,0.03728504371426664,47,90,99,139,0.9433962264150944,square,True,True,True,cmt_s,random_init,2,3,0.6229116945107399,0.39066099389906483,ok,
2011_002391,3,1453,0.028958067602040817,2-5%,1453,5663,44513,0.032642149484420284,197,115,223,223,4.037037037037037,wide,True,True,True,cmt_s,random_init,6,6,0.5560908465244322,0.47434399205416133,ok,
2011_002398,1,13738,0.27379623724489793,20-40%,13738,2747,47429,0.2896540091505197,36,51,176,214,1.1631205673758864,square,True,True,True,cmt_s,random_init,3,4,0.5955015286067841,0.8223528493474817,ok,
2011_002504,1,1363,0.02716438137755102,2-5%,1363,677,49499,0.027535909816359925,79,92,125,181,1.9148936170212767,wide,True,True,True,cmt_s,random_init,3,4,0.5502567865003668,0.37354392980584994,ok,
2011_002511,3,3104,0.06186224489795918,5-10%,3104,5344,44832,0.06923625981441828,11,94,104,168,0.7978723404255319,square,True,True,True,cmt_s,random_init,1,4,0.7161726804123711,0.6658205498782779,ok,
2011_002575,3,6396,0.12747130102040816,10-20%,6396,9981,40195,0.15912426918770992,10,117,197,214,0.5212765957446809,tall,True,True,True,cmt_s,random_init,2,5,0.6372732958098811,0.7000492426389056,ok,
2011_002644,1,991,0.01975047831632653,<2%,991,3556,46620,0.021256971256971256,93,58,128,91,0.9444444444444444,square,True,True,True,cmt_s,random_init,3,2,0.6125126135216953,0.22838288402537776,ok,
2011_002675,1,8153,0.16248804209183673,10-20%,8153,3656,46520,0.1752579535683577,40,0,200,209,1.3043478260869565,square,True,True,True,cmt_s,random_init,2,3,0.48963571691401936,0.7410906777442275,ok,
2011_002812,2,869,0.01731903698979592,<2%,869,4560,45616,0.019050333216415295,164,0,208,32,0.7333333333333333,square,True,True,True,cmt_s,random_init,5,0,0.7410817031070196,0.4613822450004303,ok,
2011_002851,1,6457,0.12868702168367346,10-20%,6457,1267,48909,0.13202069148827414,75,0,142,223,3.2941176470588234,wide,True,True,True,cmt_s,random_init,3,3,0.339786278457488,0.32522352629531875,ok,
2011_002953,1,1483,0.02955596301020408,2-5%,1483,1701,48475,0.030593089221248065,82,0,157,38,0.5131578947368421,tall,True,True,True,cmt_s,random_init,3,0,0.7006068779501011,0.5091017172078979,ok,
2011_002953,2,12975,0.25858976403061223,20-40%,12975,1701,48475,0.26766374419804023,94,15,222,174,1.2403100775193798,square,True,True,True,cmt_s,random_init,4,3,0.6571098265895954,0.8305764186282368,ok,
2011_003057,1,27980,0.5576371173469388,>=40%,27980,2596,47580,0.5880622110130307,13,0,223,223,1.061611374407583,square,True,True,True,cmt_s,random_init,4,3,0.6880271622587563,0.9124191481832533,ok,
2011_003066,1,921,0.018355389030612245,<2%,921,6938,43238,0.021300707710809937,152,94,205,117,0.4444444444444444,tall,True,True,True,cmt_s,random_init,5,3,0.6026058631921825,0.3574853793680074,ok,
2011_003066,10,1163,0.02317841198979592,2-5%,1163,6938,43238,0.02689763633840603,21,0,105,52,0.6235294117647059,tall,True,True,True,cmt_s,random_init,1,0,0.645743766122098,0.5464286761644654,ok,
2011_003066,19,15636,0.31162308673469385,20-40%,15636,6938,43238,0.36162634719459735,128,24,223,223,2.0833333333333335,wide,True,True,True,cmt_s,random_init,5,4,0.591903300076746,0.8259421907779997,ok,
2011_003103,4,837,0.0166812818877551,<2%,837,4333,45843,0.018257967410509782,87,133,138,163,0.5961538461538461,tall,True,True,True,cmt_s,random_init,3,4,0.5830346475507766,0.3051556552383174,ok,
2011_003182,1,38579,0.7688735650510204,>=40%,38579,1645,48531,0.7949351960602502,20,0,223,223,1.0980392156862746,square,True,True,True,cmt_s,random_init,3,3,0.8605718136810182,0.9423709611170742,ok,
2011_003238,2,4113,0.08197146045918367,5-10%,4113,1718,48458,0.08487762598538941,65,71,223,154,0.5283018867924528,tall,True,True,True,cmt_s,random_init,4,4,0.39581813761244833,0.3773122837834808,ok,
2011_003256,2,5124,0.10212053571428571,10-20%,5124,2759,47417,0.10806250922664867,75,0,164,132,1.4777777777777779,square,True,True,True,cmt_s,random_init,3,1,0.5618657298985168,0.6401622520165987,ok,
2007_000032,1,2609,0.05199697066326531,5-10%,2609,2802,47374,0.055072402583695695,84,0,145,210,3.403225806451613,wide,True,True,True,vim_s,pretrained,6,6,0.17592947489459562,0.11712098449156667,ok,
2007_000061,1,3525,0.07025271045918367,5-10%,3525,2016,48160,0.07319352159468438,9,130,183,223,0.5371428571428571,tall,True,True,True,vim_s,pretrained,9,11,0.14695035460992908,0.09979761507925884,ok,
2007_000063,2,28004,0.5581154336734694,>=40%,28004,3202,46974,0.5961595776386938,0,9,223,215,0.9241071428571429,square,True,True,True,vim_s,pretrained,9,5,0.5918440222825311,0.5660898723904662,ok,
2007_000241,1,570,0.01136001275510204,<2%,570,1436,48740,0.011694706606483382,127,178,158,223,1.4375,square,True,True,True,vim_s,pretrained,9,12,0.007017543859649123,0.0170907141421601,ok,
2007_000241,3,975,0.01943160076530612,<2%,975,1436,48740,0.020004103405826836,85,113,124,163,1.275,square,True,True,True,vim_s,pretrained,7,8,0.07076923076923076,0.041198786217726754,ok,
2007_000243,1,935,0.0186344068877551,<2%,935,637,49539,0.018874018450110015,85,64,127,124,1.4186046511627908,square,True,True,True,vim_s,pretrained,6,6,0.0032085561497326204,0.028578524423995,ok,
2007_000256,1,6317,0.1258968431122449,10-20%,6317,2287,47889,0.131909206707177,64,0,147,223,2.6666666666666665,wide,True,True,True,vim_s,pretrained,7,4,0.03292702232072186,0.05892081622471468,ok,
2007_000346,1,5229,0.10421316964285714,10-20%,5229,2345,47831,0.10932240597102298,65,39,202,96,0.42028985507246375,tall,True,True,True,vim_s,pretrained,9,4,0.07133295085102315,0.071668750069715,ok,
2007_000346,2,16704,0.33290816326530615,20-40%,16704,2345,47831,0.3492295791432335,50,74,223,223,0.8620689655172413,square,True,True,True,vim_s,pretrained,8,9,0.4482758620689655,0.5274260442089265,ok,
2007_000720,1,3384,0.06744260204081633,5-10%,3384,1079,49097,0.06892478155488116,80,91,176,147,0.5876288659793815,tall,True,True,True,vim_s,pretrained,7,7,0.14598108747044916,0.10830352899037939,ok,
2007_000727,1,4702,0.09371014030612244,5-10%,4702,2481,47695,0.09858475731208723,156,53,216,161,1.7868852459016393,wide,True,True,True,vim_s,pretrained,11,6,0.521054870267971,0.4901859952997696,ok,
2007_000733,2,9467,0.18867586096938777,10-20%,9467,2795,47381,0.19980582934087504,104,52,223,223,1.4333333333333333,square,True,True,True,vim_s,pretrained,11,8,0.4448082813985423,0.4218423252467998,ok,
2007_000768,1,4628,0.09223533163265306,5-10%,4628,1407,48769,0.09489634808997519,63,178,170,223,0.42592592592592593,tall,True,True,True,vim_s,pretrained,7,12,0.20894554883318928,0.15883170771778132,ok,
2007_000799,2,6764,0.13480548469387754,10-20%,6764,2034,48142,0.14050101782227578,116,105,223,223,1.1018518518518519,square,True,True,True,vim_s,pretrained,11,11,0.3081017149615612,0.30043325811870036,ok,
2007_000876,1,21966,0.43777901785714285,>=40%,21966,2749,47427,0.46315389967739895,21,30,220,191,0.81,square,True,True,True,vim_s,pretrained,8,6,0.6148593280524447,0.7512971812711069,ok,
2007_001073,1,1050,0.020926339285714284,2-5%,1050,3319,46857,0.022408604904283244,106,0,145,48,1.225,square,True,True,True,vim_s,pretrained,7,1,0.26476190476190475,0.08670843081417645,ok,
2007_001239,2,5715,0.11389907525510204,10-20%,5715,3195,46981,0.1216449202869245,83,100,223,187,0.624113475177305,tall,True,True,True,vim_s,pretrained,9,9,0.37060367454068244,0.5454431423064338,ok,
2007_001299,3,2434,0.048509247448979595,2-5%,2434,3838,46338,0.05252708360309034,97,167,204,210,0.4074074074074074,tall,True,True,True,vim_s,pretrained,9,11,0.13311421528348397,0.09152064612554593,ok,
2007_001311,4,2302,0.04587850765306122,2-5%,2302,5807,44369,0.05188307151389484,134,60,223,148,0.9888888888888889,square,True,True,True,vim_s,pretrained,11,6,0.08688097306689835,0.08022670179427135,ok,
2007_001340,3,3959,0.07890226403061225,5-10%,3959,3801,46375,0.08536927223719677,85,62,222,113,0.37681159420289856,tall,True,True,True,vim_s,pretrained,9,5,0.125536751704976,0.09946168499782343,ok,
2007_001408,6,763,0.015206473214285714,<2%,763,2986,47190,0.01616867980504344,0,87,30,121,1.1290322580645162,square,True,True,True,vim_s,pretrained,0,6,0.32503276539973786,0.15522517772820224,ok,
2007_001430,2,3188,0.06353635204081633,5-10%,3188,3238,46938,0.0679193830158933,93,26,177,98,0.8588235294117647,square,True,True,True,vim_s,pretrained,8,4,0.26474278544542035,0.17892914370572527,ok,
2007_001430,4,7230,0.14409279336734693,10-20%,7230,3238,46938,0.15403297967531637,92,111,223,205,0.7196969696969697,square,True,True,True,vim_s,pretrained,10,10,0.41604426002766254,0.481919780333141,ok,
2007_001430,6,2100,0.04185267857142857,2-5%,2100,3238,46938,0.04473986961523712,0,153,47,208,1.1666666666666667,square,True,True,True,vim_s,pretrained,1,11,0.13904761904761906,0.10864503014839086,ok,
2007_001458,1,16567,0.33017777423469385,20-40%,16567,1605,48571,0.34108830372032695,84,17,200,204,1.606837606837607,wide,True,True,True,vim_s,pretrained,8,6,0.5004527071889902,0.5164662170290456,ok,
2007_001594,1,835,0.016641422193877552,<2%,835,2767,47409,0.017612689573709633,102,127,137,165,1.0833333333333333,square,True,True,True,vim_s,pretrained,7,9,0.46347305389221555,0.1634751572333761,ok,
2007_001595,1,6939,0.13829320790816327,10-20%,6939,1274,48902,0.14189603697190298,97,123,178,223,1.2317073170731707,square,True,True,True,vim_s,pretrained,8,10,0.2788586251621271,0.2391456306611466,ok,
2007_001717,2,4077,0.08125398596938775,5-10%,4077,2931,47245,0.08629484601545137,88,178,223,223,0.3382352941176471,tall,True,True,True,vim_s,pretrained,9,13,0.2102035810645082,0.18480629763993514,ok,
2007_001763,3,14795,0.2948620854591837,20-40%,14795,2209,47967,0.3084412200054204,26,0,223,223,1.1313131313131313,square,True,True,True,vim_s,pretrained,4,7,0.5545116593443731,0.6715520744138571,ok,
2007_001857,1,38087,0.7590680803571429,>=40%,38087,1568,48608,0.7835541474654378,7,0,223,223,1.032258064516129,square,True,True,True,vim_s,pretrained,8,6,0.8387638826896316,0.9853393227699149,ok,
2007_001857,3,2768,0.055165816326530615,5-10%,2768,1568,48608,0.056945358788676764,0,157,72,210,0.7397260273972602,square,True,True,True,vim_s,pretrained,2,11,0.09609826589595376,0.07859045051485752,ok,
2007_001857,5,1631,0.032505580357142856,2-5%,1631,1568,48608,0.033554147465437785,0,63,59,103,0.6833333333333333,square,True,True,True,vim_s,pretrained,1,5,0.08706315144083385,0.060056608467866916,ok,
2007_001884,3,977,0.019471460459183673,<2%,977,1933,48243,0.020251642725369483,128,148,144,208,3.588235294117647,wide,True,True,True,vim_s,pretrained,8,11,0.0010235414534288639,0.02158115801665508,ok,
2007_001901,4,1489,0.029675542091836735,2-5%,1489,3837,46339,0.032132760741492045,126,141,205,183,0.5375,tall,True,True,True,vim_s,pretrained,9,9,0.0745466756212223,0.053141367329162637,ok,
2007_002046,2,15524,0.309390943877551,20-40%,15524,2364,47812,0.32468836275412033,22,0,202,130,0.7237569060773481,square,True,True,True,vim_s,pretrained,6,4,0.4850553980932749,0.5524117517857047,ok,
2007_002055,1,2047,0.04079639668367347,2-5%,2047,2555,47621,0.042985237605258186,150,0,222,51,0.7123287671232876,square,True,True,True,vim_s,pretrained,11,1,0.5207620908646801,0.3884261231837081,ok,
2007_002055,2,4884,0.0973373724489796,5-10%,4884,2555,47621,0.10255979504840301,87,2,223,97,0.7007299270072993,square,True,True,True,vim_s,pretrained,9,3,0.2725225225225225,0.20453477174661186,ok,
2007_002088,1,32167,0.6410833864795918,>=40%,32167,1856,48320,0.6657077814569536,16,0,223,223,1.0769230769230769,square,True,True,True,vim_s,pretrained,8,6,0.7878260328908508,0.897304666660019,ok,
2007_002120,1,927,0.0184749681122449,<2%,927,2409,47767,0.019406703372621265,23,101,53,170,2.2580645161290325,wide,True,True,True,vim_s,pretrained,2,7,0.267529665587918,0.13500776341038498,ok,
2007_002216,2,23599,0.47032445790816324,>=40%,23599,1760,48416,0.4874215135492399,67,0,210,206,1.4375,square,True,True,True,vim_s,pretrained,8,6,0.4234077715157422,0.580598175262111,ok,
2007_002234,2,645,0.012854751275510204,<2%,645,1702,48474,0.013306102240376285,69,0,93,40,1.64,wide,True,True,True,vim_s,pretrained,5,0,0.14728682170542637,0.052651114150299244,ok,
2007_002284,4,823,0.016402264030612245,<2%,823,2323,47853,0.017198503751070987,0,102,37,130,0.7631578947368421,square,True,True,True,vim_s,pretrained,1,7,0.1652490886998785,0.06568151164194708,ok,
2007_002293,1,21109,0.42069913903061223,>=40%,21109,1864,48312,0.43693078324225865,0,0,223,174,0.78125,square,True,True,True,vim_s,pretrained,7,3,0.43564356435643564,0.39401619002122895,ok,
2007_002368,2,1996,0.03977997448979592,2-5%,1996,3660,46516,0.04290996646315246,159,192,223,223,0.49230769230769234,tall,True,True,True,vim_s,pretrained,11,13,0.07665330661322645,0.07143072369354103,ok,
2007_002488,1,3031,0.06040736607142857,5-10%,3031,5841,44335,0.06836585090786061,10,67,176,155,0.5329341317365269,tall,True,True,True,vim_s,pretrained,5,7,0.2048828769383042,0.14628481588657333,ok,
2007_002539,1,43265,0.8622648278061225,>=40%,43265,1230,48946,0.8839333142646999,0,0,222,223,1.0044843049327354,square,True,True,True,vim_s,pretrained,6,5,0.871443430024269,0.8081180859775794,ok,
2007_002668,1,6318,0.1259167729591837,10-20%,6318,2467,47709,0.13242784380305603,186,17,223,223,5.447368421052632,wide,True,True,True,vim_s,pretrained,13,7,0.3458372902817347,0.3337925792484704,ok,
2007_002760,2,21822,0.43490911989795916,>=40%,21822,1937,48239,0.45237256162026573,4,0,197,136,0.7061855670103093,square,True,True,True,vim_s,pretrained,6,3,0.44056456786728987,0.4217207678389644,ok,
2007_002789,2,1372,0.02734375,2-5%,1372,1595,48581,0.02824149358802824,99,0,149,55,1.0980392156862746,square,True,True,True,vim_s,pretrained,7,1,0.10860058309037901,0.07538319292406444,ok,
2007_002896,1,6290,0.12535873724489796,10-20%,6290,1977,48199,0.13050063279321147,6,70,209,148,0.3872549019607843,tall,True,True,True,vim_s,pretrained,5,6,0.5414944356120827,0.5623257215211511,ok,
2007_002903,1,35791,0.7133091517857143,>=40%,35791,2377,47799,0.7487813552584782,13,0,219,223,1.0821256038647342,square,True,True,True,vim_s,pretrained,7,6,0.8074655639685955,0.8895693555033464,ok,
2007_002953,1,1882,0.03750797193877551,2-5%,1882,3475,46701,0.04029892293526905,63,0,196,16,0.12686567164179105,tall,True,True,True,vim_s,pretrained,8,0,0.2545164718384697,0.14102735036382572,ok,
2007_002953,5,1147,0.02285953443877551,2-5%,1147,3475,46701,0.024560501916447184,38,17,75,56,1.0526315789473684,square,True,True,True,vim_s,pretrained,3,2,0.16826503923278116,0.086200927981617,ok,
2007_003022,1,7396,0.1474011479591837,10-20%,7396,3575,46601,0.15870904057852836,57,48,193,223,1.2846715328467153,square,True,True,True,vim_s,pretrained,7,8,0.2902920497566252,0.16708792771864595,ok,
2007_003051,1,8921,0.1777941645408163,10-20%,8921,982,49194,0.18134325324226533,56,0,138,133,1.6144578313253013,wide,True,True,True,vim_s,pretrained,6,3,0.1530097522699249,0.1772279248037947,ok,
2007_003101,3,14896,0.296875,20-40%,14896,1861,48315,0.30831004863913897,0,0,199,84,0.425,tall,True,True,True,vim_s,pretrained,6,2,0.36009667024704617,0.3590307896466777,ok,
2007_003118,1,1490,0.02969547193877551,2-5%,1490,2677,47499,0.03136908145434641,15,85,72,135,0.8793103448275862,square,True,True,True,vim_s,pretrained,2,6,0.3516778523489933,0.17728445078379743,ok,
2007_003118,4,18444,0.36758609693877553,20-40%,18444,2677,47499,0.38830291164024505,49,29,223,204,1.0057142857142858,square,True,True,True,vim_s,pretrained,9,6,0.4511494252873563,0.4798489911989711,ok,
2007_003131,1,1544,0.03077168367346939,2-5%,1544,638,49538,0.031167992248374986,150,172,219,217,0.6571428571428571,tall,True,True,True,vim_s,pretrained,12,12,0.09974093264248704,0.06199506767592854,ok,
2007_003134,2,5961,0.11880181760204081,10-20%,5961,3586,46590,0.12794591113972956,45,61,173,140,0.6201550387596899,tall,True,True,True,vim_s,pretrained,6,5,0.1902365374937091,0.17683684964658275,ok,
2007_003189,2,1134,0.022600446428571428,2-5%,1134,1947,48229,0.023512824234381804,19,82,122,136,0.5288461538461539,tall,True,True,True,vim_s,pretrained,3,6,0.06613756613756613,0.053193076747995345,ok,
2007_003190,1,2678,0.05337213010204082,5-10%,2678,3753,46423,0.057686922430691685,0,59,84,168,1.2941176470588236,square,True,True,True,vim_s,pretrained,1,5,0.43054518297236744,0.2524882222071393,ok,
2007_003201,1,4751,0.09468670280612244,5-10%,4751,4201,45975,0.10333877107123436,38,0,179,49,0.352112676056338,tall,True,True,True,vim_s,pretrained,6,1,0.328141443906546,0.27370167310343596,ok,
2007_003201,2,20600,0.41055484693877553,>=40%,20600,4201,45975,0.4480696030451332,20,32,209,223,1.0105263157894737,square,True,True,True,vim_s,pretrained,5,8,0.6398543689320388,0.8592320935231276,ok,
2007_003207,9,2079,0.04143415178571429,2-5%,2079,3449,46727,0.04449247758255399,83,150,167,181,0.3764705882352941,tall,True,True,True,vim_s,pretrained,8,10,0.27946127946127947,0.13081107427272812,ok,
2007_003251,4,1296,0.025829081632653062,2-5%,1296,4492,45684,0.028368794326241134,106,29,195,91,0.7,square,True,True,True,vim_s,pretrained,9,3,0.19598765432098766,0.09470462817583251,ok,
2007_003367,3,901,0.017956792091836735,<2%,901,3657,46519,0.019368430103828542,127,0,177,25,0.5098039215686274,tall,True,True,True,vim_s,pretrained,9,0,0.3018867924528302,0.09961805480487618,ok,
2007_003451,1,3878,0.07728794642857142,5-10%,3878,1762,48414,0.08010079729004008,105,104,151,215,2.382978723404255,wide,True,True,True,vim_s,pretrained,7,9,0.5446106240330068,0.4095584628939031,ok,
2007_003580,1,31141,0.6206353635204082,>=40%,31141,1762,48414,0.643223034659396,0,0,223,198,0.8883928571428571,square,True,True,True,vim_s,pretrained,7,6,0.6708198195305225,0.7109371768826271,ok,
2007_003711,2,20428,0.40712691326530615,>=40%,20428,1643,48533,0.4209094842684359,49,59,194,223,1.13013698630137,square,True,True,True,vim_s,pretrained,7,8,0.47762874485999607,0.4871626960137132,ok,
2007_003778,1,13727,0.27357700892857145,20-40%,13727,3127,47049,0.29175965482794536,30,18,206,197,1.0169491525423728,square,True,True,True,vim_s,pretrained,7,7,0.4033656297807241,0.4253531901421282,ok,
2007_003815,1,6980,0.13911033163265307,10-20%,6980,2124,48052,0.14525930242237575,74,70,138,223,2.3692307692307693,wide,True,True,True,vim_s,pretrained,6,8,0.18094555873925502,0.1826110614190604,ok,
2007_004081,1,2169,0.04322783801020408,2-5%,2169,5393,44783,0.04843355737668312,57,70,121,159,1.3846153846153846,square,True,True,True,vim_s,pretrained,4,6,0.3273397879207008,0.18224480893717088,ok,
2007_004121,3,994,0.019810267857142856,<2%,994,1822,48354,0.020556727468254953,96,55,147,93,0.75,square,True,True,True,vim_s,pretrained,7,4,0.31891348088531185,0.10125515762334471,ok,
2007_004537,4,1619,0.03226642219387755,2-5%,1619,7559,42617,0.037989534692728255,53,50,118,167,1.7878787878787878,wide,True,True,True,vim_s,pretrained,4,8,0.1352686843730698,0.0628879856155038,ok,
2007_004558,2,870,0.017338966836734693,<2%,870,2181,47995,0.01812688821752266,61,87,99,119,0.8461538461538461,square,True,True,True,vim_s,pretrained,5,6,0.05747126436781609,0.044223962308689566,ok,
2007_004649,2,894,0.017817283163265307,<2%,894,2187,47989,0.018629269207526725,90,204,137,223,0.4166666666666667,tall,True,True,True,vim_s,pretrained,7,13,0.15100671140939598,0.04891997363344374,ok,
2007_004707,1,879,0.017518335459183673,<2%,879,1199,48977,0.01794719970598444,175,147,223,191,0.9183673469387755,square,True,True,True,vim_s,pretrained,12,10,0.09783845278725825,0.04070105863335097,ok,
2007_004856,1,26887,0.5358537946428571,>=40%,26887,1539,48637,0.5528095894072415,0,24,223,199,0.7857142857142857,square,True,True,True,vim_s,pretrained,7,6,0.46617324357496187,0.3849191332329364,ok,
2007_005074,1,10711,0.2134685905612245,20-40%,10711,2530,47646,0.22480376107123368,0,0,193,200,1.0360824742268042,square,True,True,True,vim_s,pretrained,9,5,0.3391840164317057,0.3268326170827113,ok,
2007_005130,1,5057,0.10078523596938775,10-20%,5057,968,49208,0.10276784262721508,60,52,192,147,0.7218045112781954,square,True,True,True,vim_s,pretrained,7,6,0.41348625667391736,0.32724226573458354,ok,
2007_005173,12,990,0.019730548469387755,<2%,990,6789,43387,0.022817894761103557,1,189,56,221,0.5892857142857143,tall,True,True,True,vim_s,pretrained,1,12,0.36464646464646466,0.22119256953553704,ok,
2007_005173,14,1217,0.024254623724489797,2-5%,1217,6789,43387,0.028049876691174775,0,51,59,80,0.5,tall,True,True,True,vim_s,pretrained,1,4,0.2276088742810189,0.25707579786252904,ok,
2007_005173,16,624,0.012436224489795918,<2%,624,6789,43387,0.014382188213059212,1,2,36,28,0.75,square,True,True,True,vim_s,pretrained,0,0,0.27403846153846156,0.08507926497738445,ok,
2007_005212,1,1030,0.020527742346938774,2-5%,1030,1721,48455,0.021256836239810135,137,182,175,223,1.0769230769230769,square,True,True,True,vim_s,pretrained,9,12,0.1679611650485437,0.09352410643344669,ok,
2007_005266,2,680,0.013552295918367346,<2%,680,3149,47027,0.014459778425160014,97,68,142,112,0.9782608695652174,square,True,True,True,vim_s,pretrained,7,5,0.3397058823529412,0.07074183355215889,ok,
2007_005266,3,830,0.016541772959183673,<2%,830,3149,47027,0.017649435430710018,95,140,142,190,1.0625,square,True,True,True,vim_s,pretrained,6,10,0.29156626506024097,0.08753192831531288,ok,
2007_005281,2,1170,0.023317920918367346,2-5%,1170,3659,46517,0.025152094933035236,65,92,158,127,0.3829787234042553,tall,True,True,True,vim_s,pretrained,6,7,0.0,0.018940951836623737,ok,
2007_005294,1,23045,0.4592833227040816,>=40%,23045,1223,48953,0.47075766551590303,0,45,223,223,0.7991071428571429,square,True,True,True,vim_s,pretrained,7,8,0.650423085267954,0.6842924458342045,ok,
2007_005296,2,860,0.017139668367346938,<2%,860,889,49287,0.01744882017570556,162,0,203,26,0.6428571428571429,tall,True,True,True,vim_s,pretrained,11,0,0.21395348837209302,0.09132251979746528,ok,
2007_005331,2,3114,0.06206154336734694,5-10%,3114,5012,45164,0.06894872021964396,3,97,152,168,0.48,tall,True,True,True,vim_s,pretrained,4,8,0.27199743095696854,0.2019611274708511,ok,
2007_005331,3,934,0.018614477040816327,<2%,934,5012,45164,0.020680187760162963,10,62,35,107,1.7692307692307692,wide,True,True,True,vim_s,pretrained,1,5,0.21413276231263384,0.07228581945558835,ok,
2007_005331,5,713,0.01420998086734694,<2%,713,5012,45164,0.01578690992826145,7,0,38,26,0.84375,square,True,True,True,vim_s,pretrained,1,0,0.20476858345021037,0.07404569637186721,ok,
2007_005354,2,9703,0.19337930484693877,10-20%,9703,2514,47662,0.2035793714069909,60,0,223,96,0.5914634146341463,tall,True,True,True,vim_s,pretrained,9,2,0.29794908791095537,0.2463339546495169,ok,
2007_005360,1,16628,0.33139349489795916,20-40%,16628,1928,48248,0.3446360470900348,66,0,162,223,2.3092783505154637,wide,True,True,True,vim_s,pretrained,7,7,0.48358191003127254,0.5944632269496812,ok,
2007_005368,2,31652,0.6308195153061225,>=40%,31652,3510,46666,0.6782668323833198,0,20,223,214,0.8705357142857143,square,True,True,True,vim_s,pretrained,6,7,0.6562618475925692,0.6555353325763122,ok,
2007_005702,2,15544,0.30978954081632654,20-40%,15544,5263,44913,0.34609133213100884,0,46,223,219,0.7767857142857143,square,True,True,True,vim_s,pretrained,5,9,0.2341739577972208,0.24450462999578323,ok,
2007_005797,3,2227,0.04438376913265306,2-5%,2227,3398,46778,0.047607849843943735,0,17,80,60,0.5432098765432098,tall,True,True,True,vim_s,pretrained,2,2,0.2537045352492142,0.15024267876977396,ok,
2007_005813,2,1241,0.02473294005102041,2-5%,1241,4296,45880,0.02704882301656495,108,73,175,135,0.9264705882352942,square,True,True,True,vim_s,pretrained,9,7,0.010475423045930701,0.03449025966500046,ok,
2007_005845,1,5872,0.11702806122448979,10-20%,5872,1676,48500,0.1210721649484536,148,0,223,119,1.5789473684210527,wide,True,True,True,vim_s,pretrained,11,3,0.3583106267029973,0.2399588156978068,ok,
2007_005911,1,30411,0.606086575255102,>=40%,30411,1095,49081,0.6196084024367882,32,0,186,223,1.4451612903225806,square,True,True,True,vim_s,pretrained,6,7,0.5801190358751768,0.5587986006914557,ok,
2007_005951,2,2821,0.05622209821428571,5-10%,2821,2184,47992,0.0587806301050175,23,169,164,223,0.3873239436619718,tall,True,True,True,vim_s,pretrained,5,13,0.11449840482098547,0.08464471279826263,ok,
2007_005989,2,2692,0.05365114795918367,5-10%,2692,2303,47873,0.056232114135316355,58,100,153,169,0.7291666666666666,square,True,True,True,vim_s,pretrained,6,8,0.24331352154531946,0.14677925041019985,ok,
2007_006151,2,2594,0.05169802295918367,5-10%,2594,5286,44890,0.05778569837380263,59,34,180,87,0.4426229508196721,tall,True,True,True,vim_s,pretrained,7,3,0.10447185813415574,0.08995220817823571,ok,
2007_006277,1,20518,0.4089205994897959,>=40%,20518,1520,48656,0.4216951660637948,45,1,189,223,1.5379310344827586,wide,True,True,True,vim_s,pretrained,7,7,0.23013938980407447,0.24088021224668812,ok,
2007_006409,2,938,0.018694196428571428,<2%,938,2113,48063,0.019516051848615358,84,0,150,29,0.44776119402985076,tall,True,True,True,vim_s,pretrained,8,0,0.1396588486140725,0.07968950244344776,ok,
2007_006660,1,5826,0.11611128826530612,10-20%,5826,2239,47937,0.12153451404969022,153,0,210,136,2.3620689655172415,wide,True,True,True,vim_s,pretrained,11,4,0.14915894267078614,0.15043653115126346,ok,
2007_006699,2,20378,0.4061304209183674,>=40%,20378,1376,48800,0.41758196721311475,0,23,124,223,1.608,wide,True,True,True,vim_s,pretrained,3,8,0.6404946510943174,0.7372365740465567,ok,
2007_006900,3,857,0.01707987882653061,<2%,857,2260,47916,0.01788546623257367,72,0,118,33,0.723404255319149,square,True,True,True,vim_s,pretrained,5,0,0.03617269544924154,0.036825196996959415,ok,
2007_006944,1,6142,0.12240911989795919,10-20%,6142,2806,47370,0.1296601224403631,106,0,194,85,0.9662921348314607,square,True,True,True,vim_s,pretrained,9,2,0.4135460761966786,0.3263194118898373,ok,
2007_007007,3,7910,0.15764508928571427,10-20%,7910,4891,45285,0.1746715247874572,114,107,223,223,1.0636363636363637,square,True,True,True,vim_s,pretrained,10,11,0.500126422250316,0.4482202361731748,ok,
2007_007109,1,24653,0.4913305165816326,>=40%,24653,3328,46848,0.5262337773224044,1,46,223,223,0.7982062780269058,square,True,True,True,vim_s,pretrained,6,8,0.6429643451101286,0.7133908414022103,ok,
2007_007130,2,1355,0.027004942602040817,2-5%,1355,3469,46707,0.029010640803305714,48,99,93,136,0.8260869565217391,square,True,True,True,vim_s,pretrained,4,7,0.16088560885608857,0.11022957011960058,ok,
2007_007154,1,16187,0.32260443239795916,20-40%,16187,1669,48507,0.33370441379594695,0,42,223,151,0.49107142857142855,tall,True,True,True,vim_s,pretrained,7,6,0.2533514548711929,0.23070127908429386,ok,
2007_007165,1,2705,0.05391023596938776,5-10%,2705,782,49394,0.054763736486212904,182,115,223,215,2.4047619047619047,wide,True,True,True,vim_s,pretrained,12,10,0.5759704251386322,0.35112852781105647,ok,
2007_007168,1,23856,0.47544642857142855,>=40%,23856,2610,47566,0.5015347096665685,24,29,214,223,1.0209424083769634,square,True,True,True,vim_s,pretrained,8,7,0.3608316566063045,0.1441534498010556,ok,
2007_007230,1,3555,0.07085060586734694,5-10%,3555,1956,48220,0.07372459560348403,75,122,172,177,0.5714285714285714,tall,True,True,True,vim_s,pretrained,7,9,0.40253164556962023,0.2343401110880105,ok,
2007_007235,1,3738,0.07449776785714286,5-10%,3738,6870,43306,0.08631598392832401,81,37,185,190,1.4666666666666666,square,True,True,True,vim_s,pretrained,9,8,0.05591225254146603,0.06933566135460904,ok,
2007_007414,2,5631,0.1122249681122449,10-20%,5631,1033,49143,0.11458396923264758,74,72,133,204,2.216666666666667,wide,True,True,True,vim_s,pretrained,6,8,0.25004439708755105,0.43456639251792456,ok,
2007_007415,2,13864,0.2763073979591837,20-40%,13864,2225,47951,0.2891284853287731,62,0,168,223,2.0934579439252334,wide,True,True,True,vim_s,pretrained,7,6,0.3879832660126947,0.41791201855651505,ok,
2007_007498,2,22914,0.45667251275510207,>=40%,22914,6219,43957,0.5212821621129741,0,36,223,223,0.8392857142857143,square,True,True,True,vim_s,pretrained,9,9,0.6826394344069128,0.7883048283393369,ok,
2007_007534,1,10312,0.20551658163265307,20-40%,10312,2390,47786,0.21579542125308668,93,85,223,214,0.9923664122137404,square,True,True,True,vim_s,pretrained,10,10,0.6321761055081458,0.7752470694843548,ok,
2007_007621,1,2635,0.05251514668367347,5-10%,2635,1224,48952,0.053828239908481776,62,144,119,206,1.0862068965517242,square,True,True,True,vim_s,pretrained,5,10,0.15294117647058825,0.09938576533813884,ok,
2007_007688,1,30827,0.6143773915816326,>=40%,30827,2903,47273,0.6521058532354621,0,0,223,223,1.0,square,True,True,True,vim_s,pretrained,8,7,0.7341291724786713,0.7691506497956264,ok,
2007_007818,1,807,0.016083386479591837,<2%,807,1430,48746,0.01655520452960243,67,157,99,184,0.8484848484848485,square,True,True,True,vim_s,pretrained,5,10,0.2701363073110285,0.09064436660669924,ok,
2007_007836,3,1574,0.031369579081632654,2-5%,1574,4088,46088,0.03415205693455997,70,177,156,223,0.5402298850574713,tall,True,True,True,vim_s,pretrained,6,13,0.0,0.008077943728145756,ok,
2007_007902,2,7999,0.1594188456632653,10-20%,7999,2005,48171,0.1660542650142202,34,0,189,98,0.6346153846153846,tall,True,True,True,vim_s,pretrained,7,2,0.17139642455306914,0.15964571089654908,ok,
2007_007902,4,1839,0.03665098852040816,2-5%,1839,2005,48171,0.03817649623217288,29,0,90,79,1.2903225806451613,square,True,True,True,vim_s,pretrained,3,2,0.13539967373572595,0.07640063996523265,ok,
2007_007996,4,4149,0.0826889349489796,5-10%,4149,6816,43360,0.09568726937269373,145,76,223,182,1.3544303797468353,square,True,True,True,vim_s,pretrained,11,8,0.34345625451916123,0.3243493887923804,ok,
2007_008051,1,12269,0.24451929209183673,20-40%,12269,1198,48978,0.25050022459063254,67,42,223,174,0.8471337579617835,square,True,True,True,vim_s,pretrained,9,6,0.19211019643002689,0.18714432249696233,ok,
2007_008110,1,1282,0.025550063775510203,2-5%,1282,3815,46361,0.027652552792217597,87,58,131,122,1.4444444444444444,square,True,True,True,vim_s,pretrained,7,5,0.34321372854914195,0.14726287430921375,ok,
2007_008110,3,7106,0.14162149234693877,10-20%,7106,3815,46361,0.15327538232566165,49,36,223,142,0.6114285714285714,tall,True,True,True,vim_s,pretrained,8,5,0.25049254151421335,0.3077701943958049,ok,
2007_008110,4,1469,0.029276945153061226,2-5%,1469,3815,46361,0.03168611548499817,32,183,113,221,0.47560975609756095,tall,True,True,True,vim_s,pretrained,3,12,0.191286589516678,0.11096457468770474,ok,
2007_008204,2,9117,0.1817004145408163,10-20%,9117,1672,48504,0.18796387926768926,67,147,195,223,0.5968992248062015,tall,True,True,True,vim_s,pretrained,8,11,0.6175276955138752,0.7676927084536317,ok,
2007_008260,2,36692,0.7312659438775511,>=40%,36692,945,49231,0.7453027563933294,0,0,223,223,1.0,square,True,True,True,vim_s,pretrained,8,7,0.7369726370871035,0.727367035351455,ok,
2007_008407,2,872,0.017378826530612245,<2%,872,4812,45364,0.019222290803280133,94,170,129,197,0.7777777777777778,square,True,True,True,vim_s,pretrained,6,11,0.3176605504587156,0.13706442340968422,ok,
2007_008407,3,786,0.015664859693877552,<2%,786,4812,45364,0.017326514416718102,186,173,223,223,1.3421052631578947,square,True,True,True,vim_s,pretrained,12,12,0.4720101781170484,0.39766147946790353,ok,
2007_008526,5,1129,0.022500797193877552,2-5%,1129,2676,47500,0.023768421052631578,67,57,129,92,0.5714285714285714,tall,True,True,True,vim_s,pretrained,6,4,0.22586359610274578,0.07888367577334474,ok,
2007_008543,3,2964,0.059072066326530615,5-10%,2964,1455,48721,0.060836189733379856,180,103,223,223,2.75,wide,True,True,True,vim_s,pretrained,12,9,0.2479757085020243,0.2013901777702196,ok,
2007_008547,4,881,0.017558195153061226,<2%,881,6807,43369,0.020314049205653807,103,0,160,36,0.6379310344827587,tall,True,True,True,vim_s,pretrained,8,0,0.34506242905788875,0.10405364527020837,ok,
2007_008778,1,2211,0.044064891581632654,2-5%,2211,1373,48803,0.04530459193082392,1,182,88,215,0.38636363636363635,tall,True,True,True,vim_s,pretrained,2,12,0.3355947535052013,0.19960674484083005,ok,
2007_008778,2,3085,0.06148357780612245,5-10%,3085,1373,48803,0.06321332704956663,5,0,223,72,0.3333333333333333,tall,True,True,True,vim_s,pretrained,4,1,0.25575364667747164,0.21304878453067208,ok,
2007_008945,1,18217,0.36306202168367346,20-40%,18217,12468,37708,0.48310703299034685,124,0,223,223,2.24,wide,True,True,True,vim_s,pretrained,11,7,0.5293407256957786,0.3073799227571479,ok,
2007_008973,1,9117,0.1817004145408163,10-20%,9117,1514,48662,0.18735358185031442,31,127,182,223,0.6381578947368421,tall,True,True,True,vim_s,pretrained,6,11,0.41285510584622137,0.4816238516863179,ok,
2007_008994,2,2223,0.04430404974489796,2-5%,2223,2899,47277,0.047020750047591854,94,0,203,41,0.38181818181818183,tall,True,True,True,vim_s,pretrained,10,1,0.15024741340530814,0.09859624286509762,ok,
2007_009068,1,1753,0.03493702168367347,2-5%,1753,3109,47067,0.037244778719697454,180,170,222,223,1.255813953488372,square,True,True,True,vim_s,pretrained,12,12,0.3730747290359384,0.19869642476339003,ok,
2007_009139,2,2503,0.049884406887755105,2-5%,2503,6316,43860,0.05706794345645235,0,19,119,60,0.35,tall,True,True,True,vim_s,pretrained,2,2,0.19736316420295646,0.14679716479288699,ok,
2007_009139,5,970,0.019331951530612245,<2%,970,6316,43860,0.022115823073415412,0,74,46,113,0.851063829787234,square,True,True,True,vim_s,pretrained,1,6,0.07628865979381444,0.05845132729040867,ok,
2007_009331,4,939,0.018714126275510203,<2%,939,2767,47409,0.01980636587989622,118,117,156,177,1.564102564102564,wide,True,True,True,vim_s,pretrained,8,9,0.3514376996805112,0.14357929896565597,ok,
2007_009346,2,5708,0.11375956632653061,10-20%,5708,2173,48003,0.1189092348394892,63,108,187,219,0.896,square,True,True,True,vim_s,pretrained,8,11,0.3221793973370708,0.2910769849864531,ok,
2007_009413,2,1200,0.02391581632653061,2-5%,1200,8904,41272,0.029075402209730566,52,107,106,149,0.7818181818181819,square,True,True,True,vim_s,pretrained,4,7,0.5591666666666667,0.37871198062061806,ok,
2007_009435,2,7318,0.1458466198979592,10-20%,7318,1358,48818,0.14990372403621616,94,0,191,110,1.1326530612244898,square,True,True,True,vim_s,pretrained,8,2,0.28628040448209896,0.23468328051191173,ok,
2007_009458,2,1158,0.02307876275510204,2-5%,1158,1341,48835,0.0237125012798198,2,54,39,96,1.131578947368421,square,True,True,True,vim_s,pretrained,1,4,0.25906735751295334,0.1250802213666436,ok,
2007_009458,3,882,0.017578125,<2%,882,1341,48835,0.018060817036961194,9,98,39,133,1.1612903225806452,square,True,True,True,vim_s,pretrained,1,7,0.05102040816326531,0.04120522836038079,ok,
2007_009458,7,600,0.011957908163265306,<2%,600,1341,48835,0.012286270093170881,0,190,22,223,1.4782608695652173,square,True,True,True,vim_s,pretrained,0,13,0.3,0.10712108652606209,ok,
2007_009550,5,977,0.019471460459183673,<2%,977,3727,46449,0.021033822041378717,181,190,223,222,0.7674418604651163,square,True,True,True,vim_s,pretrained,12,13,0.27226202661207777,0.1232429809518856,ok,
2007_009649,4,1322,0.026347257653061226,2-5%,1322,7889,42287,0.03126256296261262,82,82,150,137,0.8115942028985508,square,True,True,True,vim_s,pretrained,7,6,0.06580937972768533,0.0560235845601232,ok,
2007_009649,7,8200,0.1634247448979592,10-20%,8200,7889,42287,0.1939130229148438,52,0,223,165,0.9651162790697675,square,True,True,True,vim_s,pretrained,9,3,0.4267073170731707,0.4922305710696235,ok,
2007_009665,2,919,0.018315529336734693,<2%,919,1937,48239,0.019050975351893696,114,0,172,21,0.3728813559322034,tall,True,True,True,vim_s,pretrained,8,0,0.35690968443960824,0.09162825526367413,ok,
2007_009764,1,12405,0.2472297512755102,20-40%,12405,1499,48677,0.25484314974217803,77,106,204,223,0.921875,square,True,True,True,vim_s,pretrained,8,10,0.3615477629987908,0.4079484957990794,ok,
2007_009950,2,1585,0.03158880739795918,2-5%,1585,1209,48967,0.032368738129760856,77,104,130,142,0.7222222222222222,square,True,True,True,vim_s,pretrained,6,7,0.04605678233438486,0.05692262171048281,ok,
2008_000009,1,693,0.013811383928571428,<2%,693,565,49611,0.013968676301626655,97,94,130,135,1.2352941176470589,square,True,True,True,vim_s,pretrained,6,7,0.32323232323232326,0.09994679981851694,ok,
2008_000019,1,10795,0.21514269770408162,20-40%,10795,4793,45383,0.23786439856333869,0,29,143,217,1.3125,square,True,True,True,vim_s,pretrained,3,8,0.41046780917091247,0.44149365481863145,ok,
2008_000019,2,5454,0.10869738520408163,10-20%,5454,4793,45383,0.1201771588480268,60,53,187,175,0.9609375,square,True,True,True,vim_s,pretrained,8,6,0.292995966263293,0.23233448563230985,ok,
2008_000120,1,19818,0.3949697066326531,20-40%,19818,4489,45687,0.4337776610414341,38,0,170,218,1.6466165413533835,wide,True,True,True,vim_s,pretrained,7,6,0.41820567161166616,0.6163589741702,ok,
2008_000182,1,2053,0.040915975765306124,2-5%,2053,492,49684,0.041321149665888415,154,128,208,182,1.0,square,True,True,True,vim_s,pretrained,11,9,0.2893326838772528,0.14323325738312206,ok,
2008_000217,2,14775,0.29446348852040816,20-40%,14775,2116,48060,0.3074282147315855,33,104,223,212,0.5706806282722513,tall,True,True,True,vim_s,pretrained,9,9,0.5248054145516075,0.6080116701734498,ok,
2008_000226,5,1347,0.02684550382653061,2-5%,1347,2194,47982,0.028073027385269476,96,58,127,140,2.59375,wide,True,True,True,vim_s,pretrained,6,5,0.10987379361544172,0.06014617644848741,ok,
2008_000235,1,2263,0.04510124362244898,2-5%,2263,1466,48710,0.046458632724286596,57,137,133,189,0.6883116883116883,square,True,True,True,vim_s,pretrained,6,9,0.14803358373840036,0.08562215793171357,ok,
2008_000259,3,855,0.017040019132653062,<2%,855,2912,47264,0.018089878131347326,89,185,148,213,0.48333333333333334,tall,True,True,True,vim_s,pretrained,7,12,0.09239766081871345,0.034583662667708605,ok,
2008_000270,1,8866,0.1766980229591837,10-20%,8866,3812,46364,0.19122595116901045,86,12,223,186,1.2681159420289856,square,True,True,True,vim_s,pretrained,10,7,0.2811865553801038,0.26899992381095966,ok,
2008_000284,2,926,0.01845503826530612,<2%,926,4550,45626,0.020295445579274974,25,0,188,37,0.23170731707317074,tall,True,True,True,vim_s,pretrained,10,1,0.05399568034557235,0.03850041362898511,ok,
2008_000289,1,8561,0.17061941964285715,10-20%,8561,1084,49092,0.17438686547706347,53,29,223,108,0.4678362573099415,tall,True,True,True,vim_s,pretrained,8,4,0.5206167503796285,0.47550113465096866,ok,
2008_000365,1,4116,0.08203125,5-10%,4116,1516,48660,0.0845869297163995,130,134,222,221,0.946236559139785,square,True,True,True,vim_s,pretrained,11,11,0.14795918367346939,0.11583677008837147,ok,
2008_000400,1,907,0.01807637117346939,<2%,907,571,49605,0.01828444713234553,110,88,154,139,1.1555555555555554,square,True,True,True,vim_s,pretrained,7,7,0.2932745314222712,0.11147710493761619,ok,
2008_000422,1,17313,0.3450454400510204,20-40%,17313,2375,47801,0.3621890755423527,0,16,205,175,0.7766990291262136,square,True,True,True,vim_s,pretrained,6,6,0.3329867729451857,0.31868731651098825,ok,
2008_000464,1,13753,0.2740951849489796,20-40%,13753,1779,48397,0.28417050643634933,13,61,193,199,0.7679558011049724,square,True,True,True,vim_s,pretrained,7,8,0.4649894568457791,0.5058299799249366,ok,
2008_000505,1,19252,0.38368941326530615,20-40%,19252,1295,48881,0.3938544628792373,50,0,223,150,0.867816091954023,square,True,True,True,vim_s,pretrained,9,4,0.43195512154581345,0.5359950694479463,ok,
2008_000540,1,13141,0.261898118622449,20-40%,13141,1191,48985,0.26826579565173014,73,57,222,200,0.96,square,True,True,True,vim_s,pretrained,10,7,0.48907997869264136,0.4744469096529696,ok,
2008_000588,1,7381,0.14710220025510204,10-20%,7381,15002,35174,0.20984249729914142,39,53,190,203,0.993421052631579,square,True,True,True,vim_s,pretrained,6,9,0.45576480151740956,0.560524550198961,ok,
2008_000711,2,3174,0.06325733418367346,5-10%,3174,3770,46406,0.06839632806102659,27,166,105,223,0.7341772151898734,square,True,True,True,vim_s,pretrained,4,12,0.34436042848141146,0.2596729666300637,ok,
2008_000760,3,767,0.015286192602040817,<2%,767,4273,45903,0.016709147550269046,0,0,72,39,0.547945205479452,tall,True,True,True,vim_s,pretrained,1,1,0.11082138200782268,0.04544289790139276,ok,
2008_000811,1,2076,0.04137436224489796,2-5%,2076,3460,46716,0.044438736193167225,33,150,207,223,0.4228571428571429,tall,True,True,True,vim_s,pretrained,4,13,0.09104046242774566,0.0847373210255125,ok,
2008_000841,1,25991,0.5179966517857143,>=40%,25991,2365,47811,0.5436196691138022,15,0,222,161,0.7788461538461539,square,True,True,True,vim_s,pretrained,8,4,0.5906659997691509,0.7559533243724907,ok,
2008_000992,1,21749,0.43345424107142855,>=40%,21749,1794,48382,0.44952668347732627,17,39,223,219,0.8743961352657005,square,True,True,True,vim_s,pretrained,8,8,0.4356522138948917,0.4661456505588033,ok,
2008_001070,1,5752,0.11463647959183673,10-20%,5752,966,49210,0.11688681162365373,70,66,173,153,0.8461538461538461,square,True,True,True,vim_s,pretrained,8,7,0.21957579972183588,0.16371947744371496,ok,
2008_001112,1,8565,0.17069913903061223,10-20%,8565,1931,48245,0.17753135039900508,69,85,223,191,0.6903225806451613,square,True,True,True,vim_s,pretrained,9,9,0.22965557501459427,0.23100461816108506,ok,
2008_001231,1,1803,0.03593351403061224,2-5%,1803,2273,47903,0.03763856125921132,42,89,137,137,0.5104166666666666,tall,True,True,True,vim_s,pretrained,5,6,0.13976705490848584,0.0752866385309256,ok,
2008_001375,3,5053,0.10070551658163265,10-20%,5053,4730,45446,0.11118690313778991,83,103,160,197,1.2179487179487178,square,True,True,True,vim_s,pretrained,7,9,0.0967741935483871,0.10209816264489296,ok,
2008_001379,1,11084,0.22090242346938777,20-40%,11084,1354,48822,0.2270287984924829,38,41,213,151,0.6306818181818182,tall,True,True,True,vim_s,pretrained,7,6,0.21725009022013714,0.18531060053790344,ok,
2008_001399,1,13599,0.27102598852040816,20-40%,13599,912,49264,0.2760433582331926,92,0,223,146,1.1136363636363635,square,True,True,True,vim_s,pretrained,9,3,0.46172512684756234,0.5017597043975215,ok,
2008_001404,1,9506,0.189453125,10-20%,9506,3315,46861,0.20285525276882696,27,79,223,176,0.49746192893401014,tall,True,True,True,vim_s,pretrained,6,8,0.3226383336839891,0.268082504710728,ok,
2008_001439,1,4683,0.09333147321428571,5-10%,4683,9356,40820,0.11472317491425772,31,0,213,52,0.2896174863387978,tall,True,True,True,vim_s,pretrained,6,1,0.26500106769165066,0.2329692596401823,ok,
2008_001491,1,13885,0.27672592474489793,20-40%,13885,2605,47571,0.2918795064219798,51,0,171,223,1.8512396694214877,wide,True,True,True,vim_s,pretrained,6,6,0.5472092185812027,0.5491437930171941,ok,
2008_001682,1,3978,0.07928093112244898,5-10%,3978,1253,48923,0.08131144860290661,78,52,178,150,0.9801980198019802,square,True,True,True,vim_s,pretrained,7,6,0.26520864756158874,0.26168170506804894,ok,
2008_001997,4,5113,0.10190130739795919,10-20%,5113,2389,47787,0.10699562642559692,101,53,223,144,0.7479674796747967,square,True,True,True,vim_s,pretrained,10,6,0.14805398005085077,0.12954405764442395,ok,
2008_002032,1,994,0.019810267857142856,<2%,994,5928,44248,0.022464292171397577,7,0,223,22,0.10599078341013825,tall,True,True,True,vim_s,pretrained,11,0,0.04225352112676056,0.05085694706024775,ok,
2008_002123,2,860,0.017139668367346938,<2%,860,6121,44055,0.019521053228918398,64,187,132,212,0.37681159420289856,tall,True,True,True,vim_s,pretrained,6,12,0.11046511627906977,0.05341556463310928,ok,
2008_002212,2,1459,0.02907764668367347,2-5%,1459,2179,47997,0.03039773319165781,87,35,144,73,0.6724137931034483,square,True,True,True,vim_s,pretrained,7,3,0.1247429746401645,0.06387153461184177,ok,
2008_002212,3,862,0.01717952806122449,<2%,862,2179,47997,0.01795945579932079,52,58,96,95,0.8444444444444444,square,True,True,True,vim_s,pretrained,4,4,0.154292343387471,0.05555081937383943,ok,
2008_002218,3,9601,0.1913464604591837,10-20%,9601,3231,46945,0.20451592288848652,42,110,184,215,0.7412587412587412,square,True,True,True,vim_s,pretrained,6,9,0.34860951984168315,0.33143789802286355,ok,
2008_002288,1,10739,0.2140266262755102,20-40%,10739,1693,48483,0.22150031969968856,86,74,223,218,1.0507246376811594,square,True,True,True,vim_s,pretrained,8,10,0.4534872893193035,0.5417535744699775,ok,
2008_002411,1,2783,0.05546476403061224,5-10%,2783,3243,46933,0.059297296145569216,119,64,210,159,1.0434782608695652,square,True,True,True,vim_s,pretrained,9,7,0.18720804886812792,0.143697370897915,ok,
2008_002536,2,854,0.017020089285714284,<2%,854,2837,47339,0.01804009379158833,62,196,130,223,0.4057971014492754,tall,True,True,True,vim_s,pretrained,5,13,0.41569086651053866,0.12755674889506122,ok,
2008_002623,1,4834,0.09634088010204081,5-10%,4834,811,49365,0.0979236301022992,167,0,223,207,3.6491228070175437,wide,True,True,True,vim_s,pretrained,12,5,0.36139842780306164,0.2494621438602706,ok,
2008_002681,1,10264,0.20455994897959184,20-40%,10264,1290,48886,0.20995786114634046,44,99,223,194,0.5333333333333333,tall,True,True,True,vim_s,pretrained,7,8,0.46385424785658613,0.38547503211889367,ok,
2008_002894,1,9588,0.19108737244897958,10-20%,9588,4264,45912,0.20883429168844747,105,0,223,203,1.7142857142857142,wide,True,True,True,vim_s,pretrained,11,4,0.34115561118064247,0.26709783578735813,ok,
2008_002929,1,8179,0.1630062181122449,10-20%,8179,3493,46683,0.1752029646766489,123,5,223,223,2.1683168316831685,wide,True,True,True,vim_s,pretrained,11,7,0.25272038146472675,0.2594678779393826,ok,
2008_003034,1,6648,0.13249362244897958,10-20%,6648,2931,47245,0.14071330299502594,161,0,214,223,4.148148148148148,wide,True,True,True,vim_s,pretrained,12,6,0.38477737665463296,0.5879477353924282,ok,
2008_003065,1,21493,0.42835220025510207,>=40%,21493,3364,46812,0.45913440998034694,0,24,223,223,0.8928571428571429,square,True,True,True,vim_s,pretrained,4,6,0.649560321965291,0.7722393765530323,ok,
2008_003094,1,931,0.0185546875,<2%,931,3157,47019,0.01980050617835343,133,156,190,190,0.603448275862069,tall,True,True,True,vim_s,pretrained,9,10,0.20193340494092374,0.08333106370690618,ok,
2008_003333,1,2397,0.047771843112244895,2-5%,2397,4358,45818,0.052315683792396005,61,179,125,223,0.6923076923076923,square,True,True,True,vim_s,pretrained,5,12,0.5035460992907801,0.24984988943553454,ok,
2008_003333,2,3982,0.07936065051020408,5-10%,3982,4358,45818,0.08690907503601204,86,50,198,189,1.238938053097345,square,True,True,True,vim_s,pretrained,9,7,0.2845303867403315,0.2077687464935499,ok,
2008_003333,3,3339,0.06654575892857142,5-10%,3339,4358,45818,0.07287528918765551,52,112,173,176,0.5327868852459017,tall,True,True,True,vim_s,pretrained,6,9,0.3054806828391734,0.18606019268775514,ok,
2008_003362,1,3646,0.07266422193877552,5-10%,3646,900,49276,0.07399139540547123,37,116,84,223,2.25,wide,True,True,True,vim_s,pretrained,3,10,0.28771256171146464,0.20864455068357024,ok,
2008_003461,4,1737,0.03461814413265306,2-5%,1737,4218,45958,0.03779537838896384,104,171,202,223,0.5353535353535354,tall,True,True,True,vim_s,pretrained,9,12,0.12204951065054692,0.07184764942779397,ok,
2008_003477,1,1387,0.027642697704081634,2-5%,1387,3194,46982,0.0295219445745179,81,182,121,223,1.024390243902439,square,True,True,True,vim_s,pretrained,6,12,0.08940158615717375,0.07463440358816971,ok,
2008_003500,1,36105,0.7195671237244898,>=40%,36105,1354,48822,0.7395231657859161,0,2,190,215,1.1204188481675392,square,True,True,True,vim_s,pretrained,5,6,0.7154410746434012,0.8605878457558596,ok,
2008_003511,3,20150,0.40158641581632654,>=40%,20150,2478,47698,0.4224495785986834,16,101,223,223,0.5913461538461539,tall,True,True,True,vim_s,pretrained,8,10,0.43220843672456577,0.627040248994067,ok,
2008_003523,4,667,0.013293207908163265,<2%,667,4950,45226,0.014748153716888516,188,0,223,39,1.1111111111111112,square,True,True,True,vim_s,pretrained,13,1,0.0,0.01739297500622417,ok,
2008_003585,1,22713,0.45266661352040816,>=40%,22713,1348,48828,0.4651634308183829,16,0,196,139,0.7734806629834254,square,True,True,True,vim_s,pretrained,6,4,0.5431250825518426,0.7165011061327528,ok,
2008_003676,2,5199,0.10361527423469388,10-20%,5199,6046,44130,0.1178110129163834,94,110,223,167,0.4461538461538462,tall,True,True,True,vim_s,pretrained,10,8,0.24350836699365264,0.21646627802632193,ok,
2008_003733,3,14169,0.2823860012755102,20-40%,14169,3836,46340,0.30576176089771256,29,31,223,210,0.9230769230769231,square,True,True,True,vim_s,pretrained,9,5,0.26381537158585644,0.27571402125829386,ok,
2008_003814,2,3162,0.06301817602040816,5-10%,3162,349,49827,0.06345957011258956,139,0,223,56,0.6705882352941176,square,True,True,True,vim_s,pretrained,11,1,0.3064516129032258,0.2193343356722048,ok,
2008_003874,1,13326,0.26558514030612246,20-40%,13326,6456,43720,0.30480329368709974,27,0,223,99,0.5076142131979695,tall,True,True,True,vim_s,pretrained,8,3,0.4085246885787183,0.5602101591876913,ok,
2008_003874,2,16767,0.334163743622449,20-40%,16767,6456,43720,0.38350869167429097,11,109,222,223,0.5424528301886793,tall,True,True,True,vim_s,pretrained,8,10,0.4796922526391125,0.49220941022991493,ok,
2008_003998,1,43087,0.8587173150510204,>=40%,43087,3138,47038,0.9160040818061992,18,0,223,223,1.087378640776699,square,True,True,True,vim_s,pretrained,7,6,0.9147770789333209,0.9106170525590026,ok,
2008_004175,1,6003,0.11963887117346939,10-20%,6003,2308,47868,0.12540737026823764,59,0,131,146,2.0136986301369864,wide,True,True,True,vim_s,pretrained,5,3,0.4616025320672997,0.3531556931837481,ok,
2008_004212,1,6958,0.138671875,10-20%,6958,1076,49100,0.14171079429735234,90,62,164,223,2.16,wide,True,True,True,vim_s,pretrained,7,8,0.2796780684104628,0.27965887128959366,ok,
2008_004321,5,918,0.01829559948979592,<2%,918,2703,47473,0.019337307522170496,181,0,223,23,0.5581395348837209,tall,True,True,True,vim_s,pretrained,12,0,0.3093681917211329,0.10901831002275753,ok,
2008_004583,1,15523,0.30937101403061223,20-40%,15523,1270,48906,0.3174048174048174,59,0,161,223,2.174757281553398,wide,True,True,True,vim_s,pretrained,6,7,0.5446112220575919,0.6262184696530027,ok,
2008_004588,1,4613,0.09193638392857142,5-10%,4613,591,49585,0.09303216698598367,166,113,221,223,1.9821428571428572,wide,True,True,True,vim_s,pretrained,12,11,0.20485584218512898,0.1707113904579792,ok,
2008_004610,1,26015,0.5184749681122449,>=40%,26015,1651,48525,0.5361154044307058,36,0,206,223,1.3099415204678362,square,True,True,True,vim_s,pretrained,7,5,0.4338266384778013,0.2610844421407874,ok,
2008_004758,1,6292,0.1253985969387755,10-20%,6292,5947,44229,0.14225960342761537,26,0,209,182,0.9945652173913043,square,True,True,True,vim_s,pretrained,8,6,0.13445645263827083,0.1494088962811704,ok,
2008_004776,3,4998,0.099609375,5-10%,4998,2610,47566,0.10507505360972123,146,0,223,97,1.2564102564102564,square,True,True,True,vim_s,pretrained,10,2,0.26290516206482595,0.1880719154863918,ok,
2008_004946,1,20966,0.4178491709183674,>=40%,20966,2845,47331,0.44296549829921195,16,0,193,206,1.1629213483146068,square,True,True,True,vim_s,pretrained,8,6,0.4653725078698846,0.5743501670350616,ok,
2008_005006,1,6739,0.13430723852040816,10-20%,6739,623,49553,0.13599580247411863,70,51,145,143,1.2236842105263157,square,True,True,True,vim_s,pretrained,6,6,0.40658851461641193,0.5034468176333887,ok,
2008_005089,3,787,0.015684789540816327,<2%,787,3307,46869,0.01679148264311165,131,193,171,223,0.7560975609756098,square,True,True,True,vim_s,pretrained,9,13,0.3189326556543837,0.12633829343984043,ok,
2008_005197,4,2470,0.04922672193877551,2-5%,2470,4011,46165,0.05350373659698906,27,156,158,209,0.4090909090909091,tall,True,True,True,vim_s,pretrained,4,11,0.12631578947368421,0.08462144401041989,ok,
2008_005342,2,10447,0.20820711096938777,20-40%,10447,5677,44499,0.23476932065889122,131,0,223,166,1.7956989247311828,wide,True,True,True,vim_s,pretrained,10,4,0.3034363932229348,0.2832519914109455,ok,
2008_005541,1,12939,0.2578722895408163,20-40%,12939,1618,48558,0.26646484616335103,56,0,152,223,2.3092783505154637,wide,True,True,True,vim_s,pretrained,7,6,0.33912976273282325,0.41424138780907793,ok,
2008_005600,1,6602,0.13157684948979592,10-20%,6602,3631,46545,0.14184122891825116,53,19,223,111,0.543859649122807,tall,True,True,True,vim_s,pretrained,8,5,0.2620418055134808,0.2062297748890149,ok,
2008_005678,1,20911,0.4167530293367347,>=40%,20911,1400,48776,0.42871494177464325,53,35,203,223,1.2516556291390728,square,True,True,True,vim_s,pretrained,8,7,0.6288078045048061,0.7783234752903353,ok,
2008_005680,3,4384,0.08737244897959184,5-10%,4384,2472,47704,0.09190005031024652,113,37,223,107,0.6396396396396397,tall,True,True,True,vim_s,pretrained,10,4,0.29744525547445255,0.1902629011555134,ok,
2008_005716,1,12762,0.2543447066326531,20-40%,12762,1631,48545,0.2628901019672469,4,2,127,223,1.7903225806451613,wide,True,True,True,vim_s,pretrained,4,5,0.5381601629838584,0.6362273781164304,ok,
2008_006008,1,2900,0.05779655612244898,5-10%,2900,4047,46129,0.06286717683019359,158,101,223,196,1.4545454545454546,square,True,True,True,vim_s,pretrained,12,9,0.29482758620689653,0.21385046629834986,ok,
2008_006008,4,3851,0.07674984056122448,5-10%,3851,4047,46129,0.08348327516312948,134,17,223,158,1.5777777777777777,wide,True,True,True,vim_s,pretrained,9,6,0.3845754349519605,0.27789553553742014,ok,
2008_006063,1,31200,0.6218112244897959,>=40%,31200,2554,47622,0.6551593801184327,0,0,223,223,1.0,square,True,True,True,vim_s,pretrained,5,5,0.6693269230769231,0.8393117898913454,ok,
2008_006215,1,23415,0.46665736607142855,>=40%,23415,2127,48049,0.4873150325709172,41,1,196,221,1.4166666666666667,square,True,True,True,vim_s,pretrained,7,7,0.507495195387572,0.5249152842885422,ok,
2008_006221,1,834,0.016621492346938774,<2%,834,2885,47291,0.017635490896787974,65,24,98,60,1.088235294117647,square,True,True,True,vim_s,pretrained,4,2,0.31894484412470026,0.11113363159628181,ok,
2008_006254,7,13938,0.2777822066326531,20-40%,13938,9130,41046,0.33957023826925886,62,18,207,212,1.3356164383561644,square,True,True,True,vim_s,pretrained,10,8,0.334983498349835,0.41846580852575654,ok,
2008_006275,2,9627,0.19186463647959184,10-20%,9627,4218,45958,0.20947386744418817,43,76,223,161,0.47513812154696133,tall,True,True,True,vim_s,pretrained,9,7,0.4925729718500052,0.4855961909127123,ok,
2008_006289,1,673,0.013412786989795918,<2%,673,2737,47439,0.014186639684647652,120,154,164,190,0.8222222222222222,square,True,True,True,vim_s,pretrained,9,11,0.11441307578008915,0.04569143445935264,ok,
2008_006289,3,19546,0.38954878826530615,20-40%,19546,2737,47439,0.4120238622230654,0,0,203,187,0.9215686274509803,square,True,True,True,vim_s,pretrained,6,3,0.45855929601964596,0.4768088035564166,ok,
2008_007090,1,976,0.0194515306122449,<2%,976,3601,46575,0.020955448201825013,118,0,158,45,1.1219512195121952,square,True,True,True,vim_s,pretrained,9,1,0.055327868852459015,0.04573956313886908,ok,
2008_007378,2,3986,0.07944036989795919,5-10%,3986,5550,44626,0.08932012728006095,0,139,118,223,0.7142857142857143,square,True,True,True,vim_s,pretrained,2,12,0.12694430506773707,0.11747779514469521,ok,
2008_007402,2,16358,0.3260124362244898,20-40%,16358,3924,46252,0.35367119259707686,0,52,223,160,0.48660714285714285,tall,True,True,True,vim_s,pretrained,7,6,0.4057341973346375,0.38216906375921766,ok,
2008_007402,5,950,0.018933354591836735,<2%,950,3924,46252,0.020539652339358297,61,0,143,43,0.5301204819277109,tall,True,True,True,vim_s,pretrained,4,1,0.0,0.009587725505574376,ok,
2008_007428,2,625,0.012456154336734694,<2%,625,634,49542,0.01261555851600662,162,158,190,188,1.0689655172413792,square,True,True,True,vim_s,pretrained,11,10,0.1024,0.0666131629331583,ok,
2008_007737,1,1039,0.020707110969387755,2-5%,1039,3078,47098,0.022060384729712515,70,102,159,130,0.32222222222222224,tall,True,True,True,vim_s,pretrained,8,7,0.0,0.02118034496457759,ok,
2008_007797,1,29813,0.5941685267857143,>=40%,29813,1537,48639,0.6129443450728839,27,35,202,223,1.0738636363636365,square,True,True,True,vim_s,pretrained,7,8,0.5415422802133297,0.33564772823841454,ok,
2008_007811,1,20608,0.4107142857142857,>=40%,20608,1198,48978,0.42076034137776147,0,63,223,193,0.5848214285714286,tall,True,True,True,vim_s,pretrained,8,7,0.12990100931677018,0.09107056786057924,ok,
2008_008051,1,40136,0.7999043367346939,>=40%,40136,1074,49102,0.8174005132173843,44,0,223,223,1.2444444444444445,square,True,True,True,vim_s,pretrained,8,6,0.8434074147897149,0.9149005442305105,ok,
2008_008051,2,7136,0.14221938775510204,10-20%,7136,1074,49102,0.14533012911897683,0,13,43,223,4.795454545454546,wide,True,True,True,vim_s,pretrained,1,7,0.3874719730941704,0.3508120179129708,ok,
2008_008193,1,14752,0.2940051020408163,20-40%,14752,3286,46890,0.3146086585625933,29,49,195,223,1.0479041916167664,square,True,True,True,vim_s,pretrained,5,8,0.5954446854663774,0.7214133088775786,ok,
2008_008268,3,933,0.018594547193877552,<2%,933,1875,48301,0.01931637026148527,152,179,201,223,0.9,square,True,True,True,vim_s,pretrained,11,12,0.16184351554126475,0.06585900590884963,ok,
2008_008362,4,2932,0.0584343112244898,5-10%,2932,4931,45245,0.06480274063432423,93,102,162,175,1.0571428571428572,square,True,True,True,vim_s,pretrained,8,8,0.31923601637107774,0.21548551255184267,ok,
2008_008682,2,1939,0.03864397321428571,2-5%,1939,1105,49071,0.039514173340669645,104,67,149,114,1.0434782608695652,square,True,True,True,vim_s,pretrained,7,5,0.1330582774626096,0.08000006135746826,ok,
2009_000121,3,2048,0.04081632653061224,2-5%,2048,1999,48177,0.04250991136849534,0,191,73,223,0.44594594594594594,tall,True,True,True,vim_s,pretrained,2,13,0.083984375,0.06961827111914452,ok,
2009_000133,1,4639,0.0924545599489796,5-10%,4639,2438,47738,0.09717625371821191,117,0,187,215,3.0422535211267605,wide,True,True,True,vim_s,pretrained,10,6,0.04225048501832292,0.0563655549515394,ok,
2009_000335,3,1608,0.03204719387755102,2-5%,1608,1753,48423,0.03320736013877703,81,0,173,18,0.20430107526881722,tall,True,True,True,vim_s,pretrained,8,0,0.10696517412935323,0.06902561717499386,ok,
2009_000409,1,571,0.011379942602040817,<2%,571,1704,48472,0.011779996699125269,125,0,159,32,0.9428571428571428,square,True,True,True,vim_s,pretrained,8,0,0.46760070052539404,0.12130599791169702,ok,
2009_000426,1,10788,0.2150031887755102,20-40%,10788,1638,48538,0.222258848737072,49,0,166,103,0.8813559322033898,square,True,True,True,vim_s,pretrained,6,2,0.2590841675936225,0.2695119828672147,ok,
2009_000469,1,9120,0.18176020408163265,10-20%,9120,6668,43508,0.2096166222303944,25,0,190,176,1.0662650602409638,square,True,True,True,vim_s,pretrained,9,5,0.3472587719298246,0.33373647508465976,ok,
2009_000488,2,766,0.01526626275510204,<2%,766,1714,48462,0.015806198671123768,97,97,133,131,0.9459459459459459,square,True,True,True,vim_s,pretrained,7,7,0.08746736292428199,0.05125752288709009,ok,
2009_000503,1,2145,0.04274952168367347,2-5%,2145,724,49452,0.04337539432176656,68,42,155,98,0.6477272727272727,tall,True,True,True,vim_s,pretrained,6,4,0.6130536130536131,0.27536055933897724,ok,
2009_000505,3,3051,0.06080596301020408,5-10%,3051,12503,37673,0.08098638282058769,30,52,137,157,0.9814814814814815,square,True,True,True,vim_s,pretrained,6,7,0.35332677810553914,0.33300671425279954,ok,
2009_000573,1,6450,0.12854751275510204,10-20%,6450,6142,44034,0.14647772176045784,53,0,198,223,1.5342465753424657,wide,True,True,True,vim_s,pretrained,9,7,0.0662015503875969,0.09109775859982981,ok,
2009_000664,1,4387,0.08743223852040816,5-10%,4387,2627,47549,0.09226271845885298,12,101,171,173,0.45625,tall,True,True,True,vim_s,pretrained,5,9,0.247777524504217,0.17345357218318455,ok,
2009_000675,1,3577,0.0712890625,5-10%,3577,1583,48593,0.07361142551396292,81,39,144,131,1.453125,square,True,True,True,vim_s,pretrained,6,5,0.5991053955828907,0.39828415631497693,ok,
2009_000705,1,2317,0.046177455357142856,2-5%,2317,1854,48322,0.047949174289143665,81,80,153,191,1.5342465753424657,wide,True,True,True,vim_s,pretrained,6,8,0.1760897712559344,0.12379152102038872,ok,
2009_000712,1,11611,0.23140545280612246,20-40%,11611,1068,49108,0.2364380548994054,94,0,185,160,1.75,wide,True,True,True,vim_s,pretrained,8,4,0.22065282921367668,0.23030229683600936,ok,
2009_000727,1,3733,0.07439811862244898,5-10%,3733,3555,46621,0.08007121254370349,65,74,199,216,1.0592592592592593,square,True,True,True,vim_s,pretrained,7,9,0.3686043396731851,0.33978462960598105,ok,
2009_000731,1,32454,0.6468032525510204,>=40%,32454,15755,34421,0.9428546526829552,0,0,223,223,1.0,square,True,True,True,vim_s,pretrained,6,5,0.9428421766192149,0.9774720539162666,ok,
2009_000931,1,1195,0.023816167091836735,2-5%,1195,1779,48397,0.024691613116515486,54,181,116,223,0.6825396825396826,square,True,True,True,vim_s,pretrained,4,12,0.29372384937238494,0.17612181055804002,ok,
2009_001019,4,5976,0.11910076530612244,10-20%,5976,2299,47877,0.12481985086784886,47,21,97,223,3.980392156862745,wide,True,True,True,vim_s,pretrained,4,8,0.3457161981258367,0.2623790094607684,ok,
2009_001082,2,21624,0.4309630102040816,>=40%,21624,1618,48558,0.44532311874459407,8,0,203,137,0.7040816326530612,square,True,True,True,vim_s,pretrained,6,3,0.4156492785793563,0.5122146951542175,ok,
2009_001104,4,608,0.01211734693877551,<2%,608,2726,47450,0.012813487881981033,61,0,106,19,0.43478260869565216,tall,True,True,True,vim_s,pretrained,5,0,0.04111842105263158,0.02970272072340138,ok,
2009_001117,1,8818,0.17574139030612246,10-20%,8818,3083,47093,0.18724651222049987,14,14,143,143,1.0,square,True,True,True,vim_s,pretrained,4,4,0.5498979360399183,0.6653289459090715,ok,
2009_001145,1,12718,0.2534677933673469,20-40%,12718,2258,47918,0.26541174506448517,46,2,178,163,1.218045112781955,square,True,True,True,vim_s,pretrained,6,5,0.37427268438433714,0.3980635745828139,ok,
2009_001197,1,22736,0.453125,>=40%,22736,1783,48393,0.4698200152914678,57,37,201,223,1.289655172413793,square,True,True,True,vim_s,pretrained,8,8,0.43776389866291343,0.48626673017079564,ok,
2009_001205,1,23923,0.47678172831632654,>=40%,23923,1681,48495,0.49330858851427983,19,24,197,197,0.9720670391061452,square,True,True,True,vim_s,pretrained,6,7,0.6990762028173724,0.7662908524921294,ok,
2009_001251,1,24421,0.48670679209183676,>=40%,24421,2579,47597,0.5130785553711369,12,1,223,193,0.910377358490566,square,True,True,True,vim_s,pretrained,6,6,0.5652921665779452,0.6361421950265708,ok,
2009_001253,1,11297,0.22514748086734693,20-40%,11297,2797,47379,0.23843897085206525,26,53,223,170,0.5959595959595959,tall,True,True,True,vim_s,pretrained,8,7,0.25502345755510314,0.21835948303599761,ok,
2009_001300,1,5361,0.10684390943877552,10-20%,5361,1005,49171,0.10902767891643449,87,73,164,193,1.5512820512820513,wide,True,True,True,vim_s,pretrained,8,9,0.3014362991979108,0.22125349612869893,ok,
2009_001339,1,3718,0.07409917091836735,5-10%,3718,4371,45805,0.08117017792817378,115,54,223,113,0.5504587155963303,tall,True,True,True,vim_s,pretrained,11,5,0.5459924690693921,0.5489356620624914,ok,
2009_001388,1,988,0.019690688775510203,<2%,988,344,49832,0.01982661743458019,98,113,127,157,1.5,wide,True,True,True,vim_s,pretrained,7,8,0.24696356275303644,0.12343092002454904,ok,
2009_001422,1,13631,0.271663743622449,20-40%,13631,1998,48178,0.2829299680352028,0,37,223,152,0.5178571428571429,tall,True,True,True,vim_s,pretrained,7,5,0.3150906023035727,0.3174851544526147,ok,
2009_001443,2,3354,0.06684470663265306,5-10%,3354,1243,48933,0.06854270124455888,138,116,194,207,1.6140350877192982,wide,True,True,True,vim_s,pretrained,10,10,0.19588550983899822,0.15977815305003162,ok,
2009_001444,1,31157,0.6209542410714286,>=40%,31157,2559,47617,0.6543251359808472,9,0,223,164,0.7674418604651163,square,True,True,True,vim_s,pretrained,7,4,0.5867702281991206,0.3831828066987021,ok,
2009_001481,1,5588,0.11136798469387756,10-20%,5588,8492,41684,0.1340562326072354,46,0,195,180,1.2066666666666668,square,True,True,True,vim_s,pretrained,8,5,0.06245526127415891,0.10247644299251667,ok,
2009_001505,2,4923,0.09811463647959184,5-10%,4923,4566,45610,0.10793685595264196,99,65,218,167,0.8583333333333333,square,True,True,True,vim_s,pretrained,9,7,0.47775746496039,0.3861730680566375,ok,
2009_001514,2,967,0.01927216198979592,<2%,967,4871,45305,0.021344222491998674,164,52,215,94,0.8269230769230769,square,True,True,True,vim_s,pretrained,12,4,0.1344364012409514,0.06910947098748876,ok,
2009_001514,4,7120,0.14190051020408162,10-20%,7120,4871,45305,0.157157046683589,8,87,191,219,0.7228260869565217,square,True,True,True,vim_s,pretrained,7,9,0.26235955056179777,0.21608804267558054,ok,
2009_001607,1,4469,0.08906648596938775,5-10%,4469,1822,48354,0.09242255035777805,0,73,184,155,0.4486486486486487,tall,True,True,True,vim_s,pretrained,5,6,0.15260684716938913,0.14044965174462876,ok,
2009_001690,1,20329,0.4051538584183674,>=40%,20329,1941,48235,0.42145744791126777,2,90,223,223,0.6036036036036037,tall,True,True,True,vim_s,pretrained,8,10,0.4990407791824487,0.5849995496376725,ok,
2009_001718,1,11045,0.2201251594387755,20-40%,11045,2725,47451,0.2327664327411435,48,31,223,167,0.7784090909090909,square,True,True,True,vim_s,pretrained,8,6,0.2588501584427343,0.3155796136197054,ok,
2009_001768,1,1590,0.03168845663265306,2-5%,1590,4004,46172,0.034436454994368884,0,66,34,144,2.257142857142857,wide,True,True,True,vim_s,pretrained,0,6,0.5641509433962264,0.3778098724802866,ok,
2009_001775,4,2399,0.04781170280612245,2-5%,2399,3486,46690,0.05138145213107732,158,0,214,58,1.0350877192982457,square,True,True,True,vim_s,pretrained,11,1,0.36640266777824093,0.20880664788270703,ok,
2009_001802,1,3515,0.07005341198979592,5-10%,3515,586,49590,0.07088122605363985,83,84,159,140,0.7402597402597403,square,True,True,True,vim_s,pretrained,7,7,0.40796586059743956,0.22419525197141407,ok,
2009_001961,2,4198,0.0836654974489796,5-10%,4198,3186,46990,0.08933815705469249,54,189,194,223,0.24822695035460993,tall,True,True,True,vim_s,pretrained,7,13,0.5002382086707956,0.4528983383022344,ok,
2009_001972,1,5510,0.10981345663265306,10-20%,5510,1271,48905,0.112667416419589,91,22,222,143,0.9242424242424242,square,True,True,True,vim_s,pretrained,9,5,0.01705989110707804,0.03662322518346941,ok,
2009_002082,1,4164,0.08298788265306123,5-10%,4164,2552,47624,0.08743490676969595,75,0,155,121,1.5061728395061729,wide,True,True,True,vim_s,pretrained,6,3,0.48150816522574447,0.3545857903983595,ok,
2009_002122,1,7632,0.1521045918367347,10-20%,7632,2533,47643,0.16019142371387193,62,65,159,214,1.530612244897959,wide,True,True,True,vim_s,pretrained,6,9,0.245020964360587,0.24650464184595577,ok,
2009_002150,1,18556,0.3698182397959184,20-40%,18556,3478,46698,0.397361771382072,18,16,222,198,0.8926829268292683,square,True,True,True,vim_s,pretrained,6,6,0.6626428109506359,0.7992294104718081,ok,
2009_002155,1,15577,0.31044722576530615,20-40%,15577,1399,48777,0.31935133362035384,33,0,212,165,0.9222222222222223,square,True,True,True,vim_s,pretrained,7,5,0.5117159915259678,0.6776395976159543,ok,
2009_002165,2,7420,0.14787946428571427,10-20%,7420,2020,48156,0.15408256499709277,82,29,173,163,1.4673913043478262,square,True,True,True,vim_s,pretrained,7,5,0.5412398921832884,0.6074924751851585,ok,
2009_002229,1,20905,0.41663345025510207,>=40%,20905,2989,47187,0.443024561849662,0,41,212,223,0.8591549295774648,square,True,True,True,vim_s,pretrained,6,8,0.49878019612532887,0.49675766245836595,ok,
2009_002268,1,11828,0.23573022959183673,20-40%,11828,1621,48555,0.24360004119040263,109,23,223,222,1.7391304347826086,wide,True,True,True,vim_s,pretrained,11,8,0.2367264119039567,0.21070709515244604,ok,
2009_002317,1,11955,0.23826132015306123,20-40%,11955,2619,47557,0.25138255146455835,50,0,176,174,1.3779527559055118,square,True,True,True,vim_s,pretrained,7,5,0.361689669594312,0.4312070359802776,ok,
2009_002343,5,14537,0.2897201849489796,20-40%,14537,1685,48491,0.2997875894495886,68,0,186,178,1.504201680672269,wide,True,True,True,vim_s,pretrained,7,5,0.3197358464607553,0.37004455214720067,ok,
2009_002382,5,868,0.017299107142857144,<2%,868,4870,45306,0.019158610338586502,98,196,168,223,0.39436619718309857,tall,True,True,True,vim_s,pretrained,8,13,0.07834101382488479,0.05453349842958739,ok,
2009_002416,2,6672,0.1329719387755102,10-20%,6672,3571,46605,0.14316060508529127,5,32,179,121,0.5142857142857142,tall,True,True,True,vim_s,pretrained,5,4,0.391037170263789,0.40259913482801246,ok,
2009_002487,1,4504,0.0897640306122449,5-10%,4504,6819,43357,0.10388172613418825,121,50,223,165,1.1262135922330097,square,True,True,True,vim_s,pretrained,9,6,0.05772646536412078,0.06271163002188782,ok,
2009_002584,2,801,0.015963807397959183,<2%,801,5639,44537,0.017985046141410513,0,71,19,140,3.5,wide,True,True,True,vim_s,pretrained,0,6,0.20474406991260924,0.08490615513076274,ok,
2009_002584,3,3831,0.07635124362244898,5-10%,3831,5639,44537,0.08601836675124054,44,27,128,174,1.7411764705882353,wide,True,True,True,vim_s,pretrained,5,6,0.5301487862176977,0.4587960116022471,ok,
2009_002618,1,6055,0.12067522321428571,10-20%,6055,671,49505,0.12231087768912231,106,0,223,71,0.6101694915254238,tall,True,True,True,vim_s,pretrained,10,1,0.35061932287365816,0.26982197375293737,ok,
2009_002628,1,9545,0.19023038903061223,10-20%,9545,3273,46903,0.2035051062831802,51,60,215,157,0.593939393939394,tall,True,True,True,vim_s,pretrained,7,6,0.31335777894185435,0.2648350099569431,ok,
2009_002713,1,27949,0.5570192920918368,>=40%,27949,1775,48401,0.5774467469680379,32,1,183,221,1.4539473684210527,square,True,True,True,vim_s,pretrained,6,6,0.6436724033060217,0.7069006725687965,ok,
2009_002727,2,1224,0.024394132653061226,2-5%,1224,695,49481,0.024736767648188194,125,133,161,221,2.4054054054054053,wide,True,True,True,vim_s,pretrained,9,11,0.07026143790849673,0.048265824708806145,ok,
2009_002749,1,14759,0.29414461096938777,20-40%,14759,1886,48290,0.30563263615655417,0,16,223,89,0.33035714285714285,tall,True,True,True,vim_s,pretrained,7,3,0.08333897960566435,0.11837374669389918,ok,
2009_002820,1,12303,0.2451969068877551,20-40%,12303,1921,48255,0.2549580354367423,32,50,194,180,0.803680981595092,square,True,True,True,vim_s,pretrained,6,7,0.4207916768267902,0.5464386688377326,ok,
2009_002820,2,12931,0.25771285076530615,20-40%,12931,1921,48255,0.267972230856906,0,0,92,223,2.4086021505376345,wide,True,True,True,vim_s,pretrained,1,6,0.692057845487588,0.7856095377826228,ok,
2009_002912,1,901,0.017956792091836735,<2%,901,1841,48335,0.018640736526326678,90,13,121,66,1.6875,wide,True,True,True,vim_s,pretrained,6,2,0.03995560488346282,0.032605289535283966,ok,
2009_002932,3,823,0.016402264030612245,<2%,823,5245,44931,0.0183169749170951,119,0,155,22,0.6216216216216216,tall,True,True,True,vim_s,pretrained,8,0,0.212636695018226,0.07783388999490104,ok,
2009_002936,1,6013,0.11983816964285714,10-20%,6013,1045,49131,0.12238708758217826,43,76,200,150,0.47468354430379744,tall,True,True,True,vim_s,pretrained,7,6,0.47596873440878096,0.4812356781166333,ok,
2009_002984,2,3994,0.07959980867346939,5-10%,3994,1985,48191,0.08287854578655765,60,154,128,223,1.0144927536231885,square,True,True,True,vim_s,pretrained,5,11,0.4313970956434652,0.3057173029853076,ok,
2009_003059,2,13640,0.27184311224489793,20-40%,13640,3931,46245,0.2949508054924857,57,0,223,130,0.7844311377245509,square,True,True,True,vim_s,pretrained,8,3,0.3964809384164223,0.37011875754520623,ok,
2009_003063,2,740,0.014748086734693877,<2%,740,1212,48964,0.01511314435095172,124,123,159,171,1.3611111111111112,square,True,True,True,vim_s,pretrained,8,9,0.013513513513513514,0.0332634364798638,ok,
2009_003105,1,14817,0.29530054209183676,20-40%,14817,1337,48839,0.3033845901840742,45,0,159,202,1.7652173913043478,wide,True,True,True,vim_s,pretrained,6,6,0.35472767766754404,0.3597033773171983,ok,
2009_003146,1,6456,0.1286670918367347,10-20%,6456,3239,46937,0.13754607239491232,66,13,147,183,2.0853658536585367,wide,True,True,True,vim_s,pretrained,5,5,0.44671623296158613,0.4396690147358275,ok,
2009_003224,1,5532,0.11025191326530612,10-20%,5532,7810,42366,0.13057640560827077,17,0,213,202,1.0304568527918783,square,True,True,True,vim_s,pretrained,8,7,0.0388647866955893,0.057894321593332625,ok,
2009_003273,1,26219,0.5225406568877551,>=40%,26219,2900,47276,0.554594297317878,31,0,222,183,0.9583333333333334,square,True,True,True,vim_s,pretrained,8,5,0.6871352835729815,0.6992199273829786,ok,
2009_003387,3,527,0.010503029336734694,<2%,527,1719,48457,0.01087562168520544,33,32,52,58,1.35,square,True,True,True,vim_s,pretrained,2,2,0.08159392789373814,0.03619198946835946,ok,
2009_003481,3,2519,0.05020328443877551,5-10%,2519,3378,46798,0.05382708662763366,75,48,121,184,2.9148936170212765,wide,True,True,True,vim_s,pretrained,6,8,0.34894799523620484,0.17110290563874894,ok,
2009_003522,2,954,0.019013073979591837,<2%,954,2347,47829,0.01994605783102302,60,78,89,118,1.3666666666666667,square,True,True,True,vim_s,pretrained,4,6,0.16037735849056603,0.07855611773366906,ok,
2009_003551,1,10838,0.21599968112244897,20-40%,10838,1371,48805,0.22206741112590922,68,80,193,213,1.0634920634920635,square,True,True,True,vim_s,pretrained,7,8,0.5580365381066618,0.7205132317912248,ok,
2009_003666,5,838,0.01670121173469388,<2%,838,3109,47067,0.017804406484373342,67,126,109,175,1.1627906976744187,square,True,True,True,vim_s,pretrained,5,9,0.06563245823389022,0.04312817961619763,ok,
2009_003736,1,6972,0.13895089285714285,10-20%,6972,1057,49119,0.14194100042753313,40,147,222,223,0.4207650273224044,tall,True,True,True,vim_s,pretrained,8,12,0.17928858290304073,0.15324623016802305,ok,
2009_003773,1,25279,0.5038066007653061,>=40%,25279,6015,44161,0.5724281605941894,2,53,223,223,0.7702702702702703,square,True,True,True,vim_s,pretrained,7,9,0.7719450927647454,0.8818629745373188,ok,
2009_003895,3,1186,0.023636798469387755,2-5%,1186,2867,47309,0.025069225728719693,0,54,17,119,3.6666666666666665,wide,True,True,True,vim_s,pretrained,0,5,0.18549747048903878,0.09251018388250268,ok,
2009_003928,1,7575,0.1509685905612245,10-20%,7575,1095,49081,0.1543367087060166,91,67,200,183,1.0636363636363637,square,True,True,True,vim_s,pretrained,9,7,0.2650825082508251,0.21070532813164092,ok,
2009_004043,2,5809,0.11577248086734694,10-20%,5809,3206,46970,0.12367468596976794,36,62,160,165,0.832,square,True,True,True,vim_s,pretrained,5,6,0.0941642279221897,0.10497963729345124,ok,
2009_004099,1,1590,0.03168845663265306,2-5%,1590,1168,49008,0.03244368266405485,60,68,126,118,0.7611940298507462,square,True,True,True,vim_s,pretrained,6,6,0.19371069182389938,0.08219591939329905,ok,
2009_004105,2,2423,0.04829001913265306,2-5%,2423,3728,46448,0.052165862900447814,0,0,135,69,0.5147058823529411,tall,True,True,True,vim_s,pretrained,1,1,0.36690053652496907,0.21099407143749482,ok,
2009_004171,1,684,0.01363201530612245,<2%,684,3527,46649,0.014662693734056464,127,194,177,223,0.5882352941176471,tall,True,True,True,vim_s,pretrained,8,13,0.049707602339181284,0.03618495209626912,ok,
2009_004171,3,2705,0.05391023596938776,5-10%,2705,3527,46649,0.057986237647109265,61,61,119,132,1.2203389830508475,square,True,True,True,vim_s,pretrained,5,6,0.0011090573012939,0.027413147710944427,ok,
2009_004180,1,6524,0.13002232142857142,10-20%,6524,2436,47740,0.13665689149560117,117,74,171,223,2.727272727272727,wide,True,True,True,vim_s,pretrained,8,9,0.15726548129981607,0.13754125277393286,ok,
2009_004186,1,17683,0.3524194834183674,20-40%,17683,2406,47770,0.37016956248691646,51,17,203,200,1.2026143790849673,square,True,True,True,vim_s,pretrained,6,7,0.4972572527286094,0.6141365797121527,ok,
2009_004213,1,12375,0.24663185586734693,20-40%,12375,1463,48713,0.2540389629051793,54,42,170,170,1.1025641025641026,square,True,True,True,vim_s,pretrained,7,6,0.49737373737373736,0.49178368714560555,ok,
2009_004221,1,6213,0.12382413903061225,10-20%,6213,1972,48204,0.12888971869554394,4,121,207,195,0.36764705882352944,tall,True,True,True,vim_s,pretrained,5,9,0.2786093674553356,0.2528891754254197,ok,
2009_004228,1,13797,0.2749720982142857,20-40%,13797,3168,47008,0.29350323349217156,142,0,222,212,2.6296296296296298,wide,True,True,True,vim_s,pretrained,11,6,0.48264115387403056,0.7005156040809336,ok,
2009_004228,3,6116,0.12189094387755102,10-20%,6116,3168,47008,0.13010551395507147,48,45,147,156,1.12,square,True,True,True,vim_s,pretrained,6,6,0.29937867887508174,0.3246258042280726,ok,
2009_004301,1,3504,0.06983418367346939,5-10%,3504,10004,40172,0.08722493278900727,45,97,178,158,0.4626865671641791,tall,True,True,True,vim_s,pretrained,6,8,0.08875570776255708,0.08761942623865288,ok,
2009_004327,1,22418,0.4467873086734694,>=40%,22418,1437,48739,0.4599601961468229,53,0,184,223,1.696969696969697,wide,True,True,True,vim_s,pretrained,7,6,0.4923275938977607,0.5227350860344637,ok,
2009_004464,1,22693,0.4522680165816326,>=40%,22693,1499,48677,0.4661955338250098,53,24,199,223,1.3605442176870748,square,True,True,True,vim_s,pretrained,7,8,0.511126779183008,0.46549986031743285,ok,
2009_004509,1,1727,0.03441884566326531,2-5%,1727,1410,48766,0.03541401796333511,97,82,190,128,0.5,tall,True,True,True,vim_s,pretrained,8,6,0.49623624782860454,0.19255258530527308,ok,
2009_004539,1,10430,0.20786830357142858,20-40%,10430,3014,47162,0.221152622874348,16,43,214,194,0.7638190954773869,square,True,True,True,vim_s,pretrained,8,6,0.10604026845637583,0.1487883745553496,ok,
2009_004626,1,8640,0.17219387755102042,10-20%,8640,5416,44760,0.19302949061662197,17,3,174,211,1.3227848101265822,square,True,True,True,vim_s,pretrained,6,7,0.015625,0.05362225378708371,ok,
2009_004789,1,25881,0.5158043686224489,>=40%,25881,1977,48199,0.5369613477458038,41,0,204,223,1.3658536585365855,square,True,True,True,vim_s,pretrained,7,8,0.610679649163479,0.6365455233543582,ok,
2009_004789,2,6125,0.1220703125,10-20%,6125,1977,48199,0.1270773252557107,45,0,184,101,0.7285714285714285,square,True,True,True,vim_s,pretrained,5,2,0.3706122448979592,0.5679321752257721,ok,
2009_004790,1,17232,0.3434311224489796,20-40%,17232,2096,48080,0.3584026622296173,5,60,223,196,0.6255707762557078,tall,True,True,True,vim_s,pretrained,7,7,0.6445566388115135,0.8439411477091469,ok,
2009_004829,1,27411,0.5462970344387755,>=40%,27411,1683,48493,0.5652568411935743,23,16,203,199,1.0165745856353592,square,True,True,True,vim_s,pretrained,7,6,0.5603954616759695,0.845937552463395,ok,
2009_004848,2,4107,0.08185188137755102,5-10%,4107,4760,45416,0.09043068522106747,24,76,193,147,0.4235294117647059,tall,True,True,True,vim_s,pretrained,5,7,0.3946919892865839,0.4549478309267786,ok,
2009_004867,1,27127,0.5406369579081632,>=40%,27127,1305,48871,0.5550735610075505,37,0,189,223,1.4640522875816993,square,True,True,True,vim_s,pretrained,6,7,0.5598481217974711,0.6164981013729514,ok,
2009_004890,1,953,0.018993144132653062,<2%,953,4058,46118,0.020664382670540788,149,0,222,27,0.3783783783783784,tall,True,True,True,vim_s,pretrained,12,0,0.04302203567681007,0.0415671519047864,ok,
2009_004901,1,3004,0.059869260204081634,5-10%,3004,2007,48169,0.06236376092507629,90,8,125,166,4.416666666666667,wide,True,True,True,vim_s,pretrained,6,4,0.3648468708388815,0.2161909259701537,ok,
2009_004939,2,22232,0.44308035714285715,>=40%,22232,4991,45185,0.49202168861347795,30,1,223,223,1.1494845360824741,square,True,True,True,vim_s,pretrained,9,9,0.6726340410219503,0.7508158829414124,ok,
2009_004994,1,12737,0.2538464604591837,20-40%,12737,2483,47693,0.2670622523221437,63,92,222,198,0.66875,square,True,True,True,vim_s,pretrained,9,9,0.48198162832692154,0.49902337360511123,ok,
2009_005000,1,24721,0.4926857461734694,>=40%,24721,4826,45350,0.5451157662624035,0,29,223,179,0.6741071428571429,square,True,True,True,vim_s,pretrained,8,6,0.4593260790421099,0.34055997938882104,ok,
2009_005085,1,21223,0.4229711415816326,>=40%,21223,2196,47980,0.44233013755731554,77,23,221,223,1.3862068965517242,square,True,True,True,vim_s,pretrained,9,8,0.6103284172831362,0.6992481126664578,ok,
2009_005087,2,1659,0.03306361607142857,2-5%,1659,4231,45945,0.03610839046686255,26,41,150,117,0.616,tall,True,True,True,vim_s,pretrained,6,4,0.2055455093429777,0.12912613103244158,ok,
2009_005160,1,20642,0.4113919005102041,>=40%,20642,2293,47883,0.4310924545245703,7,0,223,138,0.6405529953917051,tall,True,True,True,vim_s,pretrained,7,3,0.7060362367987598,0.7291812505993127,ok,
2009_005287,1,15710,0.31309789540816324,20-40%,15710,1975,48201,0.3259268479907056,75,0,174,223,2.24,wide,True,True,True,vim_s,pretrained,7,7,0.5789942711648631,0.6239360572479474,ok,
2010_000148,3,3901,0.07774633290816327,5-10%,3901,2754,47422,0.08226139766353169,72,0,223,49,0.32894736842105265,tall,True,True,True,vim_s,pretrained,8,1,0.14252755703665726,0.11093521273152286,ok,
2010_000160,1,37878,0.7549027423469388,>=40%,37878,3546,46630,0.8123096718850525,16,0,219,223,1.0980392156862746,square,True,True,True,vim_s,pretrained,7,7,0.8235915307038386,0.8534310202633276,ok,
2010_000160,2,931,0.0185546875,<2%,931,3546,46630,0.019965687325755953,20,0,67,50,1.0625,square,True,True,True,vim_s,pretrained,3,1,0.2631578947368421,0.09728089911847154,ok,
2010_000174,1,6658,0.13269292091836735,10-20%,6658,3240,46936,0.14185273564002046,186,0,223,223,5.894736842105263,wide,True,True,True,vim_s,pretrained,13,6,0.48257735055572243,0.5786415759546598,ok,
2010_000256,1,14579,0.29055723852040816,20-40%,14579,2633,47543,0.30664871800265026,40,0,168,223,1.7364341085271318,wide,True,True,True,vim_s,pretrained,5,4,0.3457027230948625,0.36579409669239715,ok,
2010_000272,1,13790,0.2748325892857143,20-40%,13790,2547,47629,0.2895294883369376,37,0,124,223,2.5454545454545454,wide,True,True,True,vim_s,pretrained,5,7,0.35242929659173317,0.4130937660642475,ok,
2010_000437,1,10501,0.20928332270408162,20-40%,10501,3817,46359,0.22651480834357945,77,0,187,223,2.018018018018018,wide,True,True,True,vim_s,pretrained,8,8,0.12494048185887058,0.11711002905549409,ok,
2010_000503,2,3958,0.07888233418367346,5-10%,3958,2553,47623,0.08311110177855238,93,38,223,83,0.3511450381679389,tall,True,True,True,vim_s,pretrained,10,3,0.22233451237998988,0.17927131437809266,ok,
2010_000503,3,4212,0.08394451530612244,5-10%,4212,2553,47623,0.08844465909329526,85,111,223,153,0.30935251798561153,tall,True,True,True,vim_s,pretrained,9,8,0.26661918328584994,0.25713130153044594,ok,
2010_000622,1,5919,0.11796476403061225,10-20%,5919,1142,49034,0.12071215891014399,87,0,148,175,2.838709677419355,wide,True,True,True,vim_s,pretrained,7,5,0.33569859773610405,0.2549433526112283,ok,
2010_000632,1,825,0.016442123724489797,<2%,825,1086,49090,0.016805866775310655,54,49,120,88,0.5970149253731343,tall,True,True,True,vim_s,pretrained,5,4,0.14181818181818182,0.047050064244277975,ok,
2010_000666,1,9632,0.19196428571428573,10-20%,9632,4058,46118,0.20885554447287394,51,0,198,200,1.3581081081081081,square,True,True,True,vim_s,pretrained,7,6,0.34696843853820597,0.27561810924722263,ok,
2010_000666,2,1820,0.03627232142857143,2-5%,1820,4058,46118,0.03946398369400234,22,72,110,128,0.6404494382022472,tall,True,True,True,vim_s,pretrained,3,6,0.008791208791208791,0.03802279403704763,ok,
2010_000675,1,29586,0.5896444515306123,>=40%,29586,1748,48428,0.6109275625671099,0,0,223,184,0.8258928571428571,square,True,True,True,vim_s,pretrained,7,6,0.5575272088149801,0.5290683550227657,ok,
2010_000738,2,787,0.015684789540816327,<2%,787,2387,47789,0.01646822490531294,73,187,106,217,0.9117647058823529,square,True,True,True,vim_s,pretrained,5,12,0.29733163913595934,0.17662664462392472,ok,
2010_000874,2,22189,0.4422233737244898,>=40%,22189,4644,45532,0.4873275937801985,4,71,223,223,0.6954545454545454,square,True,True,True,vim_s,pretrained,6,9,0.6288701608905314,0.7645862474024456,ok,
2010_000952,1,22031,0.43907445790816324,>=40%,22031,1672,48504,0.4542099620649843,35,0,181,223,1.5238095238095237,wide,True,True,True,vim_s,pretrained,6,7,0.5253052516907993,0.6639078029433877,ok,
2010_000986,1,1577,0.03142936862244898,2-5%,1577,1276,48900,0.03224948875255624,59,133,94,223,2.5277777777777777,wide,True,True,True,vim_s,pretrained,5,11,0.08370323398858592,0.06052530174106946,ok,
2010_001024,3,991,0.01975047831632653,<2%,991,5084,45092,0.021977290871995032,13,94,87,124,0.41333333333333333,tall,True,True,True,vim_s,pretrained,2,6,0.11200807265388496,0.0630711807598685,ok,
2010_001120,2,6030,0.12017697704081633,10-20%,6030,5835,44341,0.1359915202634131,86,0,223,92,0.6739130434782609,square,True,True,True,vim_s,pretrained,11,3,0.3628524046434494,0.2718698212933231,ok,
2010_001131,2,21746,0.43339445153061223,>=40%,21746,3164,47012,0.4625627499361865,0,1,172,173,1.0,square,True,True,True,vim_s,pretrained,5,5,0.6316104111100892,0.7116268222888371,ok,
2010_001246,4,915,0.01823580994897959,<2%,915,1652,48524,0.01885664825653285,97,72,135,109,0.9743589743589743,square,True,True,True,vim_s,pretrained,7,5,0.43387978142076505,0.1045347808670881,ok,
2010_001247,1,864,0.01721938775510204,<2%,864,1674,48502,0.017813698404189518,22,57,69,99,0.8958333333333334,square,True,True,True,vim_s,pretrained,2,4,0.2974537037037037,0.08696671602093876,ok,
2010_001247,4,1373,0.027363679846938774,2-5%,1373,1674,48502,0.02830811100573172,108,56,165,105,0.8620689655172413,square,True,True,True,vim_s,pretrained,8,4,0.23306627822286963,0.10325291282065019,ok,
2010_001279,1,2753,0.05486686862244898,5-10%,2753,3005,47171,0.058362129274342284,108,132,190,223,1.108433734939759,square,True,True,True,vim_s,pretrained,9,11,0.5619324373410824,0.552818428046712,ok,
2010_001282,1,5113,0.10190130739795919,10-20%,5113,1173,49003,0.10434055057853601,63,117,222,223,0.66875,square,True,True,True,vim_s,pretrained,6,11,0.33483277919029925,0.27510156949225734,ok,
2010_001367,1,3463,0.0690170599489796,5-10%,3463,4689,45487,0.07613164200760657,49,54,206,208,0.9810126582278481,square,True,True,True,vim_s,pretrained,6,6,0.1570892289922033,0.10918431456982056,ok,
2010_001367,3,14281,0.2846181441326531,20-40%,14281,4689,45487,0.313957834106448,0,121,221,223,0.46396396396396394,tall,True,True,True,vim_s,pretrained,6,11,0.392409495133394,0.37723718300439657,ok,
2010_001403,2,845,0.016840720663265307,<2%,845,1493,48683,0.017357188340899287,135,0,194,19,0.3333333333333333,tall,True,True,True,vim_s,pretrained,10,0,0.13609467455621302,0.06100036426650942,ok,
2010_001514,3,4988,0.09941007653061225,5-10%,4988,7581,42595,0.11710294635520602,0,0,69,113,1.6285714285714286,wide,True,True,True,vim_s,pretrained,1,3,0.28047313552526065,0.15835816977011183,ok,
2010_001522,1,10292,0.20511798469387754,20-40%,10292,3495,46681,0.22047513977849661,81,0,187,213,2.0,wide,True,True,True,vim_s,pretrained,8,6,0.5711232024873688,0.5593074847844695,ok,
2010_001576,1,39361,0.7844587053571429,>=40%,39361,702,49474,0.7955896026195578,30,0,223,223,1.1546391752577319,square,True,True,True,vim_s,pretrained,8,6,0.8671781712862986,0.9537148466829966,ok,
2010_001579,1,16761,0.3340441645408163,20-40%,16761,3462,46714,0.3588003596352271,142,0,222,223,2.765432098765432,wide,True,True,True,vim_s,pretrained,11,7,0.7699421275580216,0.8561171266114668,ok,
2010_001579,2,10936,0.21795280612244897,20-40%,10936,3462,46714,0.23410540737252217,2,0,150,129,0.87248322147651,square,True,True,True,vim_s,pretrained,5,4,0.4473299195318215,0.5455598788223395,ok,
2010_001590,1,33632,0.670280612244898,>=40%,33632,2289,47887,0.7023200451061875,19,0,213,223,1.1487179487179486,square,True,True,True,vim_s,pretrained,7,6,0.7025154614652712,0.605605380597739,ok,
2010_001619,3,1989,0.03964046556122449,2-5%,1989,3633,46543,0.042734675461401285,123,12,219,52,0.422680412371134,tall,True,True,True,vim_s,pretrained,10,1,0.14580191050779287,0.21799689641916922,ok,
2010_001807,1,686,0.013671875,<2%,686,2946,47230,0.014524666525513446,192,93,214,135,1.8695652173913044,wide,True,True,True,vim_s,pretrained,12,7,0.28425655976676384,0.09951428314734664,ok,
2010_001850,2,1581,0.03150908801020408,2-5%,1581,4228,45948,0.034408461739357535,113,3,185,51,0.6712328767123288,square,True,True,True,vim_s,pretrained,9,1,0.29601518026565465,0.14677087400405092,ok,
2010_001850,3,3287,0.0655094068877551,5-10%,3287,4228,45948,0.07153739009314877,7,203,223,223,0.0967741935483871,tall,True,True,True,vim_s,pretrained,7,13,0.05111043504715546,0.06157162608021192,ok,
2010_001852,1,9352,0.18638392857142858,10-20%,9352,2347,47829,0.1955299086328378,21,144,214,223,0.41237113402061853,tall,True,True,True,vim_s,pretrained,8,11,0.4173438836612489,0.4572025036405237,ok,
2010_002018,7,996,0.01985012755102041,<2%,996,4231,45945,0.02167809337251061,27,35,92,66,0.48484848484848486,tall,True,True,True,vim_s,pretrained,3,3,0.2710843373493976,0.09790070820743521,ok,
2010_002020,1,27556,0.549186862244898,>=40%,27556,10473,39703,0.6940533460947536,0,8,223,204,0.8794642857142857,square,True,True,True,vim_s,pretrained,7,6,0.6529249528233415,0.6971500797050463,ok,
2010_002032,6,3458,0.06891741071428571,5-10%,3458,3388,46788,0.0739078396169958,121,14,199,149,1.7215189873417722,wide,True,True,True,vim_s,pretrained,8,4,0.21197223828802778,0.1921085429348854,ok,
2010_002039,2,1986,0.03958067602040816,2-5%,1986,4307,45869,0.04329721598465194,103,104,170,150,0.6911764705882353,square,True,True,True,vim_s,pretrained,8,8,0.11983887210473314,0.08320051465970985,ok,
2010_002039,4,846,0.01686065051020408,<2%,846,4307,45869,0.018443829165667443,116,193,163,223,0.6458333333333334,tall,True,True,True,vim_s,pretrained,8,12,0.367612293144208,0.12575459784166812,ok,
2010_002039,11,992,0.019770408163265307,<2%,992,4307,45869,0.021626806775818092,56,177,117,219,0.6935483870967742,square,True,True,True,vim_s,pretrained,5,12,0.02217741935483871,0.02520694113217896,ok,
2010_002147,1,14582,0.29061702806122447,20-40%,14582,2576,47600,0.30634453781512605,21,0,191,223,1.3099415204678362,square,True,True,True,vim_s,pretrained,7,6,0.17151282402962556,0.17868107403760175,ok,
2010_002251,1,9173,0.18281648596938777,10-20%,9173,3830,46346,0.19792430846243472,100,0,223,173,1.403225806451613,square,True,True,True,vim_s,pretrained,10,5,0.3220320505832334,0.2699342317739154,ok,
2010_002305,1,12461,0.24834582270408162,20-40%,12461,37715,12461,1.0,100,0,185,215,2.511627906976744,wide,True,True,True,vim_s,pretrained,8,6,1.0,1.0,ok,
2010_002310,1,5270,0.10503029336734694,10-20%,5270,1658,48518,0.10861948142957253,84,2,158,223,2.96,wide,True,True,True,vim_s,pretrained,7,6,0.07874762808349146,0.08115202984411296,ok,
2010_002336,3,3018,0.06014827806122449,5-10%,3018,5008,45168,0.06681721572794899,57,0,209,91,0.6013071895424836,tall,True,True,True,vim_s,pretrained,7,3,0.15705765407554673,0.11729126473233534,ok,
2010_002338,1,12063,0.24041374362244897,20-40%,12063,1794,48382,0.24932826257699145,76,0,181,203,1.9245283018867925,wide,True,True,True,vim_s,pretrained,7,4,0.576473514051231,0.4771000054317691,ok,
2010_002348,1,31292,0.6236447704081632,>=40%,31292,2640,47536,0.658280040390441,2,3,223,223,0.9954954954954955,square,True,True,True,vim_s,pretrained,6,7,0.7377604499552601,0.8505042136483336,ok,
2010_002396,2,7112,0.14174107142857142,10-20%,7112,3380,46796,0.15197880160697497,81,34,223,155,0.8531468531468531,square,True,True,True,vim_s,pretrained,9,6,0.08619235095613048,0.12240615047695837,ok,
2010_002455,1,13690,0.27283960459183676,20-40%,13690,17160,33016,0.41464744366367823,2,127,221,203,0.35,tall,True,True,True,vim_s,pretrained,7,10,0.35120525931336743,0.3548318857396239,ok,
2010_002527,2,17816,0.35507015306122447,20-40%,17816,1854,48322,0.3686933487852324,0,27,156,223,1.2547770700636942,square,True,True,True,vim_s,pretrained,4,9,0.6611472833408173,0.8416787463968722,ok,
2010_002570,2,21218,0.42287149234693877,>=40%,21218,2721,47455,0.4471183226214308,0,0,186,223,1.1978609625668448,square,True,True,True,vim_s,pretrained,6,8,0.4880290319540013,0.4842856806938282,ok,
2010_002659,2,9661,0.1925422512755102,10-20%,9661,3911,46265,0.20881876148276235,1,0,93,128,1.3870967741935485,square,True,True,True,vim_s,pretrained,2,3,0.6193975778904875,0.6440916624981015,ok,
2010_002720,4,902,0.01797672193877551,<2%,902,5285,44891,0.020093114432737074,53,0,122,29,0.42857142857142855,tall,True,True,True,vim_s,pretrained,5,0,0.23170731707317074,0.0942249101008437,ok,
2010_002763,5,6652,0.1325733418367347,10-20%,6652,5487,44689,0.1488509476604981,42,35,153,142,0.9642857142857143,square,True,True,True,vim_s,pretrained,6,4,0.33944678292242936,0.30483013576710766,ok,
2010_002921,2,670,0.013352997448979591,<2%,670,3067,47109,0.014222335434842599,177,0,221,30,0.6888888888888889,square,True,True,True,vim_s,pretrained,12,0,0.005970149253731343,0.02821978835135536,ok,
2010_002921,3,2759,0.054986447704081634,5-10%,2759,3067,47109,0.05856630367870258,105,118,161,172,0.9649122807017544,square,True,True,True,vim_s,pretrained,8,9,0.19173613628126132,0.14410425263629914,ok,
2010_002929,7,871,0.01735889668367347,<2%,871,4244,45932,0.018962814595488982,46,121,90,156,0.8,square,True,True,True,vim_s,pretrained,4,8,0.013777267508610792,0.03491684649962035,ok,
2010_002988,3,1727,0.03441884566326531,2-5%,1727,1545,48631,0.035512327527708665,106,13,151,90,1.6956521739130435,wide,True,True,True,vim_s,pretrained,7,2,0.06079907353792704,0.053455775300950636,ok,
2010_003010,1,3324,0.06624681122448979,5-10%,3324,3547,46629,0.07128610950267002,110,160,198,223,0.7191011235955056,square,True,True,True,vim_s,pretrained,9,12,0.24608904933814682,0.15955263016375887,ok,
2010_003060,1,20781,0.41416214923469385,>=40%,20781,1978,48198,0.43115896925183617,0,0,223,155,0.6964285714285714,square,True,True,True,vim_s,pretrained,6,5,0.4811125547375006,0.4515410653233636,ok,
2010_003123,3,29922,0.5963408801020408,>=40%,29922,1003,49173,0.6085046671954121,73,0,223,223,1.4834437086092715,square,True,True,True,vim_s,pretrained,9,6,0.6526301717799612,0.6850249180683641,ok,
2010_003157,2,2304,0.04591836734693878,2-5%,2304,3415,46761,0.04927182908834285,62,35,191,118,0.6461538461538462,tall,True,True,True,vim_s,pretrained,7,3,0.12890625,0.07794613257415266,ok,
2010_003168,1,4650,0.09267378826530612,5-10%,4650,1778,48398,0.09607835034505557,37,0,114,131,1.6923076923076923,wide,True,True,True,vim_s,pretrained,4,4,0.5468817204301075,0.47349635267927137,ok,
2010_003187,1,24164,0.48158482142857145,>=40%,24164,1011,49165,0.49148784704566256,0,0,130,223,1.7099236641221374,wide,True,True,True,vim_s,pretrained,3,7,0.6877586492302599,0.7412516450539005,ok,
2010_003203,2,622,0.012396364795918368,<2%,622,3108,47068,0.01321492308999745,169,0,189,31,1.5238095238095237,wide,True,True,True,vim_s,pretrained,11,0,0.2861736334405145,0.06915142850716328,ok,
2010_003203,5,2788,0.055564413265306124,5-10%,2788,3108,47068,0.059233449477351915,42,156,133,223,0.7391304347826086,square,True,True,True,vim_s,pretrained,6,12,0.10007173601147776,0.07906133822442997,ok,
2010_003380,1,31256,0.6229272959183674,>=40%,31256,3634,46542,0.6715654677495595,0,0,223,209,0.9375,square,True,True,True,vim_s,pretrained,7,6,0.7356667519836192,0.5966674583531041,ok,
2010_003381,1,30326,0.6043925382653061,>=40%,30326,2561,47615,0.6369001365116035,62,0,222,223,1.391304347826087,square,True,True,True,vim_s,pretrained,9,6,0.7408494361274154,0.7890227935683491,ok,
2010_003409,2,1768,0.035235969387755105,2-5%,1768,2166,48010,0.036825661320558215,102,102,200,138,0.37373737373737376,tall,True,True,True,vim_s,pretrained,9,7,0.03902714932126697,0.03962931795775282,ok,
2010_003418,1,4310,0.08589764030612244,5-10%,4310,1113,49063,0.08784623850967124,20,61,156,151,0.6642335766423357,tall,True,True,True,vim_s,pretrained,6,6,0.08932714617169374,0.09177784723730605,ok,
2010_003453,1,33276,0.6631855867346939,>=40%,33276,1941,48235,0.6898724992225562,31,0,215,223,1.2108108108108109,square,True,True,True,vim_s,pretrained,7,7,0.7445606443082101,0.7651168423384814,ok,
2010_003495,1,9836,0.19602997448979592,10-20%,9836,2771,47405,0.2074886615335935,6,0,193,223,1.1914893617021276,square,True,True,True,vim_s,pretrained,6,7,0.12108580723871493,0.14949716706831323,ok,
2010_003531,5,734,0.014628507653061224,<2%,734,5572,44604,0.016455923235584254,132,2,221,30,0.32222222222222224,tall,True,True,True,vim_s,pretrained,9,0,0.1880108991825613,0.07485230807169493,ok,
2010_003531,8,800,0.01594387755102041,<2%,800,5572,44604,0.01793561115595014,136,192,164,223,1.103448275862069,square,True,True,True,vim_s,pretrained,9,13,0.18125,0.07862425120624372,ok,
2010_003532,1,19587,0.3903659119897959,20-40%,19587,3941,46235,0.42364009949172704,14,6,215,218,1.0544554455445545,square,True,True,True,vim_s,pretrained,5,7,0.5825292285699699,0.7407770032247415,ok,
2010_003597,4,937,0.018674266581632654,<2%,937,4517,45659,0.02052169342298342,108,183,221,223,0.35964912280701755,tall,True,True,True,vim_s,pretrained,7,13,0.051227321237993596,0.03965206553615164,ok,
2010_003597,9,1168,0.023278061224489797,2-5%,1168,4517,45659,0.025580936945618606,83,81,137,113,0.6,tall,True,True,True,vim_s,pretrained,6,6,0.2011986301369863,0.09447856212480565,ok,
2010_003680,1,8650,0.17239317602040816,10-20%,8650,1917,48259,0.1792411778113927,25,47,187,187,0.8650306748466258,square,True,True,True,vim_s,pretrained,6,8,0.0930635838150289,0.12327571250647404,ok,
2010_003746,2,2022,0.04029815051020408,2-5%,2022,4460,45716,0.04422959139032286,14,0,67,81,1.5185185185185186,wide,True,True,True,vim_s,pretrained,2,1,0.18694362017804153,0.09758469235907416,ok,
2010_003746,3,4040,0.08051658163265306,5-10%,4040,4460,45716,0.08837168606177269,0,90,171,223,0.7790697674418605,square,True,True,True,vim_s,pretrained,1,12,0.1891089108910891,0.15270071485510203,ok,
2010_003764,1,16056,0.3199936224489796,20-40%,16056,2181,47995,0.3345348473799354,23,46,170,223,1.2027027027027026,square,True,True,True,vim_s,pretrained,5,8,0.48449177877429,0.4153011408701014,ok,
2010_003884,2,4341,0.08651546556122448,5-10%,4341,3805,46371,0.09361454357249142,2,176,165,223,0.2926829268292683,tall,True,True,True,vim_s,pretrained,5,13,0.2983183598249251,0.1963598122726298,ok,
2010_004056,1,4379,0.08727279974489796,5-10%,4379,1287,48889,0.08957025097670232,93,5,205,119,1.0176991150442478,square,True,True,True,vim_s,pretrained,9,3,0.36469513587577074,0.3812262377845362,ok,
2010_004060,1,7125,0.1420001594387755,10-20%,7125,1348,48828,0.1459203735561563,65,94,215,181,0.5827814569536424,tall,True,True,True,vim_s,pretrained,8,8,0.12449122807017544,0.0997129275796547,ok,
2010_004171,1,29720,0.5923150510204082,>=40%,29720,3039,47137,0.6305025775929737,0,26,223,223,0.8839285714285714,square,True,True,True,vim_s,pretrained,7,8,0.576985195154778,0.5746667907900638,ok,
2010_004226,2,2818,0.056162308673469385,5-10%,2818,2866,47310,0.05956457408581695,92,161,193,223,0.6176470588235294,tall,True,True,True,vim_s,pretrained,8,12,0.2508871540099361,0.14135358515923646,ok,
2010_004320,1,24486,0.48800223214285715,>=40%,24486,2103,48073,0.50935036298962,0,0,181,205,1.1318681318681318,square,True,True,True,vim_s,pretrained,5,5,0.5497427101200686,0.5229414038696568,ok,
2010_004520,1,20370,0.40597098214285715,>=40%,20370,1466,48710,0.4181892835146787,0,57,223,163,0.47767857142857145,tall,True,True,True,vim_s,pretrained,7,6,0.29062346588119786,0.3459401302576611,ok,
2010_004551,1,19379,0.3862205038265306,20-40%,19379,30797,19379,1.0,0,60,223,169,0.49107142857142855,tall,True,True,True,vim_s,pretrained,7,7,1.0,1.0,ok,
2010_004560,1,5684,0.11328125,10-20%,5684,6406,43770,0.12986063513822252,35,0,181,109,0.7482993197278912,square,True,True,True,vim_s,pretrained,5,2,0.33638282899366645,0.3884349317465947,ok,
2010_004625,1,34411,0.6858059630102041,>=40%,34411,1709,48467,0.7099882394206367,19,0,198,223,1.2444444444444445,square,True,True,True,vim_s,pretrained,7,7,0.7442678213362006,0.8072208700262068,ok,
2010_004628,2,793,0.01580436862244898,<2%,793,1208,48968,0.01619424930566901,120,139,169,164,0.52,tall,True,True,True,vim_s,pretrained,9,9,0.08448928121059268,0.03925388725144634,ok,
2010_004683,2,2856,0.056919642857142856,5-10%,2856,7614,42562,0.0671021098632583,108,0,180,69,0.958904109589041,square,True,True,True,vim_s,pretrained,9,1,0.2916666666666667,0.18632436376315478,ok,
2010_004763,3,13489,0.26883370535714285,20-40%,13489,19211,30965,0.4356208622638463,0,0,223,153,0.6875,square,True,True,True,vim_s,pretrained,3,6,0.6067907183631107,0.7018175489915885,ok,
2010_004783,2,722,0.014389349489795918,<2%,722,2908,47268,0.015274604383515274,137,0,193,29,0.5263157894736842,tall,True,True,True,vim_s,pretrained,10,0,0.2631578947368421,0.07639876665765172,ok,
2010_004941,1,18749,0.37366470025510207,20-40%,18749,5223,44953,0.41708006139745957,24,18,223,209,0.96,square,True,True,True,vim_s,pretrained,7,7,0.42540935516560885,0.42650138606089893,ok,
2010_004946,1,20080,0.40019132653061223,>=40%,20080,1583,48593,0.4132282427510135,61,24,214,194,1.1103896103896105,square,True,True,True,vim_s,pretrained,8,6,0.5777888446215139,0.7730487091914896,ok,
2010_004994,3,2795,0.05570392219387755,5-10%,2795,2736,47440,0.05891652613827993,69,188,194,223,0.2857142857142857,tall,True,True,True,vim_s,pretrained,7,13,0.29445438282647585,0.18864295179334248,ok,
2010_005063,1,618,0.012316645408163265,<2%,618,1816,48360,0.012779156327543425,92,204,125,223,0.5882352941176471,tall,True,True,True,vim_s,pretrained,6,13,0.0,0.012047771464070278,ok,
2010_005106,1,3827,0.07627152423469388,5-10%,3827,2891,47285,0.08093475732261816,75,12,161,223,2.4367816091954024,wide,True,True,True,vim_s,pretrained,7,7,0.1588711784687745,0.18058197250714228,ok,
2010_005108,1,28480,0.5676020408163265,>=40%,28480,2657,47519,0.5993392116837476,31,0,223,220,1.145077720207254,square,True,True,True,vim_s,pretrained,8,5,0.6807935393258427,0.7828584960162724,ok,
2010_005128,1,10110,0.20149075255102042,20-40%,10110,1602,48574,0.20813603985671347,74,9,166,197,2.032258064516129,wide,True,True,True,vim_s,pretrained,6,5,0.5443125618199802,0.5215732906313124,ok,
2010_005129,1,1566,0.031210140306122448,2-5%,1566,566,49610,0.031566216488611167,66,100,142,134,0.45454545454545453,tall,True,True,True,vim_s,pretrained,6,7,0.21711366538952745,0.0930967323894052,ok,
2010_005166,6,2223,0.04430404974489796,2-5%,2223,7508,42668,0.05209993437705072,36,164,121,220,0.6627906976744186,tall,True,True,True,vim_s,pretrained,5,11,0.3634727845254161,0.21276550581545403,ok,
2010_005180,2,791,0.015764508928571428,<2%,791,631,49545,0.015965284085175092,102,58,126,90,1.32,square,True,True,True,vim_s,pretrained,7,4,0.20101137800252844,0.06352095539325084,ok,
2010_005217,1,19868,0.39596619897959184,20-40%,19868,1677,48499,0.4096579310913627,63,0,188,223,1.7777777777777777,wide,True,True,True,vim_s,pretrained,7,7,0.5818904771491846,0.5650540836210002,ok,
2010_005223,2,2644,0.05269451530612245,5-10%,2644,3652,46524,0.05683088298512596,99,72,177,139,0.8607594936708861,square,True,True,True,vim_s,pretrained,8,6,0.37821482602118,0.26508432569293244,ok,
2010_005223,3,2810,0.05600286989795918,5-10%,2810,3652,46524,0.06039893388358696,97,0,177,73,0.9135802469135802,square,True,True,True,vim_s,pretrained,7,1,0.3747330960854093,0.23787709655618308,ok,
2010_005252,2,1624,0.03236607142857143,2-5%,1624,2651,47525,0.03417148869016307,101,131,158,188,1.0,square,True,True,True,vim_s,pretrained,8,9,0.24938423645320196,0.1187865298096545,ok,
2010_005318,4,909,0.018116230867346938,<2%,909,7678,42498,0.021389241846675136,41,4,97,28,0.43859649122807015,tall,True,True,True,vim_s,pretrained,4,0,0.3069306930693069,0.12230272423819354,ok,
2010_005450,1,11135,0.2219188456632653,20-40%,11135,1259,48917,0.2276304761125989,23,108,149,223,0.9133858267716536,square,True,True,True,vim_s,pretrained,4,10,0.508307139649753,0.48085563633501616,ok,
2010_005457,1,39327,0.7837810905612245,>=40%,39327,1823,48353,0.8133311273343949,2,0,219,223,1.0275229357798166,square,True,True,True,vim_s,pretrained,6,7,0.8138429069087395,0.7919070984040256,ok,
2010_005519,1,1346,0.026825573979591837,2-5%,1346,1802,48374,0.02782486459668417,134,198,221,223,0.29545454545454547,tall,True,True,True,vim_s,pretrained,10,13,0.22065378900445765,0.10346317221984948,ok,
2010_005522,1,4613,0.09193638392857142,5-10%,4613,1347,48829,0.09447254705195683,67,108,188,188,0.6639344262295082,tall,True,True,True,vim_s,pretrained,7,9,0.5027097333622371,0.3493335083868235,ok,
2010_005678,1,42378,0.8445870535714286,>=40%,42378,1055,49121,0.8627267360192179,11,0,212,223,1.108910891089109,square,True,True,True,vim_s,pretrained,6,6,0.8961725423568833,0.9854031167518364,ok,
2010_005709,2,17174,0.3422751913265306,20-40%,17174,16475,33701,0.5095991216877838,0,30,223,212,0.8169642857142857,square,True,True,True,vim_s,pretrained,8,7,0.4199953417957377,0.42267739077619493,ok,
2010_005744,1,7949,0.15842235331632654,10-20%,7949,1318,48858,0.16269597609398664,68,43,167,142,1.0,square,True,True,True,vim_s,pretrained,7,5,0.17977104038243805,0.22331594469175095,ok,
2010_005788,1,1435,0.028599330357142856,2-5%,1435,2865,47311,0.03033121261440257,74,179,129,223,0.8035714285714286,square,True,True,True,vim_s,pretrained,6,12,0.17282229965156795,0.07362476198949301,ok,
2010_005796,1,880,0.017538265306122448,<2%,880,1740,48436,0.018168304566851104,55,0,86,36,1.15625,square,True,True,True,vim_s,pretrained,4,1,0.11477272727272728,0.07041389484472153,ok,
2010_005810,6,15299,0.30490672831632654,20-40%,15299,2985,47191,0.32419317242694584,0,0,124,208,1.672,wide,True,True,True,vim_s,pretrained,3,4,0.31034708150859536,0.34607234516086155,ok,
2010_005830,5,1655,0.03298389668367347,2-5%,1655,8584,41592,0.03979130602038854,93,48,211,112,0.5462184873949579,tall,True,True,True,vim_s,pretrained,8,5,0.029607250755287008,0.045918446631429355,ok,
2010_005835,1,9543,0.1901905293367347,10-20%,9543,2401,47775,0.19974882260596546,61,73,214,201,0.8376623376623377,square,True,True,True,vim_s,pretrained,9,8,0.16378497327884314,0.184111202272235,ok,
2010_005835,2,33418,0.666015625,>=40%,33418,2401,47775,0.6994871794871795,0,0,223,223,1.0,square,True,True,True,vim_s,pretrained,6,6,0.7397510323777605,0.7609186850205956,ok,
2010_005871,2,2633,0.05247528698979592,5-10%,2633,3735,46441,0.056695592256842016,20,19,127,165,1.3611111111111112,square,True,True,True,vim_s,pretrained,3,5,0.11545765286745158,0.07773761232830667,ok,
2010_005952,1,18965,0.37796954719387754,20-40%,18965,8640,41536,0.45659187211093993,0,47,223,148,0.45535714285714285,tall,True,True,True,vim_s,pretrained,7,6,0.4319008700237279,0.3772766720423796,ok,
2011_000051,3,3410,0.06796077806122448,5-10%,3410,2366,47810,0.07132399079690441,57,0,223,37,0.2275449101796407,tall,True,True,True,vim_s,pretrained,8,0,0.34252199413489737,0.24522075306029198,ok,
2011_000112,1,964,0.01921237244897959,<2%,964,1095,49081,0.019641001609584156,130,4,155,78,2.8846153846153846,wide,True,True,True,vim_s,pretrained,9,2,0.3599585062240664,0.10726325949279861,ok,
2011_000112,2,1825,0.03637197066326531,2-5%,1825,1095,49081,0.03718343147042644,124,135,167,203,1.5681818181818181,wide,True,True,True,vim_s,pretrained,9,10,0.20767123287671233,0.09676176613212918,ok,
2011_000122,2,22744,0.4532844387755102,>=40%,22744,1869,48307,0.47082203407373674,0,0,220,223,1.0135746606334841,square,True,True,True,vim_s,pretrained,5,7,0.4752901864227928,0.5616328102018666,ok,
2011_000208,2,19994,0.39847735969387754,20-40%,19994,1635,48541,0.4118992192167446,76,0,187,223,2.0,wide,True,True,True,vim_s,pretrained,8,7,0.4855956787036111,0.5251423041576989,ok,
2011_000252,2,2694,0.05369100765306122,5-10%,2694,3113,47063,0.0572424197352485,59,29,190,73,0.3409090909090909,tall,True,True,True,vim_s,pretrained,7,3,0.29398663697104677,0.23928315173371173,ok,
2011_000312,2,6220,0.12396364795918367,10-20%,6220,1433,48743,0.12760806679933528,44,0,107,106,1.671875,wide,True,True,True,vim_s,pretrained,4,3,0.19742765273311896,0.1847153184967519,ok,
2011_000338,4,1153,0.022979113520408163,2-5%,1153,2975,47201,0.024427448571004852,161,0,223,81,1.3015873015873016,square,True,True,True,vim_s,pretrained,10,1,0.18473547267996532,0.08667606845372988,ok,
2011_000379,2,17519,0.34915098852040816,20-40%,17519,4456,45720,0.38318022747156605,1,0,223,223,1.0044843049327354,square,True,True,True,vim_s,pretrained,9,6,0.3537873166276614,0.4385633745605236,ok,
2011_000400,1,1800,0.03587372448979592,2-5%,1800,5023,45153,0.039864460833167234,77,82,116,126,1.125,square,True,True,True,vim_s,pretrained,6,6,0.085,0.06235085054429959,ok,
2011_000438,5,5020,0.10004783163265306,10-20%,5020,6057,44119,0.11378317731589564,133,0,223,124,1.3736263736263736,square,True,True,True,vim_s,pretrained,11,4,0.19880478087649403,0.20494627334768514,ok,
2011_000503,6,5180,0.10323660714285714,10-20%,5180,1550,48626,0.1065273721877185,168,65,223,223,2.8392857142857144,wide,True,True,True,vim_s,pretrained,12,10,0.29034749034749036,0.4616547747958908,ok,
2011_000512,1,21132,0.4211575255102041,>=40%,21132,3608,46568,0.453788008933173,5,18,213,216,0.9521531100478469,square,True,True,True,vim_s,pretrained,7,7,0.5103634298693924,0.6428509213865533,ok,
2011_000526,1,35443,0.7063735650510204,>=40%,35443,2648,47528,0.7457288335297088,18,0,223,223,1.087378640776699,square,True,True,True,vim_s,pretrained,7,7,0.7552125948706374,0.8257619394737492,ok,
2011_000548,2,8304,0.16549744897959184,10-20%,8304,5543,44633,0.18605067999014183,62,58,178,193,1.1623931623931625,square,True,True,True,vim_s,pretrained,6,7,0.34947013487475914,0.41928851600811057,ok,
2011_000566,1,10489,0.2090441645408163,20-40%,10489,4666,45510,0.23047681828169633,97,94,223,223,1.0236220472440944,square,True,True,True,vim_s,pretrained,9,10,0.424730670225951,0.4946456538970591,ok,
2011_000573,1,2746,0.05472735969387755,5-10%,2746,5141,45035,0.0609747973798157,125,84,223,175,0.9292929292929293,square,True,True,True,vim_s,pretrained,9,8,0.10742898761835397,0.10364945189856707,ok,
2011_000589,2,2360,0.0470344387755102,2-5%,2360,818,49358,0.047813930872401635,9,0,115,42,0.40186915887850466,tall,True,True,True,vim_s,pretrained,3,1,0.21949152542372882,0.13406015707386745,ok,
2011_000607,2,901,0.017956792091836735,<2%,901,1178,48998,0.018388505653291972,99,183,132,214,0.9411764705882353,square,True,True,True,vim_s,pretrained,7,12,0.1320754716981132,0.053627275507708655,ok,
2011_000638,3,6112,0.12181122448979592,10-20%,6112,2987,47189,0.12952171056814088,71,0,223,57,0.3790849673202614,tall,True,True,True,vim_s,pretrained,9,1,0.1261452879581152,0.13088035044215743,ok,
2011_000780,1,16130,0.321468431122449,20-40%,16130,15556,34620,0.46591565569035237,0,0,210,163,0.7772511848341233,square,True,True,True,vim_s,pretrained,5,5,0.5615623062616243,0.5786240966930116,ok,
2011_000834,4,1880,0.03746811224489796,2-5%,1880,2509,47667,0.03944028363438018,93,17,149,76,1.0526315789473684,square,True,True,True,vim_s,pretrained,7,2,0.3893617021276596,0.18431610516360103,ok,
2011_000944,1,42904,0.8550701530612245,>=40%,42904,2221,47955,0.8946720884162236,0,0,202,223,1.103448275862069,square,True,True,True,vim_s,pretrained,6,7,0.8857216110385978,0.8969086047728911,ok,
2011_000973,1,13115,0.26137994260204084,20-40%,13115,1463,48713,0.26922997967688295,31,21,208,160,0.7865168539325843,square,True,True,True,vim_s,pretrained,8,6,0.4174609226077011,0.402424672833196,ok,
2011_001027,4,2020,0.04025829081632653,2-5%,2020,6473,43703,0.04622108322083152,57,0,114,119,2.0689655172413794,wide,True,True,True,vim_s,pretrained,5,5,0.27772277227722775,0.16083444349272408,ok,
2011_001060,2,3089,0.06156329719387755,5-10%,3089,6110,44066,0.07009939636000545,36,139,179,186,0.3333333333333333,tall,True,True,True,vim_s,pretrained,5,10,0.3917125283263192,0.3218174098778318,ok,
2011_001071,3,12496,0.24904336734693877,20-40%,12496,2942,47234,0.26455519329296695,23,0,223,111,0.5572139303482587,tall,True,True,True,vim_s,pretrained,8,2,0.29337387964148526,0.25434377916980644,ok,
2011_001135,1,11688,0.23294005102040816,20-40%,11688,2068,48108,0.24295335495135945,42,7,213,157,0.877906976744186,square,True,True,True,vim_s,pretrained,7,5,0.47997946611909653,0.48516386792030985,ok,
2011_001139,2,3228,0.06433354591836735,5-10%,3228,2693,47483,0.06798222521744625,24,12,132,94,0.7614678899082569,square,True,True,True,vim_s,pretrained,5,2,0.2586741016109046,0.18446212964511302,ok,
2011_001161,1,1574,0.031369579081632654,2-5%,1574,623,49553,0.031763969890823966,90,73,152,114,0.6666666666666666,tall,True,True,True,vim_s,pretrained,7,5,0.08958068614993647,0.0602728070531838,ok,
2011_001175,4,1326,0.026426977040816327,2-5%,1326,9497,40679,0.03259667150126601,127,160,174,200,0.8541666666666666,square,True,True,True,vim_s,pretrained,9,11,0.3310708898944193,0.16713923501875735,ok,
2011_001211,1,22439,0.4472058354591837,>=40%,22439,2085,48091,0.466594581106652,0,28,223,180,0.6830357142857143,square,True,True,True,vim_s,pretrained,7,6,0.36891127055572887,0.34294525204526194,ok,
2011_001292,1,23142,0.46121651785714285,>=40%,23142,1475,48701,0.47518531446992873,33,34,206,223,1.0919540229885059,square,True,True,True,vim_s,pretrained,7,8,0.47009765793794833,0.39821097617529655,ok,
2011_001346,3,1663,0.03314333545918367,2-5%,1663,6989,43187,0.038506958112394934,146,25,223,155,1.6794871794871795,wide,True,True,True,vim_s,pretrained,11,5,0.15694527961515334,0.09749101039836672,ok,
2011_001350,1,1599,0.03186782525510204,2-5%,1599,1851,48325,0.033088463528194514,133,114,179,191,1.6595744680851063,wide,True,True,True,vim_s,pretrained,9,9,0.41776110068792993,0.1915500018934758,ok,
2011_001350,2,7903,0.15750558035714285,10-20%,7903,1851,48325,0.16353854112778066,77,81,179,217,1.3300970873786409,square,True,True,True,vim_s,pretrained,7,9,0.36163482221941035,0.2867951343613865,ok,
2011_001412,5,1081,0.021544164540816327,2-5%,1081,6346,43830,0.02466347250741501,62,157,171,223,0.6090909090909091,tall,True,True,True,vim_s,pretrained,5,12,0.22664199814986125,0.10051832502837262,ok,
2011_001546,1,5582,0.1112484056122449,10-20%,5582,1887,48289,0.11559568431733935,73,70,177,180,1.0571428571428572,square,True,True,True,vim_s,pretrained,6,8,0.3522035112862773,0.3352971717653534,ok,
2011_001567,5,1761,0.03509646045918367,2-5%,1761,5873,44303,0.03974900119630725,67,107,157,146,0.43956043956043955,tall,True,True,True,vim_s,pretrained,6,7,0.2612152186257808,0.155067659370359,ok,
2011_001597,1,25364,0.505500637755102,>=40%,25364,4546,45630,0.5558623712469867,0,0,223,164,0.7366071428571429,square,True,True,True,vim_s,pretrained,6,4,0.378331493455291,0.2879521829110351,ok,
2011_001642,1,21020,0.41892538265306123,>=40%,21020,4069,46107,0.45589606784219316,7,43,201,189,0.7538461538461538,square,True,True,True,vim_s,pretrained,6,7,0.4284490960989534,0.4689490679805754,ok,
2011_001653,3,3326,0.06628667091836735,5-10%,3326,5007,45169,0.0736345723837145,131,70,185,158,1.6181818181818182,wide,True,True,True,vim_s,pretrained,10,7,0.43144918821407097,0.30331046803831124,ok,
2011_001714,2,20982,0.41816804846938777,>=40%,20982,11687,38489,0.5451427680636026,0,13,223,223,0.9419642857142857,square,True,True,True,vim_s,pretrained,6,5,0.5482794776475074,0.7706957368728491,ok,
2011_001722,1,12367,0.24647241709183673,20-40%,12367,3950,46226,0.26753342274910225,35,0,209,223,1.28,square,True,True,True,vim_s,pretrained,6,8,0.42597234575887444,0.37980085780749606,ok,
2011_001775,1,46497,0.9266780931122449,>=40%,46497,1775,48401,0.9606619697940125,0,0,223,223,1.0,square,True,True,True,vim_s,pretrained,7,6,0.9616964535346366,0.9522083095703703,ok,
2011_001855,1,33583,0.669304049744898,>=40%,33583,16593,33583,1.0,5,1,223,218,0.9954337899543378,square,True,True,True,vim_s,pretrained,7,6,1.0,1.0,ok,
2011_001862,5,4110,0.08191167091836735,5-10%,4110,2360,47816,0.08595449222017734,152,0,223,113,1.5833333333333333,wide,True,True,True,vim_s,pretrained,12,2,0.24622871046228711,0.1717557045857066,ok,
2011_001922,2,4877,0.09719786352040816,5-10%,4877,11570,38606,0.12632751385794955,123,18,207,220,2.388235294117647,wide,True,True,True,vim_s,pretrained,10,6,0.24687307771170802,0.2107874263166442,ok,
2011_001924,1,1492,0.029735331632653062,2-5%,1492,728,49448,0.030173111147063583,67,41,131,107,1.0307692307692307,square,True,True,True,vim_s,pretrained,5,4,0.07171581769436998,0.05274993967918384,ok,
2011_001967,1,11881,0.23678651147959184,20-40%,11881,2884,47292,0.25122642307367,0,18,211,212,0.9198113207547169,square,True,True,True,vim_s,pretrained,7,6,0.058244255534045955,0.08204635513058531,ok,
2011_002002,4,3325,0.06626674107142858,5-10%,3325,3747,46429,0.07161472355639795,50,148,176,212,0.5118110236220472,tall,True,True,True,vim_s,pretrained,6,11,0.03669172932330827,0.04590022088162421,ok,
2011_002040,1,18454,0.36778539540816324,20-40%,18454,1700,48476,0.38068322468850563,17,2,217,216,1.0696517412935322,square,True,True,True,vim_s,pretrained,7,7,0.4224558361330877,0.4788613884806808,ok,
2011_002064,4,1102,0.02196269132653061,2-5%,1102,10769,39407,0.02796457482173218,42,190,83,223,0.8095238095238095,square,True,True,True,vim_s,pretrained,3,13,0.17150635208711434,0.08719501400025052,ok,
2011_002110,2,2531,0.05044244260204082,5-10%,2531,9543,40633,0.06228927226638446,0,166,116,223,0.49572649572649574,tall,True,True,True,vim_s,pretrained,2,12,0.21532990912682734,0.14726394115538685,ok,
2011_002119,2,1409,0.028081154336734693,2-5%,1409,4399,45777,0.030779649168796556,85,54,147,111,0.9206349206349206,square,True,True,True,vim_s,pretrained,7,5,0.33498935415188075,0.1200352717479058,ok,
2011_002119,3,752,0.014987244897959183,<2%,752,4399,45777,0.01642746357341023,102,123,137,164,1.1666666666666667,square,True,True,True,vim_s,pretrained,7,8,0.425531914893617,0.16605509032668245,ok,
2011_002135,3,1002,0.019969706632653062,<2%,1002,7644,42532,0.02355873224865983,0,86,28,167,2.8275862068965516,wide,True,True,True,vim_s,pretrained,0,8,0.29840319361277445,0.21238746736401726,ok,
2011_002178,1,32344,0.6446109693877551,>=40%,32344,5574,44602,0.7251692749204072,18,0,223,223,1.087378640776699,square,True,True,True,vim_s,pretrained,7,7,0.8081251545881771,0.8986605908559666,ok,
2011_002222,1,2245,0.04474250637755102,2-5%,2245,1781,48395,0.04638908978200227,74,33,163,181,1.6555555555555554,wide,True,True,True,vim_s,pretrained,7,7,0.0,0.015289253154292132,ok,
2011_002247,1,28246,0.5629384566326531,>=40%,28246,3658,46518,0.6072058128036459,0,0,184,223,1.2108108108108109,square,True,True,True,vim_s,pretrained,5,8,0.6549245910925441,0.8328828639447596,ok,
2011_002279,1,28919,0.5763512436224489,>=40%,28919,2322,47854,0.6043172984494504,0,0,190,223,1.1727748691099475,square,True,True,True,vim_s,pretrained,4,6,0.8347799024862547,0.9161720667245268,ok,
2011_002291,1,10150,0.20228794642857142,20-40%,10150,2248,47928,0.21177599732932734,75,0,138,223,3.5,wide,True,True,True,vim_s,pretrained,6,7,0.5628571428571428,0.7768782918958534,ok,
2011_002308,1,23784,0.47401147959183676,>=40%,23784,1330,48846,0.48691806903328827,3,37,223,194,0.7149321266968326,square,True,True,True,vim_s,pretrained,8,7,0.5693323242515977,0.587992818820724,ok,
2011_002335,5,961,0.019152582908163265,<2%,961,2787,47389,0.02027896769292452,79,0,119,80,1.975609756097561,wide,True,True,True,vim_s,pretrained,6,3,0.002081165452653486,0.028809309989174737,ok,
2011_002358,3,3081,0.061403858418367346,5-10%,3081,5225,44951,0.06854130052724078,66,0,214,66,0.44966442953020136,tall,True,True,True,vim_s,pretrained,7,1,0.0,0.024292027521905936,ok,
2011_002358,5,1676,0.03340242346938776,2-5%,1676,5225,44951,0.03728504371426664,47,90,99,139,0.9433962264150944,square,True,True,True,vim_s,pretrained,4,7,0.0405727923627685,0.049899725886902474,ok,
2011_002391,3,1453,0.028958067602040817,2-5%,1453,5663,44513,0.032642149484420284,197,115,223,223,4.037037037037037,wide,True,True,True,vim_s,pretrained,13,11,0.05092911218169305,0.054335335920415055,ok,
2011_002398,1,13738,0.27379623724489793,20-40%,13738,2747,47429,0.2896540091505197,36,51,176,214,1.1631205673758864,square,True,True,True,vim_s,pretrained,6,8,0.21902751492211384,0.21203455301001237,ok,
2011_002504,1,1363,0.02716438137755102,2-5%,1363,677,49499,0.027535909816359925,79,92,125,181,1.9148936170212767,wide,True,True,True,vim_s,pretrained,6,8,0.3433602347762289,0.1505964914449266,ok,
2011_002511,3,3104,0.06186224489795918,5-10%,3104,5344,44832,0.06923625981441828,11,94,104,168,0.7978723404255319,square,True,True,True,vim_s,pretrained,3,8,0.07603092783505154,0.0629586204206058,ok,
2011_002575,3,6396,0.12747130102040816,10-20%,6396,9981,40195,0.15912426918770992,10,117,197,214,0.5212765957446809,tall,True,True,True,vim_s,pretrained,5,10,0.1715134459036898,0.16226261068520526,ok,
2011_002644,1,991,0.01975047831632653,<2%,991,3556,46620,0.021256971256971256,93,58,128,91,0.9444444444444444,square,True,True,True,vim_s,pretrained,6,4,0.0,0.01721836564973511,ok,
2011_002675,1,8153,0.16248804209183673,10-20%,8153,3656,46520,0.1752579535683577,40,0,200,209,1.3043478260869565,square,True,True,True,vim_s,pretrained,5,6,0.2730283331289096,0.2329489218089547,ok,
2011_002812,2,869,0.01731903698979592,<2%,869,4560,45616,0.019050333216415295,164,0,208,32,0.7333333333333333,square,True,True,True,vim_s,pretrained,11,0,0.4177215189873418,0.13274183182846552,ok,
2011_002851,1,6457,0.12868702168367346,10-20%,6457,1267,48909,0.13202069148827414,75,0,142,223,3.2941176470588234,wide,True,True,True,vim_s,pretrained,7,6,0.08347529812606473,0.08416064134645809,ok,
2011_002953,1,1483,0.02955596301020408,2-5%,1483,1701,48475,0.030593089221248065,82,0,157,38,0.5131578947368421,tall,True,True,True,vim_s,pretrained,6,1,0.2521915037086986,0.13809271899576162,ok,
2011_002953,2,12975,0.25858976403061223,20-40%,12975,1701,48475,0.26766374419804023,94,15,222,174,1.2403100775193798,square,True,True,True,vim_s,pretrained,9,6,0.521849710982659,0.4917854758915344,ok,
2011_003057,1,27980,0.5576371173469388,>=40%,27980,2596,47580,0.5880622110130307,13,0,223,223,1.061611374407583,square,True,True,True,vim_s,pretrained,9,6,0.5513581129378127,0.6729062770906735,ok,
2011_003066,1,921,0.018355389030612245,<2%,921,6938,43238,0.021300707710809937,152,94,205,117,0.4444444444444444,tall,True,True,True,vim_s,pretrained,11,6,0.05211726384364821,0.04000076515792123,ok,
2011_003066,10,1163,0.02317841198979592,2-5%,1163,6938,43238,0.02689763633840603,21,0,105,52,0.6235294117647059,tall,True,True,True,vim_s,pretrained,3,0,0.07910576096302666,0.04948408922421334,ok,
2011_003066,19,15636,0.31162308673469385,20-40%,15636,6938,43238,0.36162634719459735,128,24,223,223,2.0833333333333335,wide,True,True,True,vim_s,pretrained,11,8,0.4655282680992581,0.8187856308796481,ok,
2011_003103,4,837,0.0166812818877551,<2%,837,4333,45843,0.018257967410509782,87,133,138,163,0.5961538461538461,tall,True,True,True,vim_s,pretrained,7,9,0.0,0.019424559386747302,ok,
2011_003182,1,38579,0.7688735650510204,>=40%,38579,1645,48531,0.7949351960602502,20,0,223,223,1.0980392156862746,square,True,True,True,vim_s,pretrained,7,6,0.7787656497057985,0.7780705295237801,ok,
2011_003238,2,4113,0.08197146045918367,5-10%,4113,1718,48458,0.08487762598538941,65,71,223,154,0.5283018867924528,tall,True,True,True,vim_s,pretrained,8,8,0.16241186481886702,0.12932749005425234,ok,
2011_003256,2,5124,0.10212053571428571,10-20%,5124,2759,47417,0.10806250922664867,75,0,164,132,1.4777777777777779,square,True,True,True,vim_s,pretrained,7,3,0.41451990632318503,0.31540933222109707,ok,
2007_000032,1,2609,0.05199697066326531,5-10%,2609,2802,47374,0.055072402583695695,84,0,145,210,3.403225806451613,wide,True,True,True,vim_s,random_init,6,6,0.5005749329244922,0.9884555146676265,ok,
2007_000061,1,3525,0.07025271045918367,5-10%,3525,2016,48160,0.07319352159468438,9,130,183,223,0.5371428571428571,tall,True,True,True,vim_s,random_init,9,11,0.33787234042553194,0.9280265000810561,ok,
2007_000063,2,28004,0.5581154336734694,>=40%,28004,3202,46974,0.5961595776386938,0,9,223,215,0.9241071428571429,square,True,True,True,vim_s,random_init,9,5,0.6149478645907728,0.8939667656899694,ok,
2007_000241,1,570,0.01136001275510204,<2%,570,1436,48740,0.011694706606483382,127,178,158,223,1.4375,square,True,True,True,vim_s,random_init,9,12,0.30701754385964913,0.7476367445062785,ok,
2007_000241,3,975,0.01943160076530612,<2%,975,1436,48740,0.020004103405826836,85,113,124,163,1.275,square,True,True,True,vim_s,random_init,7,8,0.3271794871794872,0.9268108641030117,ok,
2007_000243,1,935,0.0186344068877551,<2%,935,637,49539,0.018874018450110015,85,64,127,124,1.4186046511627908,square,True,True,True,vim_s,random_init,6,6,0.42245989304812837,0.9543540202776367,ok,
2007_000256,1,6317,0.1258968431122449,10-20%,6317,2287,47889,0.131909206707177,64,0,147,223,2.6666666666666665,wide,True,True,True,vim_s,random_init,7,4,0.4662023112236821,0.9989776134552164,ok,
2007_000346,1,5229,0.10421316964285714,10-20%,5229,2345,47831,0.10932240597102298,65,39,202,96,0.42028985507246375,tall,True,True,True,vim_s,random_init,9,4,0.2736660929432014,0.9747919933134571,ok,
2007_000346,2,16704,0.33290816326530615,20-40%,16704,2345,47831,0.3492295791432335,50,74,223,223,0.8620689655172413,square,True,True,True,vim_s,random_init,8,9,0.29106800766283525,0.9948746012726527,ok,
2007_000720,1,3384,0.06744260204081633,5-10%,3384,1079,49097,0.06892478155488116,80,91,176,147,0.5876288659793815,tall,True,True,True,vim_s,random_init,7,7,0.1802600472813239,0.9773310244618145,ok,
2007_000727,1,4702,0.09371014030612244,5-10%,4702,2481,47695,0.09858475731208723,156,53,216,161,1.7868852459016393,wide,True,True,True,vim_s,random_init,11,6,0.43300723096554655,0.9990520613617737,ok,
2007_000733,2,9467,0.18867586096938777,10-20%,9467,2795,47381,0.19980582934087504,104,52,223,223,1.4333333333333333,square,True,True,True,vim_s,random_init,11,8,0.4078377521918242,0.9992434609528447,ok,
2007_000768,1,4628,0.09223533163265306,5-10%,4628,1407,48769,0.09489634808997519,63,178,170,223,0.42592592592592593,tall,True,True,True,vim_s,random_init,7,12,0.17545375972342264,0.9789548449977782,ok,
2007_000799,2,6764,0.13480548469387754,10-20%,6764,2034,48142,0.14050101782227578,116,105,223,223,1.1018518518518519,square,True,True,True,vim_s,random_init,11,11,0.3327912477823773,0.978352352590971,ok,
2007_000876,1,21966,0.43777901785714285,>=40%,21966,2749,47427,0.46315389967739895,21,30,220,191,0.81,square,True,True,True,vim_s,random_init,8,6,0.4872530274059911,0.999355073047696,ok,
2007_001073,1,1050,0.020926339285714284,2-5%,1050,3319,46857,0.022408604904283244,106,0,145,48,1.225,square,True,True,True,vim_s,random_init,7,1,0.6685714285714286,0.9880429883714458,ok,
2007_001239,2,5715,0.11389907525510204,10-20%,5715,3195,46981,0.1216449202869245,83,100,223,187,0.624113475177305,tall,True,True,True,vim_s,random_init,9,9,0.18862642169728783,0.966063295489333,ok,
2007_001299,3,2434,0.048509247448979595,2-5%,2434,3838,46338,0.05252708360309034,97,167,204,210,0.4074074074074074,tall,True,True,True,vim_s,random_init,9,11,0.15940838126540674,0.9376038780401414,ok,
2007_001311,4,2302,0.04587850765306122,2-5%,2302,5807,44369,0.05188307151389484,134,60,223,148,0.9888888888888889,square,True,True,True,vim_s,random_init,11,6,0.27801911381407474,0.9036042232480573,ok,
2007_001340,3,3959,0.07890226403061225,5-10%,3959,3801,46375,0.08536927223719677,85,62,222,113,0.37681159420289856,tall,True,True,True,vim_s,random_init,9,5,0.1429653953018439,0.9622745247387164,ok,
2007_001408,6,763,0.015206473214285714,<2%,763,2986,47190,0.01616867980504344,0,87,30,121,1.1290322580645162,square,True,True,True,vim_s,random_init,0,6,0.44036697247706424,0.9703517294735102,ok,
2007_001430,2,3188,0.06353635204081633,5-10%,3188,3238,46938,0.0679193830158933,93,26,177,98,0.8588235294117647,square,True,True,True,vim_s,random_init,8,4,0.3099121706398996,0.975847573819033,ok,
2007_001430,4,7230,0.14409279336734693,10-20%,7230,3238,46938,0.15403297967531637,92,111,223,205,0.7196969696969697,square,True,True,True,vim_s,random_init,10,10,0.2070539419087137,0.9776148669276153,ok,
2007_001430,6,2100,0.04185267857142857,2-5%,2100,3238,46938,0.04473986961523712,0,153,47,208,1.1666666666666667,square,True,True,True,vim_s,random_init,1,11,0.41904761904761906,0.9666082858443781,ok,
2007_001458,1,16567,0.33017777423469385,20-40%,16567,1605,48571,0.34108830372032695,84,17,200,204,1.606837606837607,wide,True,True,True,vim_s,random_init,8,6,0.5415585199492968,0.9994418155831193,ok,
2007_001594,1,835,0.016641422193877552,<2%,835,2767,47409,0.017612689573709633,102,127,137,165,1.0833333333333333,square,True,True,True,vim_s,random_init,7,9,0.48982035928143713,0.8922908683846527,ok,
2007_001595,1,6939,0.13829320790816327,10-20%,6939,1274,48902,0.14189603697190298,97,123,178,223,1.2317073170731707,square,True,True,True,vim_s,random_init,8,10,0.40380458279290965,0.9919856658434127,ok,
2007_001717,2,4077,0.08125398596938775,5-10%,4077,2931,47245,0.08629484601545137,88,178,223,223,0.3382352941176471,tall,True,True,True,vim_s,random_init,9,13,0.1346578366445916,0.9676091877246764,ok,
2007_001763,3,14795,0.2948620854591837,20-40%,14795,2209,47967,0.3084412200054204,26,0,223,223,1.1313131313131313,square,True,True,True,vim_s,random_init,4,7,0.4721189591078067,0.9916943167879289,ok,
2007_001857,1,38087,0.7590680803571429,>=40%,38087,1568,48608,0.7835541474654378,7,0,223,223,1.032258064516129,square,True,True,True,vim_s,random_init,8,6,0.7237640139680206,0.9999477442370398,ok,
2007_001857,3,2768,0.055165816326530615,5-10%,2768,1568,48608,0.056945358788676764,0,157,72,210,0.7397260273972602,square,True,True,True,vim_s,random_init,2,11,0.22073699421965318,0.9773822735707823,ok,
2007_001857,5,1631,0.032505580357142856,2-5%,1631,1568,48608,0.033554147465437785,0,63,59,103,0.6833333333333333,square,True,True,True,vim_s,random_init,1,5,0.33476394849785407,0.9699053888131917,ok,
2007_001884,3,977,0.019471460459183673,<2%,977,1933,48243,0.020251642725369483,128,148,144,208,3.588235294117647,wide,True,True,True,vim_s,random_init,8,11,0.5455475946775844,0.9702753744417771,ok,
2007_001901,4,1489,0.029675542091836735,2-5%,1489,3837,46339,0.032132760741492045,126,141,205,183,0.5375,tall,True,True,True,vim_s,random_init,9,9,0.32840832773673606,0.9695879014649325,ok,
2007_002046,2,15524,0.309390943877551,20-40%,15524,2364,47812,0.32468836275412033,22,0,202,130,0.7237569060773481,square,True,True,True,vim_s,random_init,6,4,0.5181010048956455,0.9949523608613435,ok,
2007_002055,1,2047,0.04079639668367347,2-5%,2047,2555,47621,0.042985237605258186,150,0,222,51,0.7123287671232876,square,True,True,True,vim_s,random_init,11,1,0.25696140693698094,0.9742478009615608,ok,
2007_002055,2,4884,0.0973373724489796,5-10%,4884,2555,47621,0.10255979504840301,87,2,223,97,0.7007299270072993,square,True,True,True,vim_s,random_init,9,3,0.19103194103194104,0.9737300590346549,ok,
2007_002088,1,32167,0.6410833864795918,>=40%,32167,1856,48320,0.6657077814569536,16,0,223,223,1.0769230769230769,square,True,True,True,vim_s,random_init,8,6,0.61193148257531,0.9998069178254568,ok,
2007_002120,1,927,0.0184749681122449,<2%,927,2409,47767,0.019406703372621265,23,101,53,170,2.2580645161290325,wide,True,True,True,vim_s,random_init,2,7,0.5188781014023732,0.9611128139189539,ok,
2007_002216,2,23599,0.47032445790816324,>=40%,23599,1760,48416,0.4874215135492399,67,0,210,206,1.4375,square,True,True,True,vim_s,random_init,8,6,0.5215051485232425,0.999846900179643,ok,
2007_002234,2,645,0.012854751275510204,<2%,645,1702,48474,0.013306102240376285,69,0,93,40,1.64,wide,True,True,True,vim_s,random_init,5,0,0.448062015503876,0.9324398732103573,ok,
2007_002284,4,823,0.016402264030612245,<2%,823,2323,47853,0.017198503751070987,0,102,37,130,0.7631578947368421,square,True,True,True,vim_s,random_init,1,7,0.3997569866342649,0.9637308800594658,ok,
2007_002293,1,21109,0.42069913903061223,>=40%,21109,1864,48312,0.43693078324225865,0,0,223,174,0.78125,square,True,True,True,vim_s,random_init,7,3,0.381875029608224,0.971901681933791,ok,
2007_002368,2,1996,0.03977997448979592,2-5%,1996,3660,46516,0.04290996646315246,159,192,223,223,0.49230769230769234,tall,True,True,True,vim_s,random_init,11,13,0.2530060120240481,0.9577285660114765,ok,
2007_002488,1,3031,0.06040736607142857,5-10%,3031,5841,44335,0.06836585090786061,10,67,176,155,0.5329341317365269,tall,True,True,True,vim_s,random_init,5,7,0.2279775651600132,0.9778327119991854,ok,
2007_002539,1,43265,0.8622648278061225,>=40%,43265,1230,48946,0.8839333142646999,0,0,222,223,1.0044843049327354,square,True,True,True,vim_s,random_init,6,5,0.8851958858199468,0.7575523857285832,ok,
2007_002668,1,6318,0.1259167729591837,10-20%,6318,2467,47709,0.13242784380305603,186,17,223,223,5.447368421052632,wide,True,True,True,vim_s,random_init,13,7,0.6619183285849952,0.9997547763258934,ok,
2007_002760,2,21822,0.43490911989795916,>=40%,21822,1937,48239,0.45237256162026573,4,0,197,136,0.7061855670103093,square,True,True,True,vim_s,random_init,6,3,0.49633397488772796,0.9996566632580564,ok,
2007_002789,2,1372,0.02734375,2-5%,1372,1595,48581,0.02824149358802824,99,0,149,55,1.0980392156862746,square,True,True,True,vim_s,random_init,7,1,0.489067055393586,0.9788099731056216,ok,
2007_002896,1,6290,0.12535873724489796,10-20%,6290,1977,48199,0.13050063279321147,6,70,209,148,0.3872549019607843,tall,True,True,True,vim_s,random_init,5,6,0.2879173290937997,0.9798150984709825,ok,
2007_002903,1,35791,0.7133091517857143,>=40%,35791,2377,47799,0.7487813552584782,13,0,219,223,1.0821256038647342,square,True,True,True,vim_s,random_init,7,6,0.7585985303567936,0.9997290508870544,ok,
2007_002953,1,1882,0.03750797193877551,2-5%,1882,3475,46701,0.04029892293526905,63,0,196,16,0.12686567164179105,tall,True,True,True,vim_s,random_init,8,0,0.14452709883103082,0.9652387425800514,ok,
2007_002953,5,1147,0.02285953443877551,2-5%,1147,3475,46701,0.024560501916447184,38,17,75,56,1.0526315789473684,square,True,True,True,vim_s,random_init,3,2,0.4184829991281604,0.9753097239681049,ok,
2007_003022,1,7396,0.1474011479591837,10-20%,7396,3575,46601,0.15870904057852836,57,48,193,223,1.2846715328467153,square,True,True,True,vim_s,random_init,7,8,0.3607355327203894,0.780927990322417,ok,
2007_003051,1,8921,0.1777941645408163,10-20%,8921,982,49194,0.18134325324226533,56,0,138,133,1.6144578313253013,wide,True,True,True,vim_s,random_init,6,3,0.39524716959982065,0.9991142323085975,ok,
2007_003101,3,14896,0.296875,20-40%,14896,1861,48315,0.30831004863913897,0,0,199,84,0.425,tall,True,True,True,vim_s,random_init,6,2,0.3505639097744361,0.9896421230619039,ok,
2007_003118,1,1490,0.02969547193877551,2-5%,1490,2677,47499,0.03136908145434641,15,85,72,135,0.8793103448275862,square,True,True,True,vim_s,random_init,2,6,0.38523489932885907,0.9460177271769366,ok,
2007_003118,4,18444,0.36758609693877553,20-40%,18444,2677,47499,0.38830291164024505,49,29,223,204,1.0057142857142858,square,True,True,True,vim_s,random_init,9,6,0.3647256560399046,0.9994961375424594,ok,
2007_003131,1,1544,0.03077168367346939,2-5%,1544,638,49538,0.031167992248374986,150,172,219,217,0.6571428571428571,tall,True,True,True,vim_s,random_init,12,12,0.28367875647668395,0.9566420850532094,ok,
2007_003134,2,5961,0.11880181760204081,10-20%,5961,3586,46590,0.12794591113972956,45,61,173,140,0.6201550387596899,tall,True,True,True,vim_s,random_init,6,5,0.2038248616004026,0.9712601545896231,ok,
2007_003189,2,1134,0.022600446428571428,2-5%,1134,1947,48229,0.023512824234381804,19,82,122,136,0.5288461538461539,tall,True,True,True,vim_s,random_init,3,6,0.29188712522045857,0.9196679404456911,ok,
2007_003190,1,2678,0.05337213010204082,5-10%,2678,3753,46423,0.057686922430691685,0,59,84,168,1.2941176470588236,square,True,True,True,vim_s,random_init,1,5,0.1650485436893204,0.6828222603272887,ok,
2007_003201,1,4751,0.09468670280612244,5-10%,4751,4201,45975,0.10333877107123436,38,0,179,49,0.352112676056338,tall,True,True,True,vim_s,random_init,6,1,0.20458850768259315,0.9299870261499863,ok,
2007_003201,2,20600,0.41055484693877553,>=40%,20600,4201,45975,0.4480696030451332,20,32,209,223,1.0105263157894737,square,True,True,True,vim_s,random_init,5,8,0.5913106796116505,0.9992639519370307,ok,
2007_003207,9,2079,0.04143415178571429,2-5%,2079,3449,46727,0.04449247758255399,83,150,167,181,0.3764705882352941,tall,True,True,True,vim_s,random_init,8,10,0.22126022126022127,0.9765680347096588,ok,
2007_003251,4,1296,0.025829081632653062,2-5%,1296,4492,45684,0.028368794326241134,106,29,195,91,0.7,square,True,True,True,vim_s,random_init,9,3,0.38040123456790126,0.9524361609178492,ok,
2007_003367,3,901,0.017956792091836735,<2%,901,3657,46519,0.019368430103828542,127,0,177,25,0.5098039215686274,tall,True,True,True,vim_s,random_init,9,0,0.3196448390677026,0.9485316644158821,ok,
2007_003451,1,3878,0.07728794642857142,5-10%,3878,1762,48414,0.08010079729004008,105,104,151,215,2.382978723404255,wide,True,True,True,vim_s,random_init,7,9,0.43192367199587417,0.9964766573346316,ok,
2007_003580,1,31141,0.6206353635204082,>=40%,31141,1762,48414,0.643223034659396,0,0,223,198,0.8883928571428571,square,True,True,True,vim_s,random_init,7,6,0.609871230853216,0.9966317828398372,ok,
2007_003711,2,20428,0.40712691326530615,>=40%,20428,1643,48533,0.4209094842684359,49,59,194,223,1.13013698630137,square,True,True,True,vim_s,random_init,7,8,0.5023497160759741,0.9981082250326921,ok,
2007_003778,1,13727,0.27357700892857145,20-40%,13727,3127,47049,0.29175965482794536,30,18,206,197,1.0169491525423728,square,True,True,True,vim_s,random_init,7,7,0.48466525825016393,0.9994665474184463,ok,
2007_003815,1,6980,0.13911033163265307,10-20%,6980,2124,48052,0.14525930242237575,74,70,138,223,2.3692307692307693,wide,True,True,True,vim_s,random_init,6,8,0.3972779369627507,0.9527413191992629,ok,
2007_004081,1,2169,0.04322783801020408,2-5%,2169,5393,44783,0.04843355737668312,57,70,121,159,1.3846153846153846,square,True,True,True,vim_s,random_init,4,6,0.43660673121254034,0.9773327808915708,ok,
2007_004121,3,994,0.019810267857142856,<2%,994,1822,48354,0.020556727468254953,96,55,147,93,0.75,square,True,True,True,vim_s,random_init,7,4,0.29275653923541245,0.9592735143422138,ok,
2007_004537,4,1619,0.03226642219387755,2-5%,1619,7559,42617,0.037989534692728255,53,50,118,167,1.7878787878787878,wide,True,True,True,vim_s,random_init,4,8,0.38542310067943175,0.8374676331201205,ok,
2007_004558,2,870,0.017338966836734693,<2%,870,2181,47995,0.01812688821752266,61,87,99,119,0.8461538461538461,square,True,True,True,vim_s,random_init,5,6,0.3724137931034483,0.9448740594708543,ok,
2007_004649,2,894,0.017817283163265307,<2%,894,2187,47989,0.018629269207526725,90,204,137,223,0.4166666666666667,tall,True,True,True,vim_s,random_init,7,13,0.3087248322147651,0.9635020098021762,ok,
2007_004707,1,879,0.017518335459183673,<2%,879,1199,48977,0.01794719970598444,175,147,223,191,0.9183673469387755,square,True,True,True,vim_s,random_init,12,10,0.3390216154721274,0.8431001547908987,ok,
2007_004856,1,26887,0.5358537946428571,>=40%,26887,1539,48637,0.5528095894072415,0,24,223,199,0.7857142857142857,square,True,True,True,vim_s,random_init,7,6,0.5398519730724886,0.9995598479970131,ok,
2007_005074,1,10711,0.2134685905612245,20-40%,10711,2530,47646,0.22480376107123368,0,0,193,200,1.0360824742268042,square,True,True,True,vim_s,random_init,9,5,0.3514144337596863,0.9982352747457603,ok,
2007_005130,1,5057,0.10078523596938775,10-20%,5057,968,49208,0.10276784262721508,60,52,192,147,0.7218045112781954,square,True,True,True,vim_s,random_init,7,6,0.3656317975084042,0.9760328354678464,ok,
2007_005173,12,990,0.019730548469387755,<2%,990,6789,43387,0.022817894761103557,1,189,56,221,0.5892857142857143,tall,True,True,True,vim_s,random_init,1,12,0.2313131313131313,0.898470875720262,ok,
2007_005173,14,1217,0.024254623724489797,2-5%,1217,6789,43387,0.028049876691174775,0,51,59,80,0.5,tall,True,True,True,vim_s,random_init,1,4,0.3722267871815941,0.9727533460368996,ok,
2007_005173,16,624,0.012436224489795918,<2%,624,6789,43387,0.014382188213059212,1,2,36,28,0.75,square,True,True,True,vim_s,random_init,0,0,0.5128205128205128,0.9755455396200274,ok,
2007_005212,1,1030,0.020527742346938774,2-5%,1030,1721,48455,0.021256836239810135,137,182,175,223,1.0769230769230769,square,True,True,True,vim_s,random_init,9,12,0.2883495145631068,0.8820926808751468,ok,
2007_005266,2,680,0.013552295918367346,<2%,680,3149,47027,0.014459778425160014,97,68,142,112,0.9782608695652174,square,True,True,True,vim_s,random_init,7,5,0.34852941176470587,0.885788700111483,ok,
2007_005266,3,830,0.016541772959183673,<2%,830,3149,47027,0.017649435430710018,95,140,142,190,1.0625,square,True,True,True,vim_s,random_init,6,10,0.4686746987951807,0.8989171157461887,ok,
2007_005281,2,1170,0.023317920918367346,2-5%,1170,3659,46517,0.025152094933035236,65,92,158,127,0.3829787234042553,tall,True,True,True,vim_s,random_init,6,7,0.2247863247863248,0.9041009627402845,ok,
2007_005294,1,23045,0.4592833227040816,>=40%,23045,1223,48953,0.47075766551590303,0,45,223,223,0.7991071428571429,square,True,True,True,vim_s,random_init,7,8,0.45723584291603386,0.9993848733225098,ok,
2007_005296,2,860,0.017139668367346938,<2%,860,889,49287,0.01744882017570556,162,0,203,26,0.6428571428571429,tall,True,True,True,vim_s,random_init,11,0,0.3627906976744186,0.9789015648201568,ok,
2007_005331,2,3114,0.06206154336734694,5-10%,3114,5012,45164,0.06894872021964396,3,97,152,168,0.48,tall,True,True,True,vim_s,random_init,4,8,0.17662170841361594,0.9402865741986166,ok,
2007_005331,3,934,0.018614477040816327,<2%,934,5012,45164,0.020680187760162963,10,62,35,107,1.7692307692307692,wide,True,True,True,vim_s,random_init,1,5,0.44967880085653106,0.9732231923976997,ok,
2007_005331,5,713,0.01420998086734694,<2%,713,5012,45164,0.01578690992826145,7,0,38,26,0.84375,square,True,True,True,vim_s,random_init,1,0,0.4179523141654979,0.9589844154061232,ok,
2007_005354,2,9703,0.19337930484693877,10-20%,9703,2514,47662,0.2035793714069909,60,0,223,96,0.5914634146341463,tall,True,True,True,vim_s,random_init,9,2,0.31268679789755743,0.9868982160035342,ok,
2007_005360,1,16628,0.33139349489795916,20-40%,16628,1928,48248,0.3446360470900348,66,0,162,223,2.3092783505154637,wide,True,True,True,vim_s,random_init,7,7,0.6633389463555449,0.9999217348673147,ok,
2007_005368,2,31652,0.6308195153061225,>=40%,31652,3510,46666,0.6782668323833198,0,20,223,214,0.8705357142857143,square,True,True,True,vim_s,random_init,6,7,0.6885188929609504,0.999714721610589,ok,
2007_005702,2,15544,0.30978954081632654,20-40%,15544,5263,44913,0.34609133213100884,0,46,223,219,0.7767857142857143,square,True,True,True,vim_s,random_init,5,9,0.4066520844055584,0.9897114019165997,ok,
2007_005797,3,2227,0.04438376913265306,2-5%,2227,3398,46778,0.047607849843943735,0,17,80,60,0.5432098765432098,tall,True,True,True,vim_s,random_init,2,2,0.26717557251908397,0.9733623976172376,ok,
2007_005813,2,1241,0.02473294005102041,2-5%,1241,4296,45880,0.02704882301656495,108,73,175,135,0.9264705882352942,square,True,True,True,vim_s,random_init,9,7,0.3166800966962127,0.9755507404356645,ok,
2007_005845,1,5872,0.11702806122448979,10-20%,5872,1676,48500,0.1210721649484536,148,0,223,119,1.5789473684210527,wide,True,True,True,vim_s,random_init,11,3,0.3896457765667575,0.9897858193464298,ok,
2007_005911,1,30411,0.606086575255102,>=40%,30411,1095,49081,0.6196084024367882,32,0,186,223,1.4451612903225806,square,True,True,True,vim_s,random_init,6,7,0.7476570977606787,0.9999472517372943,ok,
2007_005951,2,2821,0.05622209821428571,5-10%,2821,2184,47992,0.0587806301050175,23,169,164,223,0.3873239436619718,tall,True,True,True,vim_s,random_init,5,13,0.0815313718539525,0.784510935974371,ok,
2007_005989,2,2692,0.05365114795918367,5-10%,2692,2303,47873,0.056232114135316355,58,100,153,169,0.7291666666666666,square,True,True,True,vim_s,random_init,6,8,0.2013372956909361,0.8030984020518745,ok,
2007_006151,2,2594,0.05169802295918367,5-10%,2594,5286,44890,0.05778569837380263,59,34,180,87,0.4426229508196721,tall,True,True,True,vim_s,random_init,7,3,0.17733230531996916,0.9574481716125962,ok,
2007_006277,1,20518,0.4089205994897959,>=40%,20518,1520,48656,0.4216951660637948,45,1,189,223,1.5379310344827586,wide,True,True,True,vim_s,random_init,7,7,0.6215518081684375,0.9998977725136687,ok,
2007_006409,2,938,0.018694196428571428,<2%,938,2113,48063,0.019516051848615358,84,0,150,29,0.44776119402985076,tall,True,True,True,vim_s,random_init,8,0,0.36673773987206826,0.9634587482765329,ok,
2007_006660,1,5826,0.11611128826530612,10-20%,5826,2239,47937,0.12153451404969022,153,0,210,136,2.3620689655172415,wide,True,True,True,vim_s,random_init,11,4,0.44009612083762445,0.9993832706546111,ok,
2007_006699,2,20378,0.4061304209183674,>=40%,20378,1376,48800,0.41758196721311475,0,23,124,223,1.608,wide,True,True,True,vim_s,random_init,3,8,0.758857591520267,0.9998931285120617,ok,
2007_006900,3,857,0.01707987882653061,<2%,857,2260,47916,0.01788546623257367,72,0,118,33,0.723404255319149,square,True,True,True,vim_s,random_init,5,0,0.34305717619603265,0.9658202214725305,ok,
2007_006944,1,6142,0.12240911989795919,10-20%,6142,2806,47370,0.1296601224403631,106,0,194,85,0.9662921348314607,square,True,True,True,vim_s,random_init,9,2,0.3777271247150765,0.9741475564930933,ok,
2007_007007,3,7910,0.15764508928571427,10-20%,7910,4891,45285,0.1746715247874572,114,107,223,223,1.0636363636363637,square,True,True,True,vim_s,random_init,10,11,0.39608091024020226,0.9990653293426472,ok,
2007_007109,1,24653,0.4913305165816326,>=40%,24653,3328,46848,0.5262337773224044,1,46,223,223,0.7982062780269058,square,True,True,True,vim_s,random_init,6,8,0.5196122175800105,0.9996331372227354,ok,
2007_007130,2,1355,0.027004942602040817,2-5%,1355,3469,46707,0.029010640803305714,48,99,93,136,0.8260869565217391,square,True,True,True,vim_s,random_init,4,7,0.3284132841328413,0.9550820287061372,ok,
2007_007154,1,16187,0.32260443239795916,20-40%,16187,1669,48507,0.33370441379594695,0,42,223,151,0.49107142857142855,tall,True,True,True,vim_s,random_init,7,6,0.4556125285723111,0.9929374079208141,ok,
2007_007165,1,2705,0.05391023596938776,5-10%,2705,782,49394,0.054763736486212904,182,115,223,215,2.4047619047619047,wide,True,True,True,vim_s,random_init,12,10,0.3567467652495379,0.9779193789194429,ok,
2007_007168,1,23856,0.47544642857142855,>=40%,23856,2610,47566,0.5015347096665685,24,29,214,223,1.0209424083769634,square,True,True,True,vim_s,random_init,8,7,0.5031857813547954,0.9996097426720689,ok,
2007_007230,1,3555,0.07085060586734694,5-10%,3555,1956,48220,0.07372459560348403,75,122,172,177,0.5714285714285714,tall,True,True,True,vim_s,random_init,7,9,0.21575246132208156,0.9406908072803539,ok,
2007_007235,1,3738,0.07449776785714286,5-10%,3738,6870,43306,0.08631598392832401,81,37,185,190,1.4666666666666666,square,True,True,True,vim_s,random_init,9,8,0.2252541466024612,0.978038361054785,ok,
2007_007414,2,5631,0.1122249681122449,10-20%,5631,1033,49143,0.11458396923264758,74,72,133,204,2.216666666666667,wide,True,True,True,vim_s,random_init,6,8,0.4505416444681229,0.9991491092137027,ok,
2007_007415,2,13864,0.2763073979591837,20-40%,13864,2225,47951,0.2891284853287731,62,0,168,223,2.0934579439252334,wide,True,True,True,vim_s,random_init,7,6,0.5354875937680323,0.9998774785451792,ok,
2007_007498,2,22914,0.45667251275510207,>=40%,22914,6219,43957,0.5212821621129741,0,36,223,223,0.8392857142857143,square,True,True,True,vim_s,random_init,9,9,0.526097582264118,0.9997527429746771,ok,
2007_007534,1,10312,0.20551658163265307,20-40%,10312,2390,47786,0.21579542125308668,93,85,223,214,0.9923664122137404,square,True,True,True,vim_s,random_init,10,10,0.32990690457719163,0.9832213326901965,ok,
2007_007621,1,2635,0.05251514668367347,5-10%,2635,1224,48952,0.053828239908481776,62,144,119,206,1.0862068965517242,square,True,True,True,vim_s,random_init,5,10,0.2888045540796964,0.9806416747974966,ok,
2007_007688,1,30827,0.6143773915816326,>=40%,30827,2903,47273,0.6521058532354621,0,0,223,223,1.0,square,True,True,True,vim_s,random_init,8,7,0.618905504914523,0.999741090205796,ok,
2007_007818,1,807,0.016083386479591837,<2%,807,1430,48746,0.01655520452960243,67,157,99,184,0.8484848484848485,square,True,True,True,vim_s,random_init,5,10,0.46716232961586124,0.9383202637943371,ok,
2007_007836,3,1574,0.031369579081632654,2-5%,1574,4088,46088,0.03415205693455997,70,177,156,223,0.5402298850574713,tall,True,True,True,vim_s,random_init,6,13,0.21092757306226176,0.9716148180073876,ok,
2007_007902,2,7999,0.1594188456632653,10-20%,7999,2005,48171,0.1660542650142202,34,0,189,98,0.6346153846153846,tall,True,True,True,vim_s,random_init,7,2,0.19689961245155643,0.9858757251770047,ok,
2007_007902,4,1839,0.03665098852040816,2-5%,1839,2005,48171,0.03817649623217288,29,0,90,79,1.2903225806451613,square,True,True,True,vim_s,random_init,3,2,0.41707449700924415,0.780422377329355,ok,
2007_007996,4,4149,0.0826889349489796,5-10%,4149,6816,43360,0.09568726937269373,145,76,223,182,1.3544303797468353,square,True,True,True,vim_s,random_init,11,8,0.36924560134972284,0.9909212226634528,ok,
2007_008051,1,12269,0.24451929209183673,20-40%,12269,1198,48978,0.25050022459063254,67,42,223,174,0.8471337579617835,square,True,True,True,vim_s,random_init,9,6,0.26905208248431006,0.9620778253510593,ok,
2007_008110,1,1282,0.025550063775510203,2-5%,1282,3815,46361,0.027652552792217597,87,58,131,122,1.4444444444444444,square,True,True,True,vim_s,random_init,7,5,0.3993759750390016,0.9643299445721182,ok,
2007_008110,3,7106,0.14162149234693877,10-20%,7106,3815,46361,0.15327538232566165,49,36,223,142,0.6114285714285714,tall,True,True,True,vim_s,random_init,8,5,0.1825218125527723,0.803886948171361,ok,
2007_008110,4,1469,0.029276945153061226,2-5%,1469,3815,46361,0.03168611548499817,32,183,113,221,0.47560975609756095,tall,True,True,True,vim_s,random_init,3,12,0.27501701837985026,0.9601661203098869,ok,
2007_008204,2,9117,0.1817004145408163,10-20%,9117,1672,48504,0.18796387926768926,67,147,195,223,0.5968992248062015,tall,True,True,True,vim_s,random_init,8,11,0.2437205221015685,0.9787695089562466,ok,
2007_008260,2,36692,0.7312659438775511,>=40%,36692,945,49231,0.7453027563933294,0,0,223,223,1.0,square,True,True,True,vim_s,random_init,8,7,0.6582633816635779,0.6965730656067174,ok,
2007_008407,2,872,0.017378826530612245,<2%,872,4812,45364,0.019222290803280133,94,170,129,197,0.7777777777777778,square,True,True,True,vim_s,random_init,6,11,0.3348623853211009,0.9620767041857636,ok,
2007_008407,3,786,0.015664859693877552,<2%,786,4812,45364,0.017326514416718102,186,173,223,223,1.3421052631578947,square,True,True,True,vim_s,random_init,12,12,0.28880407124681934,0.9554530437116864,ok,
2007_008526,5,1129,0.022500797193877552,2-5%,1129,2676,47500,0.023768421052631578,67,57,129,92,0.5714285714285714,tall,True,True,True,vim_s,random_init,6,4,0.2993799822852081,0.9742760392422124,ok,
2007_008543,3,2964,0.059072066326530615,5-10%,2964,1455,48721,0.060836189733379856,180,103,223,223,2.75,wide,True,True,True,vim_s,random_init,12,9,0.4200404858299595,0.9899426588548702,ok,
2007_008547,4,881,0.017558195153061226,<2%,881,6807,43369,0.020314049205653807,103,0,160,36,0.6379310344827587,tall,True,True,True,vim_s,random_init,8,0,0.3155505107832009,0.9739033399254974,ok,
2007_008778,1,2211,0.044064891581632654,2-5%,2211,1373,48803,0.04530459193082392,1,182,88,215,0.38636363636363635,tall,True,True,True,vim_s,random_init,2,12,0.23835368611488014,0.9606348129596806,ok,
2007_008778,2,3085,0.06148357780612245,5-10%,3085,1373,48803,0.06321332704956663,5,0,223,72,0.3333333333333333,tall,True,True,True,vim_s,random_init,4,1,0.24051863857374392,0.9689440029078548,ok,
2007_008945,1,18217,0.36306202168367346,20-40%,18217,12468,37708,0.48310703299034685,124,0,223,223,2.24,wide,True,True,True,vim_s,random_init,11,7,0.6260086732173245,0.9998525677017911,ok,
2007_008973,1,9117,0.1817004145408163,10-20%,9117,1514,48662,0.18735358185031442,31,127,182,223,0.6381578947368421,tall,True,True,True,vim_s,random_init,6,11,0.17187671383130415,0.9835903689292504,ok,
2007_008994,2,2223,0.04430404974489796,2-5%,2223,2899,47277,0.047020750047591854,94,0,203,41,0.38181818181818183,tall,True,True,True,vim_s,random_init,10,1,0.22941970310391363,0.9670973806332309,ok,
2007_009068,1,1753,0.03493702168367347,2-5%,1753,3109,47067,0.037244778719697454,180,170,222,223,1.255813953488372,square,True,True,True,vim_s,random_init,12,12,0.484312606959498,0.976130416139479,ok,
2007_009139,2,2503,0.049884406887755105,2-5%,2503,6316,43860,0.05706794345645235,0,19,119,60,0.35,tall,True,True,True,vim_s,random_init,2,2,0.1813823411905713,0.9770647423810881,ok,
2007_009139,5,970,0.019331951530612245,<2%,970,6316,43860,0.022115823073415412,0,74,46,113,0.851063829787234,square,True,True,True,vim_s,random_init,1,6,0.49690721649484537,0.9868187538277802,ok,
2007_009331,4,939,0.018714126275510203,<2%,939,2767,47409,0.01980636587989622,118,117,156,177,1.564102564102564,wide,True,True,True,vim_s,random_init,8,9,0.47710330138445156,0.9531352198447831,ok,
2007_009346,2,5708,0.11375956632653061,10-20%,5708,2173,48003,0.1189092348394892,63,108,187,219,0.896,square,True,True,True,vim_s,random_init,8,11,0.19831814996496147,0.9681679277105026,ok,
2007_009413,2,1200,0.02391581632653061,2-5%,1200,8904,41272,0.029075402209730566,52,107,106,149,0.7818181818181819,square,True,True,True,vim_s,random_init,4,7,0.4708333333333333,0.9693826508364596,ok,
2007_009435,2,7318,0.1458466198979592,10-20%,7318,1358,48818,0.14990372403621616,94,0,191,110,1.1326530612244898,square,True,True,True,vim_s,random_init,8,2,0.4682973490024597,0.9906922933603133,ok,
2007_009458,2,1158,0.02307876275510204,2-5%,1158,1341,48835,0.0237125012798198,2,54,39,96,1.131578947368421,square,True,True,True,vim_s,random_init,1,4,0.44991364421416236,0.978782235053089,ok,
2007_009458,3,882,0.017578125,<2%,882,1341,48835,0.018060817036961194,9,98,39,133,1.1612903225806452,square,True,True,True,vim_s,random_init,1,7,0.4671201814058957,0.980680615095047,ok,
2007_009458,7,600,0.011957908163265306,<2%,600,1341,48835,0.012286270093170881,0,190,22,223,1.4782608695652173,square,True,True,True,vim_s,random_init,0,13,0.49,0.9773967171562503,ok,
2007_009550,5,977,0.019471460459183673,<2%,977,3727,46449,0.021033822041378717,181,190,223,222,0.7674418604651163,square,True,True,True,vim_s,random_init,12,13,0.24872057318321392,0.9268522804357675,ok,
2007_009649,4,1322,0.026347257653061226,2-5%,1322,7889,42287,0.03126256296261262,82,82,150,137,0.8115942028985508,square,True,True,True,vim_s,random_init,7,6,0.35325264750378216,0.7737302601149068,ok,
2007_009649,7,8200,0.1634247448979592,10-20%,8200,7889,42287,0.1939130229148438,52,0,223,165,0.9651162790697675,square,True,True,True,vim_s,random_init,9,3,0.21353658536585365,0.9844946381470854,ok,
2007_009665,2,919,0.018315529336734693,<2%,919,1937,48239,0.019050975351893696,114,0,172,21,0.3728813559322034,tall,True,True,True,vim_s,random_init,8,0,0.2970620239390642,0.9653997880337731,ok,
2007_009764,1,12405,0.2472297512755102,20-40%,12405,1499,48677,0.25484314974217803,77,106,204,223,0.921875,square,True,True,True,vim_s,random_init,8,10,0.39621120515921,0.998150045006084,ok,
2007_009950,2,1585,0.03158880739795918,2-5%,1585,1209,48967,0.032368738129760856,77,104,130,142,0.7222222222222222,square,True,True,True,vim_s,random_init,6,7,0.3640378548895899,0.9651196873444281,ok,
2008_000009,1,693,0.013811383928571428,<2%,693,565,49611,0.013968676301626655,97,94,130,135,1.2352941176470589,square,True,True,True,vim_s,random_init,6,7,0.4588744588744589,0.9556744018191584,ok,
2008_000019,1,10795,0.21514269770408162,20-40%,10795,4793,45383,0.23786439856333869,0,29,143,217,1.3125,square,True,True,True,vim_s,random_init,3,8,0.44353867531264474,0.9980308728088894,ok,
2008_000019,2,5454,0.10869738520408163,10-20%,5454,4793,45383,0.1201771588480268,60,53,187,175,0.9609375,square,True,True,True,vim_s,random_init,8,6,0.27686101943527686,0.9442293157910886,ok,
2008_000120,1,19818,0.3949697066326531,20-40%,19818,4489,45687,0.4337776610414341,38,0,170,218,1.6466165413533835,wide,True,True,True,vim_s,random_init,7,6,0.621303865173075,0.9983765988092982,ok,
2008_000182,1,2053,0.040915975765306124,2-5%,2053,492,49684,0.041321149665888415,154,128,208,182,1.0,square,True,True,True,vim_s,random_init,11,9,0.38334145153434,0.9670032938377036,ok,
2008_000217,2,14775,0.29446348852040816,20-40%,14775,2116,48060,0.3074282147315855,33,104,223,212,0.5706806282722513,tall,True,True,True,vim_s,random_init,9,9,0.367580372250423,0.9949889311425952,ok,
2008_000226,5,1347,0.02684550382653061,2-5%,1347,2194,47982,0.028073027385269476,96,58,127,140,2.59375,wide,True,True,True,vim_s,random_init,6,5,0.43801039346696363,0.9685586630225959,ok,
2008_000235,1,2263,0.04510124362244898,2-5%,2263,1466,48710,0.046458632724286596,57,137,133,189,0.6883116883116883,square,True,True,True,vim_s,random_init,6,9,0.27308882015024305,0.9163171087734978,ok,
2008_000259,3,855,0.017040019132653062,<2%,855,2912,47264,0.018089878131347326,89,185,148,213,0.48333333333333334,tall,True,True,True,vim_s,random_init,7,12,0.352046783625731,0.9671050345493387,ok,
2008_000270,1,8866,0.1766980229591837,10-20%,8866,3812,46364,0.19122595116901045,86,12,223,186,1.2681159420289856,square,True,True,True,vim_s,random_init,10,7,0.34987593052109184,0.940602671577113,ok,
2008_000284,2,926,0.01845503826530612,<2%,926,4550,45626,0.020295445579274974,25,0,188,37,0.23170731707317074,tall,True,True,True,vim_s,random_init,10,1,0.21166306695464362,0.8806496003388972,ok,
2008_000289,1,8561,0.17061941964285715,10-20%,8561,1084,49092,0.17438686547706347,53,29,223,108,0.4678362573099415,tall,True,True,True,vim_s,random_init,8,4,0.269244247167387,0.9797177595700266,ok,
2008_000365,1,4116,0.08203125,5-10%,4116,1516,48660,0.0845869297163995,130,134,222,221,0.946236559139785,square,True,True,True,vim_s,random_init,11,11,0.2368804664723032,0.9725518230918009,ok,
2008_000400,1,907,0.01807637117346939,<2%,907,571,49605,0.01828444713234553,110,88,154,139,1.1555555555555554,square,True,True,True,vim_s,random_init,7,7,0.49503858875413453,0.9795582102822573,ok,
2008_000422,1,17313,0.3450454400510204,20-40%,17313,2375,47801,0.3621890755423527,0,16,205,175,0.7766990291262136,square,True,True,True,vim_s,random_init,6,6,0.44146017443539537,0.9991627175153955,ok,
2008_000464,1,13753,0.2740951849489796,20-40%,13753,1779,48397,0.28417050643634933,13,61,193,199,0.7679558011049724,square,True,True,True,vim_s,random_init,7,8,0.4104559005307933,0.9965641670362795,ok,
2008_000505,1,19252,0.38368941326530615,20-40%,19252,1295,48881,0.3938544628792373,50,0,223,150,0.867816091954023,square,True,True,True,vim_s,random_init,9,4,0.4310201537502597,0.999532728453975,ok,
2008_000540,1,13141,0.261898118622449,20-40%,13141,1191,48985,0.26826579565173014,73,57,222,200,0.96,square,True,True,True,vim_s,random_init,10,7,0.37409633970017503,0.9975562913819374,ok,
2008_000588,1,7381,0.14710220025510204,10-20%,7381,15002,35174,0.20984249729914142,39,53,190,203,0.993421052631579,square,True,True,True,vim_s,random_init,6,9,0.33816556022219213,0.9995396920834042,ok,
2008_000711,2,3174,0.06325733418367346,5-10%,3174,3770,46406,0.06839632806102659,27,166,105,223,0.7341772151898734,square,True,True,True,vim_s,random_init,4,12,0.2876496534341525,0.9778952365764083,ok,
2008_000760,3,767,0.015286192602040817,<2%,767,4273,45903,0.016709147550269046,0,0,72,39,0.547945205479452,tall,True,True,True,vim_s,random_init,1,1,0.25554106910039115,0.7634438017232825,ok,
2008_000811,1,2076,0.04137436224489796,2-5%,2076,3460,46716,0.044438736193167225,33,150,207,223,0.4228571428571429,tall,True,True,True,vim_s,random_init,4,13,0.18208092485549132,0.842293267118227,ok,
2008_000841,1,25991,0.5179966517857143,>=40%,25991,2365,47811,0.5436196691138022,15,0,222,161,0.7788461538461539,square,True,True,True,vim_s,random_init,8,4,0.45496518025470356,0.9953816799766,ok,
2008_000992,1,21749,0.43345424107142855,>=40%,21749,1794,48382,0.44952668347732627,17,39,223,219,0.8743961352657005,square,True,True,True,vim_s,random_init,8,8,0.3286587889098349,0.9995342230983892,ok,
2008_001070,1,5752,0.11463647959183673,10-20%,5752,966,49210,0.11688681162365373,70,66,173,153,0.8461538461538461,square,True,True,True,vim_s,random_init,8,7,0.2562586926286509,0.9743396447460878,ok,
2008_001112,1,8565,0.17069913903061223,10-20%,8565,1931,48245,0.17753135039900508,69,85,223,191,0.6903225806451613,square,True,True,True,vim_s,random_init,9,9,0.21284296555750146,0.9761381106782812,ok,
2008_001231,1,1803,0.03593351403061224,2-5%,1803,2273,47903,0.03763856125921132,42,89,137,137,0.5104166666666666,tall,True,True,True,vim_s,random_init,5,6,0.22407099278979478,0.971317640699162,ok,
2008_001375,3,5053,0.10070551658163265,10-20%,5053,4730,45446,0.11118690313778991,83,103,160,197,1.2179487179487178,square,True,True,True,vim_s,random_init,7,9,0.3498911537700376,0.9914272098468419,ok,
2008_001379,1,11084,0.22090242346938777,20-40%,11084,1354,48822,0.2270287984924829,38,41,213,151,0.6306818181818182,tall,True,True,True,vim_s,random_init,7,6,0.19316131360519667,0.9896516733337148,ok,
2008_001399,1,13599,0.27102598852040816,20-40%,13599,912,49264,0.2760433582331926,92,0,223,146,1.1136363636363635,square,True,True,True,vim_s,random_init,9,3,0.5420986837267446,0.9995843603084327,ok,
2008_001404,1,9506,0.189453125,10-20%,9506,3315,46861,0.20285525276882696,27,79,223,176,0.49746192893401014,tall,True,True,True,vim_s,random_init,6,8,0.25920471281296026,0.9870283062563376,ok,
2008_001439,1,4683,0.09333147321428571,5-10%,4683,9356,40820,0.11472317491425772,31,0,213,52,0.2896174863387978,tall,True,True,True,vim_s,random_init,6,1,0.13004484304932734,0.660188907660632,ok,
2008_001491,1,13885,0.27672592474489793,20-40%,13885,2605,47571,0.2918795064219798,51,0,171,223,1.8512396694214877,wide,True,True,True,vim_s,random_init,6,6,0.5559956787900612,0.9996240523228281,ok,
2008_001682,1,3978,0.07928093112244898,5-10%,3978,1253,48923,0.08131144860290661,78,52,178,150,0.9801980198019802,square,True,True,True,vim_s,random_init,7,6,0.36777275012569133,0.9926012820348763,ok,
2008_001997,4,5113,0.10190130739795919,10-20%,5113,2389,47787,0.10699562642559692,101,53,223,144,0.7479674796747967,square,True,True,True,vim_s,random_init,10,6,0.1998826520633679,0.7336048660883,ok,
2008_002032,1,994,0.019810267857142856,<2%,994,5928,44248,0.022464292171397577,7,0,223,22,0.10599078341013825,tall,True,True,True,vim_s,random_init,11,0,0.1398390342052314,0.708696988900495,ok,
2008_002123,2,860,0.017139668367346938,<2%,860,6121,44055,0.019521053228918398,64,187,132,212,0.37681159420289856,tall,True,True,True,vim_s,random_init,6,12,0.28837209302325584,0.8666904534919032,ok,
2008_002212,2,1459,0.02907764668367347,2-5%,1459,2179,47997,0.03039773319165781,87,35,144,73,0.6724137931034483,square,True,True,True,vim_s,random_init,7,3,0.37697052775873885,0.9720423758103449,ok,
2008_002212,3,862,0.01717952806122449,<2%,862,2179,47997,0.01795945579932079,52,58,96,95,0.8444444444444444,square,True,True,True,vim_s,random_init,4,4,0.25870069605568446,0.8661158235354486,ok,
2008_002218,3,9601,0.1913464604591837,10-20%,9601,3231,46945,0.20451592288848652,42,110,184,215,0.7412587412587412,square,True,True,True,vim_s,random_init,6,9,0.3509009478179356,0.9946324824297692,ok,
2008_002288,1,10739,0.2140266262755102,20-40%,10739,1693,48483,0.22150031969968856,86,74,223,218,1.0507246376811594,square,True,True,True,vim_s,random_init,8,10,0.3737778191637955,0.9032087773396351,ok,
2008_002411,1,2783,0.05546476403061224,5-10%,2783,3243,46933,0.059297296145569216,119,64,210,159,1.0434782608695652,square,True,True,True,vim_s,random_init,9,7,0.2781171397772188,0.9799213693388295,ok,
2008_002536,2,854,0.017020089285714284,<2%,854,2837,47339,0.01804009379158833,62,196,130,223,0.4057971014492754,tall,True,True,True,vim_s,random_init,5,13,0.31030444964871196,0.9674127331707126,ok,
2008_002623,1,4834,0.09634088010204081,5-10%,4834,811,49365,0.0979236301022992,167,0,223,207,3.6491228070175437,wide,True,True,True,vim_s,random_init,12,5,0.36429458005792303,0.9731814371323203,ok,
2008_002681,1,10264,0.20455994897959184,20-40%,10264,1290,48886,0.20995786114634046,44,99,223,194,0.5333333333333333,tall,True,True,True,vim_s,random_init,7,8,0.26675759937646143,0.9848721442656748,ok,
2008_002894,1,9588,0.19108737244897958,10-20%,9588,4264,45912,0.20883429168844747,105,0,223,203,1.7142857142857142,wide,True,True,True,vim_s,random_init,11,4,0.4616186900292032,0.9824395954904271,ok,
2008_002929,1,8179,0.1630062181122449,10-20%,8179,3493,46683,0.1752029646766489,123,5,223,223,2.1683168316831685,wide,True,True,True,vim_s,random_init,11,7,0.35530015894363615,0.8197771276531695,ok,
2008_003034,1,6648,0.13249362244897958,10-20%,6648,2931,47245,0.14071330299502594,161,0,214,223,4.148148148148148,wide,True,True,True,vim_s,random_init,12,6,0.6698255114320096,0.9996752398162099,ok,
2008_003065,1,21493,0.42835220025510207,>=40%,21493,3364,46812,0.45913440998034694,0,24,223,223,0.8928571428571429,square,True,True,True,vim_s,random_init,4,6,0.6656585865165403,0.9904149715417073,ok,
2008_003094,1,931,0.0185546875,<2%,931,3157,47019,0.01980050617835343,133,156,190,190,0.603448275862069,tall,True,True,True,vim_s,random_init,9,10,0.3147153598281418,0.9574455331404536,ok,
2008_003333,1,2397,0.047771843112244895,2-5%,2397,4358,45818,0.052315683792396005,61,179,125,223,0.6923076923076923,square,True,True,True,vim_s,random_init,5,12,0.29411764705882354,0.9730635067823582,ok,
2008_003333,2,3982,0.07936065051020408,5-10%,3982,4358,45818,0.08690907503601204,86,50,198,189,1.238938053097345,square,True,True,True,vim_s,random_init,9,7,0.40959316926167755,0.8985441784631205,ok,
2008_003333,3,3339,0.06654575892857142,5-10%,3339,4358,45818,0.07287528918765551,52,112,173,176,0.5327868852459017,tall,True,True,True,vim_s,random_init,6,9,0.2560646900269542,0.9781872236694114,ok,
2008_003362,1,3646,0.07266422193877552,5-10%,3646,900,49276,0.07399139540547123,37,116,84,223,2.25,wide,True,True,True,vim_s,random_init,3,10,0.42841470104223806,0.9950249853947489,ok,
2008_003461,4,1737,0.03461814413265306,2-5%,1737,4218,45958,0.03779537838896384,104,171,202,223,0.5353535353535354,tall,True,True,True,vim_s,random_init,9,12,0.20898100172711573,0.7466644696215694,ok,
2008_003477,1,1387,0.027642697704081634,2-5%,1387,3194,46982,0.0295219445745179,81,182,121,223,1.024390243902439,square,True,True,True,vim_s,random_init,6,12,0.414563806777217,0.977150148691719,ok,
2008_003500,1,36105,0.7195671237244898,>=40%,36105,1354,48822,0.7395231657859161,0,2,190,215,1.1204188481675392,square,True,True,True,vim_s,random_init,5,6,0.9319484835895305,0.9999456848502907,ok,
2008_003511,3,20150,0.40158641581632654,>=40%,20150,2478,47698,0.4224495785986834,16,101,223,223,0.5913461538461539,tall,True,True,True,vim_s,random_init,8,10,0.34987593052109184,0.9993458607202304,ok,
2008_003523,4,667,0.013293207908163265,<2%,667,4950,45226,0.014748153716888516,188,0,223,39,1.1111111111111112,square,True,True,True,vim_s,random_init,13,1,0.391304347826087,0.7540298545785372,ok,
2008_003585,1,22713,0.45266661352040816,>=40%,22713,1348,48828,0.4651634308183829,16,0,196,139,0.7734806629834254,square,True,True,True,vim_s,random_init,6,4,0.5382380134724607,0.9996415757220078,ok,
2008_003676,2,5199,0.10361527423469388,10-20%,5199,6046,44130,0.1178110129163834,94,110,223,167,0.4461538461538462,tall,True,True,True,vim_s,random_init,10,8,0.18234275822273513,0.9873944738576623,ok,
2008_003733,3,14169,0.2823860012755102,20-40%,14169,3836,46340,0.30576176089771256,29,31,223,210,0.9230769230769231,square,True,True,True,vim_s,random_init,9,5,0.3326275672242219,0.984435388950272,ok,
2008_003814,2,3162,0.06301817602040816,5-10%,3162,349,49827,0.06345957011258956,139,0,223,56,0.6705882352941176,square,True,True,True,vim_s,random_init,11,1,0.17900063251106893,0.9420553095009178,ok,
2008_003874,1,13326,0.26558514030612246,20-40%,13326,6456,43720,0.30480329368709974,27,0,223,99,0.5076142131979695,tall,True,True,True,vim_s,random_init,8,3,0.3090199609785382,0.9935130426109313,ok,
2008_003874,2,16767,0.334163743622449,20-40%,16767,6456,43720,0.38350869167429097,11,109,222,223,0.5424528301886793,tall,True,True,True,vim_s,random_init,8,10,0.45386771634758755,0.999395144185473,ok,
2008_003998,1,43087,0.8587173150510204,>=40%,43087,3138,47038,0.9160040818061992,18,0,223,223,1.087378640776699,square,True,True,True,vim_s,random_init,7,6,0.9083018079699213,0.9999704210160726,ok,
2008_004175,1,6003,0.11963887117346939,10-20%,6003,2308,47868,0.12540737026823764,59,0,131,146,2.0136986301369864,wide,True,True,True,vim_s,random_init,5,3,0.4990837914376145,0.999173552293043,ok,
2008_004212,1,6958,0.138671875,10-20%,6958,1076,49100,0.14171079429735234,90,62,164,223,2.16,wide,True,True,True,vim_s,random_init,7,8,0.5480022995113538,0.9994797439157356,ok,
2008_004321,5,918,0.01829559948979592,<2%,918,2703,47473,0.019337307522170496,181,0,223,23,0.5581395348837209,tall,True,True,True,vim_s,random_init,12,0,0.36056644880174293,0.943021836076364,ok,
2008_004583,1,15523,0.30937101403061223,20-40%,15523,1270,48906,0.3174048174048174,59,0,161,223,2.174757281553398,wide,True,True,True,vim_s,random_init,6,7,0.5451265863557302,0.9998509626761898,ok,
2008_004588,1,4613,0.09193638392857142,5-10%,4613,591,49585,0.09303216698598367,166,113,221,223,1.9821428571428572,wide,True,True,True,vim_s,random_init,12,11,0.4374593539995664,0.9946310585432084,ok,
2008_004610,1,26015,0.5184749681122449,>=40%,26015,1651,48525,0.5361154044307058,36,0,206,223,1.3099415204678362,square,True,True,True,vim_s,random_init,7,5,0.5087065154718432,0.9998937041361575,ok,
2008_004758,1,6292,0.1253985969387755,10-20%,6292,5947,44229,0.14225960342761537,26,0,209,182,0.9945652173913043,square,True,True,True,vim_s,random_init,8,6,0.2946598855689765,0.8778692799750439,ok,
2008_004776,3,4998,0.099609375,5-10%,4998,2610,47566,0.10507505360972123,146,0,223,97,1.2564102564102564,square,True,True,True,vim_s,random_init,10,2,0.3509403761504602,0.9883881252962292,ok,
2008_004946,1,20966,0.4178491709183674,>=40%,20966,2845,47331,0.44296549829921195,16,0,193,206,1.1629213483146068,square,True,True,True,vim_s,random_init,8,6,0.6649813984546409,0.9998971885206553,ok,
2008_005006,1,6739,0.13430723852040816,10-20%,6739,623,49553,0.13599580247411863,70,51,145,143,1.2236842105263157,square,True,True,True,vim_s,random_init,6,6,0.3283870010387298,0.9910334123190095,ok,
2008_005089,3,787,0.015684789540816327,<2%,787,3307,46869,0.01679148264311165,131,193,171,223,0.7560975609756098,square,True,True,True,vim_s,random_init,9,13,0.3583227445997459,0.9695765937303711,ok,
2008_005197,4,2470,0.04922672193877551,2-5%,2470,4011,46165,0.05350373659698906,27,156,158,209,0.4090909090909091,tall,True,True,True,vim_s,random_init,4,11,0.311336032388664,0.9669510202605786,ok,
2008_005342,2,10447,0.20820711096938777,20-40%,10447,5677,44499,0.23476932065889122,131,0,223,166,1.7956989247311828,wide,True,True,True,vim_s,random_init,10,4,0.4463482339427587,0.9994872553514085,ok,
2008_005541,1,12939,0.2578722895408163,20-40%,12939,1618,48558,0.26646484616335103,56,0,152,223,2.3092783505154637,wide,True,True,True,vim_s,random_init,7,6,0.6202179457454208,0.9998796171706809,ok,
2008_005600,1,6602,0.13157684948979592,10-20%,6602,3631,46545,0.14184122891825116,53,19,223,111,0.543859649122807,tall,True,True,True,vim_s,random_init,8,5,0.21296576794910632,0.8325070932080658,ok,
2008_005678,1,20911,0.4167530293367347,>=40%,20911,1400,48776,0.42871494177464325,53,35,203,223,1.2516556291390728,square,True,True,True,vim_s,random_init,8,7,0.6142700014346516,0.999789168604288,ok,
2008_005680,3,4384,0.08737244897959184,5-10%,4384,2472,47704,0.09190005031024652,113,37,223,107,0.6396396396396397,tall,True,True,True,vim_s,random_init,10,4,0.2721259124087591,0.9852029544747237,ok,
2008_005716,1,12762,0.2543447066326531,20-40%,12762,1631,48545,0.2628901019672469,4,2,127,223,1.7903225806451613,wide,True,True,True,vim_s,random_init,4,5,0.6053126469205453,0.9997543928039127,ok,
2008_006008,1,2900,0.05779655612244898,5-10%,2900,4047,46129,0.06286717683019359,158,101,223,196,1.4545454545454546,square,True,True,True,vim_s,random_init,12,9,0.3762068965517241,0.9444888754933033,ok,
2008_006008,4,3851,0.07674984056122448,5-10%,3851,4047,46129,0.08348327516312948,134,17,223,158,1.5777777777777777,wide,True,True,True,vim_s,random_init,9,6,0.4580628408205661,0.99089434870811,ok,
2008_006063,1,31200,0.6218112244897959,>=40%,31200,2554,47622,0.6551593801184327,0,0,223,223,1.0,square,True,True,True,vim_s,random_init,5,5,0.8446153846153847,0.9997988223042749,ok,
2008_006215,1,23415,0.46665736607142855,>=40%,23415,2127,48049,0.4873150325709172,41,1,196,221,1.4166666666666667,square,True,True,True,vim_s,random_init,7,7,0.658723040785821,0.9999377373263011,ok,
2008_006221,1,834,0.016621492346938774,<2%,834,2885,47291,0.017635490896787974,65,24,98,60,1.088235294117647,square,True,True,True,vim_s,random_init,4,2,0.35731414868105515,0.9417215594100775,ok,
2008_006254,7,13938,0.2777822066326531,20-40%,13938,9130,41046,0.33957023826925886,62,18,207,212,1.3356164383561644,square,True,True,True,vim_s,random_init,10,8,0.6000860955660784,0.8662014209750336,ok,
2008_006275,2,9627,0.19186463647959184,10-20%,9627,4218,45958,0.20947386744418817,43,76,223,161,0.47513812154696133,tall,True,True,True,vim_s,random_init,9,7,0.28596655240469515,0.9886459068803317,ok,
2008_006289,1,673,0.013412786989795918,<2%,673,2737,47439,0.014186639684647652,120,154,164,190,0.8222222222222222,square,True,True,True,vim_s,random_init,9,11,0.31946508172362553,0.9422569826851772,ok,
2008_006289,3,19546,0.38954878826530615,20-40%,19546,2737,47439,0.4120238622230654,0,0,203,187,0.9215686274509803,square,True,True,True,vim_s,random_init,6,3,0.3916913946587537,0.9977593768705998,ok,
2008_007090,1,976,0.0194515306122449,<2%,976,3601,46575,0.020955448201825013,118,0,158,45,1.1219512195121952,square,True,True,True,vim_s,random_init,9,1,0.2797131147540984,0.8137051745401552,ok,
2008_007378,2,3986,0.07944036989795919,5-10%,3986,5550,44626,0.08932012728006095,0,139,118,223,0.7142857142857143,square,True,True,True,vim_s,random_init,2,12,0.288509784244857,0.9200164763488501,ok,
2008_007402,2,16358,0.3260124362244898,20-40%,16358,3924,46252,0.35367119259707686,0,52,223,160,0.48660714285714285,tall,True,True,True,vim_s,random_init,7,6,0.36874923584790315,0.9966989629195443,ok,
2008_007402,5,950,0.018933354591836735,<2%,950,3924,46252,0.020539652339358297,61,0,143,43,0.5301204819277109,tall,True,True,True,vim_s,random_init,4,1,0.5147368421052632,0.9749992184771687,ok,
2008_007428,2,625,0.012456154336734694,<2%,625,634,49542,0.01261555851600662,162,158,190,188,1.0689655172413792,square,True,True,True,vim_s,random_init,11,10,0.3648,0.9291963986744252,ok,
2008_007737,1,1039,0.020707110969387755,2-5%,1039,3078,47098,0.022060384729712515,70,102,159,130,0.32222222222222224,tall,True,True,True,vim_s,random_init,8,7,0.2646775745909528,0.6935534383199353,ok,
2008_007797,1,29813,0.5941685267857143,>=40%,29813,1537,48639,0.6129443450728839,27,35,202,223,1.0738636363636365,square,True,True,True,vim_s,random_init,7,8,0.6210378023010096,0.9998128471246086,ok,
2008_007811,1,20608,0.4107142857142857,>=40%,20608,1198,48978,0.42076034137776147,0,63,223,193,0.5848214285714286,tall,True,True,True,vim_s,random_init,8,7,0.34816576086956524,0.9990720820456033,ok,
2008_008051,1,40136,0.7999043367346939,>=40%,40136,1074,49102,0.8174005132173843,44,0,223,223,1.2444444444444445,square,True,True,True,vim_s,random_init,8,6,0.7766095276061391,0.9999441972888727,ok,
2008_008051,2,7136,0.14221938775510204,10-20%,7136,1074,49102,0.14533012911897683,0,13,43,223,4.795454545454546,wide,True,True,True,vim_s,random_init,1,7,0.8304372197309418,0.9987796329728155,ok,
2008_008193,1,14752,0.2940051020408163,20-40%,14752,3286,46890,0.3146086585625933,29,49,195,223,1.0479041916167664,square,True,True,True,vim_s,random_init,5,8,0.49037418655097614,0.9988938358233047,ok,
2008_008268,3,933,0.018594547193877552,<2%,933,1875,48301,0.01931637026148527,152,179,201,223,0.9,square,True,True,True,vim_s,random_init,11,12,0.3536977491961415,0.9120219998348839,ok,
2008_008362,4,2932,0.0584343112244898,5-10%,2932,4931,45245,0.06480274063432423,93,102,162,175,1.0571428571428572,square,True,True,True,vim_s,random_init,8,8,0.3867667121418827,0.985720351116446,ok,
2008_008682,2,1939,0.03864397321428571,2-5%,1939,1105,49071,0.039514173340669645,104,67,149,114,1.0434782608695652,square,True,True,True,vim_s,random_init,7,5,0.36926250644662195,0.9708014335278498,ok,
2009_000121,3,2048,0.04081632653061224,2-5%,2048,1999,48177,0.04250991136849534,0,191,73,223,0.44594594594594594,tall,True,True,True,vim_s,random_init,2,13,0.2177734375,0.9051662123325853,ok,
2009_000133,1,4639,0.0924545599489796,5-10%,4639,2438,47738,0.09717625371821191,117,0,187,215,3.0422535211267605,wide,True,True,True,vim_s,random_init,10,6,0.7236473377883165,0.9996745100510219,ok,
2009_000335,3,1608,0.03204719387755102,2-5%,1608,1753,48423,0.03320736013877703,81,0,173,18,0.20430107526881722,tall,True,True,True,vim_s,random_init,8,0,0.17848258706467662,0.9614541638030287,ok,
2009_000409,1,571,0.011379942602040817,<2%,571,1704,48472,0.011779996699125269,125,0,159,32,0.9428571428571428,square,True,True,True,vim_s,random_init,8,0,0.43782837127845886,0.9601886895279865,ok,
2009_000426,1,10788,0.2150031887755102,20-40%,10788,1638,48538,0.222258848737072,49,0,166,103,0.8813559322033898,square,True,True,True,vim_s,random_init,6,2,0.41583240637745644,0.9911752078109068,ok,
2009_000469,1,9120,0.18176020408163265,10-20%,9120,6668,43508,0.2096166222303944,25,0,190,176,1.0662650602409638,square,True,True,True,vim_s,random_init,9,5,0.44089912280701754,0.9994930448531681,ok,
2009_000488,2,766,0.01526626275510204,<2%,766,1714,48462,0.015806198671123768,97,97,133,131,0.9459459459459459,square,True,True,True,vim_s,random_init,7,7,0.4112271540469974,0.9643414679733542,ok,
2009_000503,1,2145,0.04274952168367347,2-5%,2145,724,49452,0.04337539432176656,68,42,155,98,0.6477272727272727,tall,True,True,True,vim_s,random_init,6,4,0.282983682983683,0.9616775503982029,ok,
2009_000505,3,3051,0.06080596301020408,5-10%,3051,12503,37673,0.08098638282058769,30,52,137,157,0.9814814814814815,square,True,True,True,vim_s,random_init,6,7,0.23828253031792854,0.9940240837990116,ok,
2009_000573,1,6450,0.12854751275510204,10-20%,6450,6142,44034,0.14647772176045784,53,0,198,223,1.5342465753424657,wide,True,True,True,vim_s,random_init,9,7,0.35038759689922483,0.9447008340596434,ok,
2009_000664,1,4387,0.08743223852040816,5-10%,4387,2627,47549,0.09226271845885298,12,101,171,173,0.45625,tall,True,True,True,vim_s,random_init,5,9,0.18554821062229315,0.9468991064787909,ok,
2009_000675,1,3577,0.0712890625,5-10%,3577,1583,48593,0.07361142551396292,81,39,144,131,1.453125,square,True,True,True,vim_s,random_init,6,5,0.3771316745876433,0.9842030981245644,ok,
2009_000705,1,2317,0.046177455357142856,2-5%,2317,1854,48322,0.047949174289143665,81,80,153,191,1.5342465753424657,wide,True,True,True,vim_s,random_init,6,8,0.4574881312041433,0.9898561035304775,ok,
2009_000712,1,11611,0.23140545280612246,20-40%,11611,1068,49108,0.2364380548994054,94,0,185,160,1.75,wide,True,True,True,vim_s,random_init,8,4,0.4933252949788993,0.9997837836984094,ok,
2009_000727,1,3733,0.07439811862244898,5-10%,3733,3555,46621,0.08007121254370349,65,74,199,216,1.0592592592592593,square,True,True,True,vim_s,random_init,7,9,0.1947495312081436,0.8677423334705108,ok,
2009_000731,1,32454,0.6468032525510204,>=40%,32454,15755,34421,0.9428546526829552,0,0,223,223,1.0,square,True,True,True,vim_s,random_init,6,5,0.9398533308683059,0.9999708780954035,ok,
2009_000931,1,1195,0.023816167091836735,2-5%,1195,1779,48397,0.024691613116515486,54,181,116,223,0.6825396825396826,square,True,True,True,vim_s,random_init,4,12,0.20753138075313807,0.7988730867341124,ok,
2009_001019,4,5976,0.11910076530612244,10-20%,5976,2299,47877,0.12481985086784886,47,21,97,223,3.980392156862745,wide,True,True,True,vim_s,random_init,4,8,0.5460174029451138,0.9993113273183898,ok,
2009_001082,2,21624,0.4309630102040816,>=40%,21624,1618,48558,0.44532311874459407,8,0,203,137,0.7040816326530612,square,True,True,True,vim_s,random_init,6,3,0.5260358860525343,0.9986001320428063,ok,
2009_001104,4,608,0.01211734693877551,<2%,608,2726,47450,0.012813487881981033,61,0,106,19,0.43478260869565216,tall,True,True,True,vim_s,random_init,5,0,0.3996710526315789,0.9686381090807019,ok,
2009_001117,1,8818,0.17574139030612246,10-20%,8818,3083,47093,0.18724651222049987,14,14,143,143,1.0,square,True,True,True,vim_s,random_init,4,4,0.5325470628260377,0.9991056349422033,ok,
2009_001145,1,12718,0.2534677933673469,20-40%,12718,2258,47918,0.26541174506448517,46,2,178,163,1.218045112781955,square,True,True,True,vim_s,random_init,6,5,0.3877968233999056,0.9992833355138296,ok,
2009_001197,1,22736,0.453125,>=40%,22736,1783,48393,0.4698200152914678,57,37,201,223,1.289655172413793,square,True,True,True,vim_s,random_init,8,8,0.6224929627023223,0.9998305291925955,ok,
2009_001205,1,23923,0.47678172831632654,>=40%,23923,1681,48495,0.49330858851427983,19,24,197,197,0.9720670391061452,square,True,True,True,vim_s,random_init,6,7,0.5223843163482841,0.9996683655679629,ok,
2009_001251,1,24421,0.48670679209183676,>=40%,24421,2579,47597,0.5130785553711369,12,1,223,193,0.910377358490566,square,True,True,True,vim_s,random_init,6,6,0.5127554154211539,0.9998245643222068,ok,
2009_001253,1,11297,0.22514748086734693,20-40%,11297,2797,47379,0.23843897085206525,26,53,223,170,0.5959595959595959,tall,True,True,True,vim_s,random_init,8,7,0.29175887403735506,0.9882523992268213,ok,
2009_001300,1,5361,0.10684390943877552,10-20%,5361,1005,49171,0.10902767891643449,87,73,164,193,1.5512820512820513,wide,True,True,True,vim_s,random_init,8,9,0.3889199776161164,0.9906001436280362,ok,
2009_001339,1,3718,0.07409917091836735,5-10%,3718,4371,45805,0.08117017792817378,115,54,223,113,0.5504587155963303,tall,True,True,True,vim_s,random_init,11,5,0.16030123722431414,0.9564461371669951,ok,
2009_001388,1,988,0.019690688775510203,<2%,988,344,49832,0.01982661743458019,98,113,127,157,1.5,wide,True,True,True,vim_s,random_init,7,8,0.4342105263157895,0.9800272362472568,ok,
2009_001422,1,13631,0.271663743622449,20-40%,13631,1998,48178,0.2829299680352028,0,37,223,152,0.5178571428571429,tall,True,True,True,vim_s,random_init,7,5,0.2729807057442594,0.9935135573910373,ok,
2009_001443,2,3354,0.06684470663265306,5-10%,3354,1243,48933,0.06854270124455888,138,116,194,207,1.6140350877192982,wide,True,True,True,vim_s,random_init,10,10,0.38938580799045913,0.9908804023496505,ok,
2009_001444,1,31157,0.6209542410714286,>=40%,31157,2559,47617,0.6543251359808472,9,0,223,164,0.7674418604651163,square,True,True,True,vim_s,random_init,7,4,0.6102320505825336,0.9997893499014744,ok,
2009_001481,1,5588,0.11136798469387756,10-20%,5588,8492,41684,0.1340562326072354,46,0,195,180,1.2066666666666668,square,True,True,True,vim_s,random_init,8,5,0.2125984251968504,0.9729982885868829,ok,
2009_001505,2,4923,0.09811463647959184,5-10%,4923,4566,45610,0.10793685595264196,99,65,218,167,0.8583333333333333,square,True,True,True,vim_s,random_init,9,7,0.2799106236034938,0.9831225787986376,ok,
2009_001514,2,967,0.01927216198979592,<2%,967,4871,45305,0.021344222491998674,164,52,215,94,0.8269230769230769,square,True,True,True,vim_s,random_init,12,4,0.31230610134436404,0.9571430271378951,ok,
2009_001514,4,7120,0.14190051020408162,10-20%,7120,4871,45305,0.157157046683589,8,87,191,219,0.7228260869565217,square,True,True,True,vim_s,random_init,7,9,0.2580056179775281,0.988336083617845,ok,
2009_001607,1,4469,0.08906648596938775,5-10%,4469,1822,48354,0.09242255035777805,0,73,184,155,0.4486486486486487,tall,True,True,True,vim_s,random_init,5,6,0.22040724994405908,0.9685473029878251,ok,
2009_001690,1,20329,0.4051538584183674,>=40%,20329,1941,48235,0.42145744791126777,2,90,223,223,0.6036036036036037,tall,True,True,True,vim_s,random_init,8,10,0.3093118205519209,0.9983725284256354,ok,
2009_001718,1,11045,0.2201251594387755,20-40%,11045,2725,47451,0.2327664327411435,48,31,223,167,0.7784090909090909,square,True,True,True,vim_s,random_init,8,6,0.2693526482571299,0.998663441726976,ok,
2009_001768,1,1590,0.03168845663265306,2-5%,1590,4004,46172,0.034436454994368884,0,66,34,144,2.257142857142857,wide,True,True,True,vim_s,random_init,0,6,0.6314465408805031,0.9688119048335124,ok,
2009_001775,4,2399,0.04781170280612245,2-5%,2399,3486,46690,0.05138145213107732,158,0,214,58,1.0350877192982457,square,True,True,True,vim_s,random_init,11,1,0.3618174239266361,0.968540565965839,ok,
2009_001802,1,3515,0.07005341198979592,5-10%,3515,586,49590,0.07088122605363985,83,84,159,140,0.7402597402597403,square,True,True,True,vim_s,random_init,7,7,0.24751066856330015,0.9735515575808865,ok,
2009_001961,2,4198,0.0836654974489796,5-10%,4198,3186,46990,0.08933815705469249,54,189,194,223,0.24822695035460993,tall,True,True,True,vim_s,random_init,7,13,0.15388280133396856,0.9573947838952069,ok,
2009_001972,1,5510,0.10981345663265306,10-20%,5510,1271,48905,0.112667416419589,91,22,222,143,0.9242424242424242,square,True,True,True,vim_s,random_init,9,5,0.1809437386569873,0.9287337581196395,ok,
2009_002082,1,4164,0.08298788265306123,5-10%,4164,2552,47624,0.08743490676969595,75,0,155,121,1.5061728395061729,wide,True,True,True,vim_s,random_init,6,3,0.32732949087415947,0.989834234448617,ok,
2009_002122,1,7632,0.1521045918367347,10-20%,7632,2533,47643,0.16019142371387193,62,65,159,214,1.530612244897959,wide,True,True,True,vim_s,random_init,6,9,0.4129979035639413,0.9977945613089129,ok,
2009_002150,1,18556,0.3698182397959184,20-40%,18556,3478,46698,0.397361771382072,18,16,222,198,0.8926829268292683,square,True,True,True,vim_s,random_init,6,6,0.5310950635912912,0.9975459702481414,ok,
2009_002155,1,15577,0.31044722576530615,20-40%,15577,1399,48777,0.31935133362035384,33,0,212,165,0.9222222222222223,square,True,True,True,vim_s,random_init,7,5,0.5031777620851255,0.999072301536126,ok,
2009_002165,2,7420,0.14787946428571427,10-20%,7420,2020,48156,0.15408256499709277,82,29,173,163,1.4673913043478262,square,True,True,True,vim_s,random_init,7,5,0.4890835579514825,0.9993480860225981,ok,
2009_002229,1,20905,0.41663345025510207,>=40%,20905,2989,47187,0.443024561849662,0,41,212,223,0.8591549295774648,square,True,True,True,vim_s,random_init,6,8,0.5227457546041617,0.999891738302869,ok,
2009_002268,1,11828,0.23573022959183673,20-40%,11828,1621,48555,0.24360004119040263,109,23,223,222,1.7391304347826086,wide,True,True,True,vim_s,random_init,11,8,0.3527223537368955,0.9991245979918444,ok,
2009_002317,1,11955,0.23826132015306123,20-40%,11955,2619,47557,0.25138255146455835,50,0,176,174,1.3779527559055118,square,True,True,True,vim_s,random_init,7,5,0.38527812630698455,0.9938406020286884,ok,
2009_002343,5,14537,0.2897201849489796,20-40%,14537,1685,48491,0.2997875894495886,68,0,186,178,1.504201680672269,wide,True,True,True,vim_s,random_init,7,5,0.5926257136960859,0.9997827211636353,ok,
2009_002382,5,868,0.017299107142857144,<2%,868,4870,45306,0.019158610338586502,98,196,168,223,0.39436619718309857,tall,True,True,True,vim_s,random_init,8,13,0.31336405529953915,0.9561961044551013,ok,
2009_002416,2,6672,0.1329719387755102,10-20%,6672,3571,46605,0.14316060508529127,5,32,179,121,0.5142857142857142,tall,True,True,True,vim_s,random_init,5,4,0.17326139088729017,0.9729666254305563,ok,
2009_002487,1,4504,0.0897640306122449,5-10%,4504,6819,43357,0.10388172613418825,121,50,223,165,1.1262135922330097,square,True,True,True,vim_s,random_init,9,6,0.2839698046181172,0.8125608340400932,ok,
2009_002584,2,801,0.015963807397959183,<2%,801,5639,44537,0.017985046141410513,0,71,19,140,3.5,wide,True,True,True,vim_s,random_init,0,6,0.4968789013732834,0.9792938829103508,ok,
2009_002584,3,3831,0.07635124362244898,5-10%,3831,5639,44537,0.08601836675124054,44,27,128,174,1.7411764705882353,wide,True,True,True,vim_s,random_init,5,6,0.41059775515531194,0.999130021225544,ok,
2009_002618,1,6055,0.12067522321428571,10-20%,6055,671,49505,0.12231087768912231,106,0,223,71,0.6101694915254238,tall,True,True,True,vim_s,random_init,10,1,0.27431874483897606,0.9827963794263999,ok,
2009_002628,1,9545,0.19023038903061223,10-20%,9545,3273,46903,0.2035051062831802,51,60,215,157,0.593939393939394,tall,True,True,True,vim_s,random_init,7,6,0.3998952331063384,0.994944445538458,ok,
2009_002713,1,27949,0.5570192920918368,>=40%,27949,1775,48401,0.5774467469680379,32,1,183,221,1.4539473684210527,square,True,True,True,vim_s,random_init,6,6,0.6449962431571792,0.9999339280067162,ok,
2009_002727,2,1224,0.024394132653061226,2-5%,1224,695,49481,0.024736767648188194,125,133,161,221,2.4054054054054053,wide,True,True,True,vim_s,random_init,9,11,0.43137254901960786,0.6608604989066669,ok,
2009_002749,1,14759,0.29414461096938777,20-40%,14759,1886,48290,0.30563263615655417,0,16,223,89,0.33035714285714285,tall,True,True,True,vim_s,random_init,7,3,0.39779117826411003,0.9919618896866667,ok,
2009_002820,1,12303,0.2451969068877551,20-40%,12303,1921,48255,0.2549580354367423,32,50,194,180,0.803680981595092,square,True,True,True,vim_s,random_init,6,7,0.3282126310655938,0.9924370087419577,ok,
2009_002820,2,12931,0.25771285076530615,20-40%,12931,1921,48255,0.267972230856906,0,0,92,223,2.4086021505376345,wide,True,True,True,vim_s,random_init,1,6,0.8479622612326966,0.9999999018171009,ok,
2009_002912,1,901,0.017956792091836735,<2%,901,1841,48335,0.018640736526326678,90,13,121,66,1.6875,wide,True,True,True,vim_s,random_init,6,2,0.6503884572697003,0.9865042784526622,ok,
2009_002932,3,823,0.016402264030612245,<2%,823,5245,44931,0.0183169749170951,119,0,155,22,0.6216216216216216,tall,True,True,True,vim_s,random_init,8,0,0.3839611178614824,0.972123810987355,ok,
2009_002936,1,6013,0.11983816964285714,10-20%,6013,1045,49131,0.12238708758217826,43,76,200,150,0.47468354430379744,tall,True,True,True,vim_s,random_init,7,6,0.19491102611009478,0.9758381269462371,ok,
2009_002984,2,3994,0.07959980867346939,5-10%,3994,1985,48191,0.08287854578655765,60,154,128,223,1.0144927536231885,square,True,True,True,vim_s,random_init,5,11,0.4984977466199299,0.9889472988970053,ok,
2009_003059,2,13640,0.27184311224489793,20-40%,13640,3931,46245,0.2949508054924857,57,0,223,130,0.7844311377245509,square,True,True,True,vim_s,random_init,8,3,0.4683284457478006,0.8860381736133441,ok,
2009_003063,2,740,0.014748086734693877,<2%,740,1212,48964,0.01511314435095172,124,123,159,171,1.3611111111111112,square,True,True,True,vim_s,random_init,8,9,0.22702702702702704,0.6930366782087752,ok,
2009_003105,1,14817,0.29530054209183676,20-40%,14817,1337,48839,0.3033845901840742,45,0,159,202,1.7652173913043478,wide,True,True,True,vim_s,random_init,6,6,0.6123371802659108,0.9998665122287175,ok,
2009_003146,1,6456,0.1286670918367347,10-20%,6456,3239,46937,0.13754607239491232,66,13,147,183,2.0853658536585367,wide,True,True,True,vim_s,random_init,5,5,0.5142503097893433,0.9991944215787489,ok,
2009_003224,1,5532,0.11025191326530612,10-20%,5532,7810,42366,0.13057640560827077,17,0,213,202,1.0304568527918783,square,True,True,True,vim_s,random_init,8,7,0.302060737527115,0.9600750652531915,ok,
2009_003273,1,26219,0.5225406568877551,>=40%,26219,2900,47276,0.554594297317878,31,0,222,183,0.9583333333333334,square,True,True,True,vim_s,random_init,8,5,0.4933063808688356,0.9995858908464225,ok,
2009_003387,3,527,0.010503029336734694,<2%,527,1719,48457,0.01087562168520544,33,32,52,58,1.35,square,True,True,True,vim_s,random_init,2,2,0.5218216318785579,0.9691179672581329,ok,
2009_003481,3,2519,0.05020328443877551,5-10%,2519,3378,46798,0.05382708662763366,75,48,121,184,2.9148936170212765,wide,True,True,True,vim_s,random_init,6,8,0.5887256847955538,0.9084368653190029,ok,
2009_003522,2,954,0.019013073979591837,<2%,954,2347,47829,0.01994605783102302,60,78,89,118,1.3666666666666667,square,True,True,True,vim_s,random_init,4,6,0.3438155136268344,0.9430460504107409,ok,
2009_003551,1,10838,0.21599968112244897,20-40%,10838,1371,48805,0.22206741112590922,68,80,193,213,1.0634920634920635,square,True,True,True,vim_s,random_init,7,8,0.44528510795349696,0.9995496610803178,ok,
2009_003666,5,838,0.01670121173469388,<2%,838,3109,47067,0.017804406484373342,67,126,109,175,1.1627906976744187,square,True,True,True,vim_s,random_init,5,9,0.3532219570405728,0.9275511633029958,ok,
2009_003736,1,6972,0.13895089285714285,10-20%,6972,1057,49119,0.14194100042753313,40,147,222,223,0.4207650273224044,tall,True,True,True,vim_s,random_init,8,12,0.22561675272518647,0.9733884394179603,ok,
2009_003773,1,25279,0.5038066007653061,>=40%,25279,6015,44161,0.5724281605941894,2,53,223,223,0.7702702702702703,square,True,True,True,vim_s,random_init,7,9,0.4954309901499268,0.999367288275422,ok,
2009_003895,3,1186,0.023636798469387755,2-5%,1186,2867,47309,0.025069225728719693,0,54,17,119,3.6666666666666665,wide,True,True,True,vim_s,random_init,0,5,0.5632377740303541,0.9734351096534244,ok,
2009_003928,1,7575,0.1509685905612245,10-20%,7575,1095,49081,0.1543367087060166,91,67,200,183,1.0636363636363637,square,True,True,True,vim_s,random_init,9,7,0.3578877887788779,0.9916752281097858,ok,
2009_004043,2,5809,0.11577248086734694,10-20%,5809,3206,46970,0.12367468596976794,36,62,160,165,0.832,square,True,True,True,vim_s,random_init,5,6,0.19745222929936307,0.9836881258193015,ok,
2009_004099,1,1590,0.03168845663265306,2-5%,1590,1168,49008,0.03244368266405485,60,68,126,118,0.7611940298507462,square,True,True,True,vim_s,random_init,6,6,0.33962264150943394,0.9243995227775932,ok,
2009_004105,2,2423,0.04829001913265306,2-5%,2423,3728,46448,0.052165862900447814,0,0,135,69,0.5147058823529411,tall,True,True,True,vim_s,random_init,1,1,0.4366487825010318,0.9227558912007088,ok,
2009_004171,1,684,0.01363201530612245,<2%,684,3527,46649,0.014662693734056464,127,194,177,223,0.5882352941176471,tall,True,True,True,vim_s,random_init,8,13,0.5248538011695907,0.9633451744922121,ok,
2009_004171,3,2705,0.05391023596938776,5-10%,2705,3527,46649,0.057986237647109265,61,61,119,132,1.2203389830508475,square,True,True,True,vim_s,random_init,5,6,0.3678373382624769,0.9839301291768849,ok,
2009_004180,1,6524,0.13002232142857142,10-20%,6524,2436,47740,0.13665689149560117,117,74,171,223,2.727272727272727,wide,True,True,True,vim_s,random_init,8,9,0.5079705702023298,0.9996714223432696,ok,
2009_004186,1,17683,0.3524194834183674,20-40%,17683,2406,47770,0.37016956248691646,51,17,203,200,1.2026143790849673,square,True,True,True,vim_s,random_init,6,7,0.49363795736017646,0.9995067867020931,ok,
2009_004213,1,12375,0.24663185586734693,20-40%,12375,1463,48713,0.2540389629051793,54,42,170,170,1.1025641025641026,square,True,True,True,vim_s,random_init,7,6,0.5916767676767677,0.9993414085507942,ok,
2009_004221,1,6213,0.12382413903061225,10-20%,6213,1972,48204,0.12888971869554394,4,121,207,195,0.36764705882352944,tall,True,True,True,vim_s,random_init,5,9,0.30709802028005795,0.9629640242770694,ok,
2009_004228,1,13797,0.2749720982142857,20-40%,13797,3168,47008,0.29350323349217156,142,0,222,212,2.6296296296296298,wide,True,True,True,vim_s,random_init,11,6,0.5216351380734943,0.9923075783242763,ok,
2009_004228,3,6116,0.12189094387755102,10-20%,6116,3168,47008,0.13010551395507147,48,45,147,156,1.12,square,True,True,True,vim_s,random_init,6,6,0.3623283191628515,0.9948061708976741,ok,
2009_004301,1,3504,0.06983418367346939,5-10%,3504,10004,40172,0.08722493278900727,45,97,178,158,0.4626865671641791,tall,True,True,True,vim_s,random_init,6,8,0.19263698630136986,0.9742456173011589,ok,
2009_004327,1,22418,0.4467873086734694,>=40%,22418,1437,48739,0.4599601961468229,53,0,184,223,1.696969696969697,wide,True,True,True,vim_s,random_init,7,6,0.6415380497814256,0.9999603865211598,ok,
2009_004464,1,22693,0.4522680165816326,>=40%,22693,1499,48677,0.4661955338250098,53,24,199,223,1.3605442176870748,square,True,True,True,vim_s,random_init,7,8,0.5178689463711277,0.9998456596504088,ok,
2009_004509,1,1727,0.03441884566326531,2-5%,1727,1410,48766,0.03541401796333511,97,82,190,128,0.5,tall,True,True,True,vim_s,random_init,8,6,0.26462072958888244,0.8987558423361421,ok,
2009_004539,1,10430,0.20786830357142858,20-40%,10430,3014,47162,0.221152622874348,16,43,214,194,0.7638190954773869,square,True,True,True,vim_s,random_init,8,6,0.3663470757430489,0.9911135442512974,ok,
2009_004626,1,8640,0.17219387755102042,10-20%,8640,5416,44760,0.19302949061662197,17,3,174,211,1.3227848101265822,square,True,True,True,vim_s,random_init,6,7,0.34930555555555554,0.8914861026834079,ok,
2009_004789,1,25881,0.5158043686224489,>=40%,25881,1977,48199,0.5369613477458038,41,0,204,223,1.3658536585365855,square,True,True,True,vim_s,random_init,7,8,0.5241296704145898,0.9997807569882667,ok,
2009_004789,2,6125,0.1220703125,10-20%,6125,1977,48199,0.1270773252557107,45,0,184,101,0.7285714285714285,square,True,True,True,vim_s,random_init,5,2,0.2646530612244898,0.9783306474167842,ok,
2009_004790,1,17232,0.3434311224489796,20-40%,17232,2096,48080,0.3584026622296173,5,60,223,196,0.6255707762557078,tall,True,True,True,vim_s,random_init,7,7,0.37952646239554316,0.9992879297130282,ok,
2009_004829,1,27411,0.5462970344387755,>=40%,27411,1683,48493,0.5652568411935743,23,16,203,199,1.0165745856353592,square,True,True,True,vim_s,random_init,7,6,0.5517128160227646,0.999794950688044,ok,
2009_004848,2,4107,0.08185188137755102,5-10%,4107,4760,45416,0.09043068522106747,24,76,193,147,0.4235294117647059,tall,True,True,True,vim_s,random_init,5,7,0.177745312880448,0.974567069113666,ok,
2009_004867,1,27127,0.5406369579081632,>=40%,27127,1305,48871,0.5550735610075505,37,0,189,223,1.4640522875816993,square,True,True,True,vim_s,random_init,6,7,0.6182032661186272,0.9999165516883287,ok,
2009_004890,1,953,0.018993144132653062,<2%,953,4058,46118,0.020664382670540788,149,0,222,27,0.3783783783783784,tall,True,True,True,vim_s,random_init,12,0,0.30220356768100737,0.9557587639834716,ok,
2009_004901,1,3004,0.059869260204081634,5-10%,3004,2007,48169,0.06236376092507629,90,8,125,166,4.416666666666667,wide,True,True,True,vim_s,random_init,6,4,0.5565912117177098,0.9909608653879234,ok,
2009_004939,2,22232,0.44308035714285715,>=40%,22232,4991,45185,0.49202168861347795,30,1,223,223,1.1494845360824741,square,True,True,True,vim_s,random_init,9,9,0.4587531486146096,0.9781283757206842,ok,
2009_004994,1,12737,0.2538464604591837,20-40%,12737,2483,47693,0.2670622523221437,63,92,222,198,0.66875,square,True,True,True,vim_s,random_init,9,9,0.33257438957368296,0.879138924623843,ok,
2009_005000,1,24721,0.4926857461734694,>=40%,24721,4826,45350,0.5451157662624035,0,29,223,179,0.6741071428571429,square,True,True,True,vim_s,random_init,8,6,0.46939848711621696,0.9997717762604913,ok,
2009_005085,1,21223,0.4229711415816326,>=40%,21223,2196,47980,0.44233013755731554,77,23,221,223,1.3862068965517242,square,True,True,True,vim_s,random_init,9,8,0.45102011968147765,0.9996247519070146,ok,
2009_005087,2,1659,0.03306361607142857,2-5%,1659,4231,45945,0.03610839046686255,26,41,150,117,0.616,tall,True,True,True,vim_s,random_init,6,4,0.22784810126582278,0.8813764674388569,ok,
2009_005160,1,20642,0.4113919005102041,>=40%,20642,2293,47883,0.4310924545245703,7,0,223,138,0.6405529953917051,tall,True,True,True,vim_s,random_init,7,3,0.5275167134967542,0.999562594772538,ok,
2009_005287,1,15710,0.31309789540816324,20-40%,15710,1975,48201,0.3259268479907056,75,0,174,223,2.24,wide,True,True,True,vim_s,random_init,7,7,0.530808402291534,0.9992801997738205,ok,
2010_000148,3,3901,0.07774633290816327,5-10%,3901,2754,47422,0.08226139766353169,72,0,223,49,0.32894736842105265,tall,True,True,True,vim_s,random_init,8,1,0.1853370930530633,0.9714601152243262,ok,
2010_000160,1,37878,0.7549027423469388,>=40%,37878,3546,46630,0.8123096718850525,16,0,219,223,1.0980392156862746,square,True,True,True,vim_s,random_init,7,7,0.8573578330429273,0.9999734217930628,ok,
2010_000160,2,931,0.0185546875,<2%,931,3546,46630,0.019965687325755953,20,0,67,50,1.0625,square,True,True,True,vim_s,random_init,3,1,0.3029001074113856,0.7611740584887852,ok,
2010_000174,1,6658,0.13269292091836735,10-20%,6658,3240,46936,0.14185273564002046,186,0,223,223,5.894736842105263,wide,True,True,True,vim_s,random_init,13,6,0.7557825172724542,0.9996822837040769,ok,
2010_000256,1,14579,0.29055723852040816,20-40%,14579,2633,47543,0.30664871800265026,40,0,168,223,1.7364341085271318,wide,True,True,True,vim_s,random_init,5,4,0.5180739419713286,0.9985775436066873,ok,
2010_000272,1,13790,0.2748325892857143,20-40%,13790,2547,47629,0.2895294883369376,37,0,124,223,2.5454545454545454,wide,True,True,True,vim_s,random_init,5,7,0.6255257432922408,0.9999313044183753,ok,
2010_000437,1,10501,0.20928332270408162,20-40%,10501,3817,46359,0.22651480834357945,77,0,187,223,2.018018018018018,wide,True,True,True,vim_s,random_init,8,8,0.5269974288163032,0.9915392440568889,ok,
2010_000503,2,3958,0.07888233418367346,5-10%,3958,2553,47623,0.08311110177855238,93,38,223,83,0.3511450381679389,tall,True,True,True,vim_s,random_init,10,3,0.2008590197069227,0.9711232252321861,ok,
2010_000503,3,4212,0.08394451530612244,5-10%,4212,2553,47623,0.08844465909329526,85,111,223,153,0.30935251798561153,tall,True,True,True,vim_s,random_init,9,8,0.20584045584045585,0.9750424823763061,ok,
2010_000622,1,5919,0.11796476403061225,10-20%,5919,1142,49034,0.12071215891014399,87,0,148,175,2.838709677419355,wide,True,True,True,vim_s,random_init,7,5,0.3483696570366616,0.9867904730225779,ok,
2010_000632,1,825,0.016442123724489797,<2%,825,1086,49090,0.016805866775310655,54,49,120,88,0.5970149253731343,tall,True,True,True,vim_s,random_init,5,4,0.2909090909090909,0.9021719808577509,ok,
2010_000666,1,9632,0.19196428571428573,10-20%,9632,4058,46118,0.20885554447287394,51,0,198,200,1.3581081081081081,square,True,True,True,vim_s,random_init,7,6,0.4067691029900332,0.9931404889549196,ok,
2010_000666,2,1820,0.03627232142857143,2-5%,1820,4058,46118,0.03946398369400234,22,72,110,128,0.6404494382022472,tall,True,True,True,vim_s,random_init,3,6,0.3291208791208791,0.9510814441230406,ok,
2010_000675,1,29586,0.5896444515306123,>=40%,29586,1748,48428,0.6109275625671099,0,0,223,184,0.8258928571428571,square,True,True,True,vim_s,random_init,7,6,0.5669235449198945,0.999361006067876,ok,
2010_000738,2,787,0.015684789540816327,<2%,787,2387,47789,0.01646822490531294,73,187,106,217,0.9117647058823529,square,True,True,True,vim_s,random_init,5,12,0.3951715374841169,0.9683943212957007,ok,
2010_000874,2,22189,0.4422233737244898,>=40%,22189,4644,45532,0.4873275937801985,4,71,223,223,0.6954545454545454,square,True,True,True,vim_s,random_init,6,9,0.5562215512190725,0.9996553006664904,ok,
2010_000952,1,22031,0.43907445790816324,>=40%,22031,1672,48504,0.4542099620649843,35,0,181,223,1.5238095238095237,wide,True,True,True,vim_s,random_init,6,7,0.6098225228087695,0.9998793611034451,ok,
2010_000986,1,1577,0.03142936862244898,2-5%,1577,1276,48900,0.03224948875255624,59,133,94,223,2.5277777777777777,wide,True,True,True,vim_s,random_init,5,11,0.4299302473050095,0.8652013157746704,ok,
2010_001024,3,991,0.01975047831632653,<2%,991,5084,45092,0.021977290871995032,13,94,87,124,0.41333333333333333,tall,True,True,True,vim_s,random_init,2,6,0.272452068617558,0.9534030278419714,ok,
2010_001120,2,6030,0.12017697704081633,10-20%,6030,5835,44341,0.1359915202634131,86,0,223,92,0.6739130434782609,square,True,True,True,vim_s,random_init,11,3,0.20928689883913765,0.9886130884864319,ok,
2010_001131,2,21746,0.43339445153061223,>=40%,21746,3164,47012,0.4625627499361865,0,1,172,173,1.0,square,True,True,True,vim_s,random_init,5,5,0.551457739354364,0.9997604664677213,ok,
2010_001246,4,915,0.01823580994897959,<2%,915,1652,48524,0.01885664825653285,97,72,135,109,0.9743589743589743,square,True,True,True,vim_s,random_init,7,5,0.49398907103825135,0.9794122184450079,ok,
2010_001247,1,864,0.01721938775510204,<2%,864,1674,48502,0.017813698404189518,22,57,69,99,0.8958333333333334,square,True,True,True,vim_s,random_init,2,4,0.2349537037037037,0.7697213978114377,ok,
2010_001247,4,1373,0.027363679846938774,2-5%,1373,1674,48502,0.02830811100573172,108,56,165,105,0.8620689655172413,square,True,True,True,vim_s,random_init,8,4,0.3721777130371449,0.9621109727247252,ok,
2010_001279,1,2753,0.05486686862244898,5-10%,2753,3005,47171,0.058362129274342284,108,132,190,223,1.108433734939759,square,True,True,True,vim_s,random_init,9,11,0.3646930621140574,0.9658983867012365,ok,
2010_001282,1,5113,0.10190130739795919,10-20%,5113,1173,49003,0.10434055057853601,63,117,222,223,0.66875,square,True,True,True,vim_s,random_init,6,11,0.2833952669665558,0.984595599937739,ok,
2010_001367,1,3463,0.0690170599489796,5-10%,3463,4689,45487,0.07613164200760657,49,54,206,208,0.9810126582278481,square,True,True,True,vim_s,random_init,6,6,0.2812590239676581,0.9762728569763702,ok,
2010_001367,3,14281,0.2846181441326531,20-40%,14281,4689,45487,0.313957834106448,0,121,221,223,0.46396396396396394,tall,True,True,True,vim_s,random_init,6,11,0.32770814368741685,0.7920651277803755,ok,
2010_001403,2,845,0.016840720663265307,<2%,845,1493,48683,0.017357188340899287,135,0,194,19,0.3333333333333333,tall,True,True,True,vim_s,random_init,10,0,0.32781065088757394,0.9359030612670808,ok,
2010_001514,3,4988,0.09941007653061225,5-10%,4988,7581,42595,0.11710294635520602,0,0,69,113,1.6285714285714286,wide,True,True,True,vim_s,random_init,1,3,0.49799518845228546,0.9975002272704342,ok,
2010_001522,1,10292,0.20511798469387754,20-40%,10292,3495,46681,0.22047513977849661,81,0,187,213,2.0,wide,True,True,True,vim_s,random_init,8,6,0.5384764865915274,0.8150352444216012,ok,
2010_001576,1,39361,0.7844587053571429,>=40%,39361,702,49474,0.7955896026195578,30,0,223,223,1.1546391752577319,square,True,True,True,vim_s,random_init,8,6,0.7432483930794441,0.9999635218168007,ok,
2010_001579,1,16761,0.3340441645408163,20-40%,16761,3462,46714,0.3588003596352271,142,0,222,223,2.765432098765432,wide,True,True,True,vim_s,random_init,11,7,0.642264781337629,0.9998103875452493,ok,
2010_001579,2,10936,0.21795280612244897,20-40%,10936,3462,46714,0.23410540737252217,2,0,150,129,0.87248322147651,square,True,True,True,vim_s,random_init,5,4,0.34043525969275784,0.9945849995343258,ok,
2010_001590,1,33632,0.670280612244898,>=40%,33632,2289,47887,0.7023200451061875,19,0,213,223,1.1487179487179486,square,True,True,True,vim_s,random_init,7,6,0.7585930066603235,0.9999676107566914,ok,
2010_001619,3,1989,0.03964046556122449,2-5%,1989,3633,46543,0.042734675461401285,123,12,219,52,0.422680412371134,tall,True,True,True,vim_s,random_init,10,1,0.22171945701357465,0.9591628192688358,ok,
2010_001807,1,686,0.013671875,<2%,686,2946,47230,0.014524666525513446,192,93,214,135,1.8695652173913044,wide,True,True,True,vim_s,random_init,12,7,0.44752186588921283,0.974057966354806,ok,
2010_001850,2,1581,0.03150908801020408,2-5%,1581,4228,45948,0.034408461739357535,113,3,185,51,0.6712328767123288,square,True,True,True,vim_s,random_init,9,1,0.2726122707147375,0.7940673902537649,ok,
2010_001850,3,3287,0.0655094068877551,5-10%,3287,4228,45948,0.07153739009314877,7,203,223,223,0.0967741935483871,tall,True,True,True,vim_s,random_init,7,13,0.07970794037115911,0.96671553292644,ok,
2010_001852,1,9352,0.18638392857142858,10-20%,9352,2347,47829,0.1955299086328378,21,144,214,223,0.41237113402061853,tall,True,True,True,vim_s,random_init,8,11,0.21460650128314798,0.9529582965746572,ok,
2010_002018,7,996,0.01985012755102041,<2%,996,4231,45945,0.02167809337251061,27,35,92,66,0.48484848484848486,tall,True,True,True,vim_s,random_init,3,3,0.3785140562248996,0.9687868383502393,ok,
2010_002020,1,27556,0.549186862244898,>=40%,27556,10473,39703,0.6940533460947536,0,8,223,204,0.8794642857142857,square,True,True,True,vim_s,random_init,7,6,0.766221512556249,0.9999521937782749,ok,
2010_002032,6,3458,0.06891741071428571,5-10%,3458,3388,46788,0.0739078396169958,121,14,199,149,1.7215189873417722,wide,True,True,True,vim_s,random_init,8,4,0.48554077501445925,0.9888860554154161,ok,
2010_002039,2,1986,0.03958067602040816,2-5%,1986,4307,45869,0.04329721598465194,103,104,170,150,0.6911764705882353,square,True,True,True,vim_s,random_init,8,8,0.3595166163141994,0.959463108159952,ok,
2010_002039,4,846,0.01686065051020408,<2%,846,4307,45869,0.018443829165667443,116,193,163,223,0.6458333333333334,tall,True,True,True,vim_s,random_init,8,12,0.29550827423167847,0.9243899035203195,ok,
2010_002039,11,992,0.019770408163265307,<2%,992,4307,45869,0.021626806775818092,56,177,117,219,0.6935483870967742,square,True,True,True,vim_s,random_init,5,12,0.2701612903225806,0.9417446390463178,ok,
2010_002147,1,14582,0.29061702806122447,20-40%,14582,2576,47600,0.30634453781512605,21,0,191,223,1.3099415204678362,square,True,True,True,vim_s,random_init,7,6,0.5609655739953368,0.998656453986645,ok,
2010_002251,1,9173,0.18281648596938777,10-20%,9173,3830,46346,0.19792430846243472,100,0,223,173,1.403225806451613,square,True,True,True,vim_s,random_init,10,5,0.37065300337948326,0.7347121624483441,ok,
2010_002305,1,12461,0.24834582270408162,20-40%,12461,37715,12461,1.0,100,0,185,215,2.511627906976744,wide,True,True,True,vim_s,random_init,8,6,1.0,1.0,ok,
2010_002310,1,5270,0.10503029336734694,10-20%,5270,1658,48518,0.10861948142957253,84,2,158,223,2.96,wide,True,True,True,vim_s,random_init,7,6,0.3444022770398482,0.8552112074366562,ok,
2010_002336,3,3018,0.06014827806122449,5-10%,3018,5008,45168,0.06681721572794899,57,0,209,91,0.6013071895424836,tall,True,True,True,vim_s,random_init,7,3,0.4347249834327369,0.9913196048873741,ok,
2010_002338,1,12063,0.24041374362244897,20-40%,12063,1794,48382,0.24932826257699145,76,0,181,203,1.9245283018867925,wide,True,True,True,vim_s,random_init,7,4,0.47334825499461164,0.9996267200471599,ok,
2010_002348,1,31292,0.6236447704081632,>=40%,31292,2640,47536,0.658280040390441,2,3,223,223,0.9954954954954955,square,True,True,True,vim_s,random_init,6,7,0.788859772465806,0.9999367914163668,ok,
2010_002396,2,7112,0.14174107142857142,10-20%,7112,3380,46796,0.15197880160697497,81,34,223,155,0.8531468531468531,square,True,True,True,vim_s,random_init,9,6,0.13652980877390325,0.9741753366771437,ok,
2010_002455,1,13690,0.27283960459183676,20-40%,13690,17160,33016,0.41464744366367823,2,127,221,203,0.35,tall,True,True,True,vim_s,random_init,7,10,0.2825420014609204,0.9856967441746386,ok,
2010_002527,2,17816,0.35507015306122447,20-40%,17816,1854,48322,0.3686933487852324,0,27,156,223,1.2547770700636942,square,True,True,True,vim_s,random_init,4,9,0.5629209699146834,0.999321010421871,ok,
2010_002570,2,21218,0.42287149234693877,>=40%,21218,2721,47455,0.4471183226214308,0,0,186,223,1.1978609625668448,square,True,True,True,vim_s,random_init,6,8,0.48713356584032425,0.9994587408911829,ok,
2010_002659,2,9661,0.1925422512755102,10-20%,9661,3911,46265,0.20881876148276235,1,0,93,128,1.3870967741935485,square,True,True,True,vim_s,random_init,2,3,0.5880343649725701,0.9994039871555054,ok,
2010_002720,4,902,0.01797672193877551,<2%,902,5285,44891,0.020093114432737074,53,0,122,29,0.42857142857142855,tall,True,True,True,vim_s,random_init,5,0,0.270509977827051,0.9713759725988339,ok,
2010_002763,5,6652,0.1325733418367347,10-20%,6652,5487,44689,0.1488509476604981,42,35,153,142,0.9642857142857143,square,True,True,True,vim_s,random_init,6,4,0.3734215273601924,0.9951165129148434,ok,
2010_002921,2,670,0.013352997448979591,<2%,670,3067,47109,0.014222335434842599,177,0,221,30,0.6888888888888889,square,True,True,True,vim_s,random_init,12,0,0.21044776119402986,0.6102077883118993,ok,
2010_002921,3,2759,0.054986447704081634,5-10%,2759,3067,47109,0.05856630367870258,105,118,161,172,0.9649122807017544,square,True,True,True,vim_s,random_init,8,9,0.31279449075752086,0.9779071554307198,ok,
2010_002929,7,871,0.01735889668367347,<2%,871,4244,45932,0.018962814595488982,46,121,90,156,0.8,square,True,True,True,vim_s,random_init,4,8,0.42365097588978184,0.9748692370291429,ok,
2010_002988,3,1727,0.03441884566326531,2-5%,1727,1545,48631,0.035512327527708665,106,13,151,90,1.6956521739130435,wide,True,True,True,vim_s,random_init,7,2,0.40243196294151706,0.968947354387633,ok,
2010_003010,1,3324,0.06624681122448979,5-10%,3324,3547,46629,0.07128610950267002,110,160,198,223,0.7191011235955056,square,True,True,True,vim_s,random_init,9,12,0.2833935018050541,0.9427841455924306,ok,
2010_003060,1,20781,0.41416214923469385,>=40%,20781,1978,48198,0.43115896925183617,0,0,223,155,0.6964285714285714,square,True,True,True,vim_s,random_init,6,5,0.3299648717578557,0.9855738689736885,ok,
2010_003123,3,29922,0.5963408801020408,>=40%,29922,1003,49173,0.6085046671954121,73,0,223,223,1.4834437086092715,square,True,True,True,vim_s,random_init,9,6,0.49314885368625094,0.9997872006821719,ok,
2010_003157,2,2304,0.04591836734693878,2-5%,2304,3415,46761,0.04927182908834285,62,35,191,118,0.6461538461538462,tall,True,True,True,vim_s,random_init,7,3,0.2938368055555556,0.93431906863441,ok,
2010_003168,1,4650,0.09267378826530612,5-10%,4650,1778,48398,0.09607835034505557,37,0,114,131,1.6923076923076923,wide,True,True,True,vim_s,random_init,4,4,0.5436559139784947,0.9911546918553087,ok,
2010_003187,1,24164,0.48158482142857145,>=40%,24164,1011,49165,0.49148784704566256,0,0,130,223,1.7099236641221374,wide,True,True,True,vim_s,random_init,3,7,0.9343237874524085,0.9999978508489012,ok,
2010_003203,2,622,0.012396364795918368,<2%,622,3108,47068,0.01321492308999745,169,0,189,31,1.5238095238095237,wide,True,True,True,vim_s,random_init,11,0,0.409967845659164,0.9688109477676008,ok,
2010_003203,5,2788,0.055564413265306124,5-10%,2788,3108,47068,0.059233449477351915,42,156,133,223,0.7391304347826086,square,True,True,True,vim_s,random_init,6,12,0.2786944045911047,0.9847994503997851,ok,
2010_003380,1,31256,0.6229272959183674,>=40%,31256,3634,46542,0.6715654677495595,0,0,223,209,0.9375,square,True,True,True,vim_s,random_init,7,6,0.6102828256974661,0.9998321710127918,ok,
2010_003381,1,30326,0.6043925382653061,>=40%,30326,2561,47615,0.6369001365116035,62,0,222,223,1.391304347826087,square,True,True,True,vim_s,random_init,9,6,0.5498252324737849,0.999829917732225,ok,
2010_003409,2,1768,0.035235969387755105,2-5%,1768,2166,48010,0.036825661320558215,102,102,200,138,0.37373737373737376,tall,True,True,True,vim_s,random_init,9,7,0.19626696832579185,0.8340224419343795,ok,
2010_003418,1,4310,0.08589764030612244,5-10%,4310,1113,49063,0.08784623850967124,20,61,156,151,0.6642335766423357,tall,True,True,True,vim_s,random_init,6,6,0.1505800464037123,0.954309838406474,ok,
2010_003453,1,33276,0.6631855867346939,>=40%,33276,1941,48235,0.6898724992225562,31,0,215,223,1.2108108108108109,square,True,True,True,vim_s,random_init,7,7,0.7160115398485395,0.9999470481897603,ok,
2010_003495,1,9836,0.19602997448979592,10-20%,9836,2771,47405,0.2074886615335935,6,0,193,223,1.1914893617021276,square,True,True,True,vim_s,random_init,6,7,0.37200081333875556,0.9952110240393237,ok,
2010_003531,5,734,0.014628507653061224,<2%,734,5572,44604,0.016455923235584254,132,2,221,30,0.32222222222222224,tall,True,True,True,vim_s,random_init,9,0,0.2670299727520436,0.7995562664151582,ok,
2010_003531,8,800,0.01594387755102041,<2%,800,5572,44604,0.01793561115595014,136,192,164,223,1.103448275862069,square,True,True,True,vim_s,random_init,9,13,0.47625,0.889936896281329,ok,
2010_003532,1,19587,0.3903659119897959,20-40%,19587,3941,46235,0.42364009949172704,14,6,215,218,1.0544554455445545,square,True,True,True,vim_s,random_init,5,7,0.611732271404503,0.9998639170411318,ok,
2010_003597,4,937,0.018674266581632654,<2%,937,4517,45659,0.02052169342298342,108,183,221,223,0.35964912280701755,tall,True,True,True,vim_s,random_init,7,13,0.4471718249733191,0.9771424946230783,ok,
2010_003597,9,1168,0.023278061224489797,2-5%,1168,4517,45659,0.025580936945618606,83,81,137,113,0.6,tall,True,True,True,vim_s,random_init,6,6,0.2731164383561644,0.9596482610774478,ok,
2010_003680,1,8650,0.17239317602040816,10-20%,8650,1917,48259,0.1792411778113927,25,47,187,187,0.8650306748466258,square,True,True,True,vim_s,random_init,6,8,0.24901734104046241,0.9638532863775431,ok,
2010_003746,2,2022,0.04029815051020408,2-5%,2022,4460,45716,0.04422959139032286,14,0,67,81,1.5185185185185186,wide,True,True,True,vim_s,random_init,2,1,0.26508407517309596,0.9271066221935501,ok,
2010_003746,3,4040,0.08051658163265306,5-10%,4040,4460,45716,0.08837168606177269,0,90,171,223,0.7790697674418605,square,True,True,True,vim_s,random_init,1,12,0.21658415841584158,0.8502140419303411,ok,
2010_003764,1,16056,0.3199936224489796,20-40%,16056,2181,47995,0.3345348473799354,23,46,170,223,1.2027027027027026,square,True,True,True,vim_s,random_init,5,8,0.4528525161933234,0.997594089173217,ok,
2010_003884,2,4341,0.08651546556122448,5-10%,4341,3805,46371,0.09361454357249142,2,176,165,223,0.2926829268292683,tall,True,True,True,vim_s,random_init,5,13,0.11909698226215158,0.9605756927415292,ok,
2010_004056,1,4379,0.08727279974489796,5-10%,4379,1287,48889,0.08957025097670232,93,5,205,119,1.0176991150442478,square,True,True,True,vim_s,random_init,9,3,0.19525005709065996,0.9790540595631547,ok,
2010_004060,1,7125,0.1420001594387755,10-20%,7125,1348,48828,0.1459203735561563,65,94,215,181,0.5827814569536424,tall,True,True,True,vim_s,random_init,8,8,0.14989473684210528,0.964918671632456,ok,
2010_004171,1,29720,0.5923150510204082,>=40%,29720,3039,47137,0.6305025775929737,0,26,223,223,0.8839285714285714,square,True,True,True,vim_s,random_init,7,8,0.5565948855989233,0.9992859167815298,ok,
2010_004226,2,2818,0.056162308673469385,5-10%,2818,2866,47310,0.05956457408581695,92,161,193,223,0.6176470588235294,tall,True,True,True,vim_s,random_init,8,12,0.15649396735273244,0.8132352820462629,ok,
2010_004320,1,24486,0.48800223214285715,>=40%,24486,2103,48073,0.50935036298962,0,0,181,205,1.1318681318681318,square,True,True,True,vim_s,random_init,5,5,0.6942742791799396,0.9998785617768562,ok,
2010_004520,1,20370,0.40597098214285715,>=40%,20370,1466,48710,0.4181892835146787,0,57,223,163,0.47767857142857145,tall,True,True,True,vim_s,random_init,7,6,0.4930780559646539,0.9973055363929924,ok,
2010_004551,1,19379,0.3862205038265306,20-40%,19379,30797,19379,1.0,0,60,223,169,0.49107142857142855,tall,True,True,True,vim_s,random_init,7,7,1.0,1.0,ok,
2010_004560,1,5684,0.11328125,10-20%,5684,6406,43770,0.12986063513822252,35,0,181,109,0.7482993197278912,square,True,True,True,vim_s,random_init,5,2,0.40007037297677694,0.9820240107745086,ok,
2010_004625,1,34411,0.6858059630102041,>=40%,34411,1709,48467,0.7099882394206367,19,0,198,223,1.2444444444444445,square,True,True,True,vim_s,random_init,7,7,0.8014297753625295,0.999955655893893,ok,
2010_004628,2,793,0.01580436862244898,<2%,793,1208,48968,0.01619424930566901,120,139,169,164,0.52,tall,True,True,True,vim_s,random_init,9,9,0.32786885245901637,0.949738015903787,ok,
2010_004683,2,2856,0.056919642857142856,5-10%,2856,7614,42562,0.0671021098632583,108,0,180,69,0.958904109589041,square,True,True,True,vim_s,random_init,9,1,0.25140056022408963,0.959354383202527,ok,
2010_004763,3,13489,0.26883370535714285,20-40%,13489,19211,30965,0.4356208622638463,0,0,223,153,0.6875,square,True,True,True,vim_s,random_init,3,6,0.7171769590036325,0.999908025458274,ok,
2010_004783,2,722,0.014389349489795918,<2%,722,2908,47268,0.015274604383515274,137,0,193,29,0.5263157894736842,tall,True,True,True,vim_s,random_init,10,0,0.4903047091412742,0.9729979229364298,ok,
2010_004941,1,18749,0.37366470025510207,20-40%,18749,5223,44953,0.41708006139745957,24,18,223,209,0.96,square,True,True,True,vim_s,random_init,7,7,0.5344285028534855,0.9995796052571819,ok,
2010_004946,1,20080,0.40019132653061223,>=40%,20080,1583,48593,0.4132282427510135,61,24,214,194,1.1103896103896105,square,True,True,True,vim_s,random_init,8,6,0.499601593625498,0.9996891556056744,ok,
2010_004994,3,2795,0.05570392219387755,5-10%,2795,2736,47440,0.05891652613827993,69,188,194,223,0.2857142857142857,tall,True,True,True,vim_s,random_init,7,13,0.1971377459749553,0.9585312102596178,ok,
2010_005063,1,618,0.012316645408163265,<2%,618,1816,48360,0.012779156327543425,92,204,125,223,0.5882352941176471,tall,True,True,True,vim_s,random_init,6,13,0.42718446601941745,0.9638997155833946,ok,
2010_005106,1,3827,0.07627152423469388,5-10%,3827,2891,47285,0.08093475732261816,75,12,161,223,2.4367816091954024,wide,True,True,True,vim_s,random_init,7,7,0.4434282727985367,0.9948784679948234,ok,
2010_005108,1,28480,0.5676020408163265,>=40%,28480,2657,47519,0.5993392116837476,31,0,223,220,1.145077720207254,square,True,True,True,vim_s,random_init,8,5,0.602317415730337,0.9998607312599854,ok,
2010_005128,1,10110,0.20149075255102042,20-40%,10110,1602,48574,0.20813603985671347,74,9,166,197,2.032258064516129,wide,True,True,True,vim_s,random_init,6,5,0.48437190900098914,0.9997366104517007,ok,
2010_005129,1,1566,0.031210140306122448,2-5%,1566,566,49610,0.031566216488611167,66,100,142,134,0.45454545454545453,tall,True,True,True,vim_s,random_init,6,7,0.280970625798212,0.9264194714585965,ok,
2010_005166,6,2223,0.04430404974489796,2-5%,2223,7508,42668,0.05209993437705072,36,164,121,220,0.6627906976744186,tall,True,True,True,vim_s,random_init,5,11,0.19928025191183085,0.8244889853607507,ok,
2010_005180,2,791,0.015764508928571428,<2%,791,631,49545,0.015965284085175092,102,58,126,90,1.32,square,True,True,True,vim_s,random_init,7,4,0.4083438685208597,0.959740098992498,ok,
2010_005217,1,19868,0.39596619897959184,20-40%,19868,1677,48499,0.4096579310913627,63,0,188,223,1.7777777777777777,wide,True,True,True,vim_s,random_init,7,7,0.4683410509361788,0.9997870472501361,ok,
2010_005223,2,2644,0.05269451530612245,5-10%,2644,3652,46524,0.05683088298512596,99,72,177,139,0.8607594936708861,square,True,True,True,vim_s,random_init,8,6,0.2462178517397882,0.9807121152831778,ok,
2010_005223,3,2810,0.05600286989795918,5-10%,2810,3652,46524,0.06039893388358696,97,0,177,73,0.9135802469135802,square,True,True,True,vim_s,random_init,7,1,0.3238434163701068,0.9872557146383663,ok,
2010_005252,2,1624,0.03236607142857143,2-5%,1624,2651,47525,0.03417148869016307,101,131,158,188,1.0,square,True,True,True,vim_s,random_init,8,9,0.42980295566502463,0.9754306258047358,ok,
2010_005318,4,909,0.018116230867346938,<2%,909,7678,42498,0.021389241846675136,41,4,97,28,0.43859649122807015,tall,True,True,True,vim_s,random_init,4,0,0.2629262926292629,0.8300237538812992,ok,
2010_005450,1,11135,0.2219188456632653,20-40%,11135,1259,48917,0.2276304761125989,23,108,149,223,0.9133858267716536,square,True,True,True,vim_s,random_init,4,10,0.45918275707229456,0.9988958428868467,ok,
2010_005457,1,39327,0.7837810905612245,>=40%,39327,1823,48353,0.8133311273343949,2,0,219,223,1.0275229357798166,square,True,True,True,vim_s,random_init,6,7,0.8970427441706715,0.9999587710655482,ok,
2010_005519,1,1346,0.026825573979591837,2-5%,1346,1802,48374,0.02782486459668417,134,198,221,223,0.29545454545454547,tall,True,True,True,vim_s,random_init,10,13,0.19539375928677563,0.9305278708111747,ok,
2010_005522,1,4613,0.09193638392857142,5-10%,4613,1347,48829,0.09447254705195683,67,108,188,188,0.6639344262295082,tall,True,True,True,vim_s,random_init,7,9,0.2742250162584002,0.9776023534245297,ok,
2010_005678,1,42378,0.8445870535714286,>=40%,42378,1055,49121,0.8627267360192179,11,0,212,223,1.108910891089109,square,True,True,True,vim_s,random_init,6,6,0.9444287130114682,0.9999855878327668,ok,
2010_005709,2,17174,0.3422751913265306,20-40%,17174,16475,33701,0.5095991216877838,0,30,223,212,0.8169642857142857,square,True,True,True,vim_s,random_init,8,7,0.4813671829509724,0.8519476286692395,ok,
2010_005744,1,7949,0.15842235331632654,10-20%,7949,1318,48858,0.16269597609398664,68,43,167,142,1.0,square,True,True,True,vim_s,random_init,7,5,0.3127437413511133,0.9951741699363448,ok,
2010_005788,1,1435,0.028599330357142856,2-5%,1435,2865,47311,0.03033121261440257,74,179,129,223,0.8035714285714286,square,True,True,True,vim_s,random_init,6,12,0.3526132404181185,0.9547112598601858,ok,
2010_005796,1,880,0.017538265306122448,<2%,880,1740,48436,0.018168304566851104,55,0,86,36,1.15625,square,True,True,True,vim_s,random_init,4,1,0.4465909090909091,0.9798281863140202,ok,
2010_005810,6,15299,0.30490672831632654,20-40%,15299,2985,47191,0.32419317242694584,0,0,124,208,1.672,wide,True,True,True,vim_s,random_init,3,4,0.8127328583567553,0.9998690179852799,ok,
2010_005830,5,1655,0.03298389668367347,2-5%,1655,8584,41592,0.03979130602038854,93,48,211,112,0.5462184873949579,tall,True,True,True,vim_s,random_init,8,5,0.26586102719033233,0.9717996286193864,ok,
2010_005835,1,9543,0.1901905293367347,10-20%,9543,2401,47775,0.19974882260596546,61,73,214,201,0.8376623376623377,square,True,True,True,vim_s,random_init,9,8,0.42167033427643297,0.9912225226657961,ok,
2010_005835,2,33418,0.666015625,>=40%,33418,2401,47775,0.6994871794871795,0,0,223,223,1.0,square,True,True,True,vim_s,random_init,6,6,0.706714944042133,0.8551406329721123,ok,
2010_005871,2,2633,0.05247528698979592,5-10%,2633,3735,46441,0.056695592256842016,20,19,127,165,1.3611111111111112,square,True,True,True,vim_s,random_init,3,5,0.19863273832130648,0.9609308123744758,ok,
2010_005952,1,18965,0.37796954719387754,20-40%,18965,8640,41536,0.45659187211093993,0,47,223,148,0.45535714285714285,tall,True,True,True,vim_s,random_init,7,6,0.39889269707355657,0.9916360556703133,ok,
2011_000051,3,3410,0.06796077806122448,5-10%,3410,2366,47810,0.07132399079690441,57,0,223,37,0.2275449101796407,tall,True,True,True,vim_s,random_init,8,0,0.09589442815249268,0.9526286400141621,ok,
2011_000112,1,964,0.01921237244897959,<2%,964,1095,49081,0.019641001609584156,130,4,155,78,2.8846153846153846,wide,True,True,True,vim_s,random_init,9,2,0.3983402489626556,0.8514524156889727,ok,
2011_000112,2,1825,0.03637197066326531,2-5%,1825,1095,49081,0.03718343147042644,124,135,167,203,1.5681818181818181,wide,True,True,True,vim_s,random_init,9,10,0.5024657534246575,0.970200326410868,ok,
2011_000122,2,22744,0.4532844387755102,>=40%,22744,1869,48307,0.47082203407373674,0,0,220,223,1.0135746606334841,square,True,True,True,vim_s,random_init,5,7,0.6079405557509673,0.9999358322633007,ok,
2011_000208,2,19994,0.39847735969387754,20-40%,19994,1635,48541,0.4118992192167446,76,0,187,223,2.0,wide,True,True,True,vim_s,random_init,8,7,0.6316895068520556,0.999904377307393,ok,
2011_000252,2,2694,0.05369100765306122,5-10%,2694,3113,47063,0.0572424197352485,59,29,190,73,0.3409090909090909,tall,True,True,True,vim_s,random_init,7,3,0.16481069042316257,0.9604504209112391,ok,
2011_000312,2,6220,0.12396364795918367,10-20%,6220,1433,48743,0.12760806679933528,44,0,107,106,1.671875,wide,True,True,True,vim_s,random_init,4,3,0.3921221864951768,0.9970272288459946,ok,
2011_000338,4,1153,0.022979113520408163,2-5%,1153,2975,47201,0.024427448571004852,161,0,223,81,1.3015873015873016,square,True,True,True,vim_s,random_init,10,1,0.5030355594102341,0.8932446988186378,ok,
2011_000379,2,17519,0.34915098852040816,20-40%,17519,4456,45720,0.38318022747156605,1,0,223,223,1.0044843049327354,square,True,True,True,vim_s,random_init,9,6,0.19681488669444602,0.9989674717053576,ok,
2011_000400,1,1800,0.03587372448979592,2-5%,1800,5023,45153,0.039864460833167234,77,82,116,126,1.125,square,True,True,True,vim_s,random_init,6,6,0.4,0.9812198266946335,ok,
2011_000438,5,5020,0.10004783163265306,10-20%,5020,6057,44119,0.11378317731589564,133,0,223,124,1.3736263736263736,square,True,True,True,vim_s,random_init,11,4,0.3866533864541833,0.9845724748725881,ok,
2011_000503,6,5180,0.10323660714285714,10-20%,5180,1550,48626,0.1065273721877185,168,65,223,223,2.8392857142857144,wide,True,True,True,vim_s,random_init,12,10,0.3920849420849421,0.9827233210611837,ok,
2011_000512,1,21132,0.4211575255102041,>=40%,21132,3608,46568,0.453788008933173,5,18,213,216,0.9521531100478469,square,True,True,True,vim_s,random_init,7,7,0.5357278061707363,0.9998236569128159,ok,
2011_000526,1,35443,0.7063735650510204,>=40%,35443,2648,47528,0.7457288335297088,18,0,223,223,1.087378640776699,square,True,True,True,vim_s,random_init,7,7,0.8228705245041334,0.9999515820642692,ok,
2011_000548,2,8304,0.16549744897959184,10-20%,8304,5543,44633,0.18605067999014183,62,58,178,193,1.1623931623931625,square,True,True,True,vim_s,random_init,6,7,0.49120905587668595,0.9967638898871951,ok,
2011_000566,1,10489,0.2090441645408163,20-40%,10489,4666,45510,0.23047681828169633,97,94,223,223,1.0236220472440944,square,True,True,True,vim_s,random_init,9,10,0.2858232433978454,0.9912964336289329,ok,
2011_000573,1,2746,0.05472735969387755,5-10%,2746,5141,45035,0.0609747973798157,125,84,223,175,0.9292929292929293,square,True,True,True,vim_s,random_init,9,8,0.29133284777858703,0.946311226566822,ok,
2011_000589,2,2360,0.0470344387755102,2-5%,2360,818,49358,0.047813930872401635,9,0,115,42,0.40186915887850466,tall,True,True,True,vim_s,random_init,3,1,0.20127118644067796,0.9507174394022446,ok,
2011_000607,2,901,0.017956792091836735,<2%,901,1178,48998,0.018388505653291972,99,183,132,214,0.9411764705882353,square,True,True,True,vim_s,random_init,7,12,0.3795782463928968,0.9566548639460543,ok,
2011_000638,3,6112,0.12181122448979592,10-20%,6112,2987,47189,0.12952171056814088,71,0,223,57,0.3790849673202614,tall,True,True,True,vim_s,random_init,9,1,0.23167539267015708,0.9075012897205588,ok,
2011_000780,1,16130,0.321468431122449,20-40%,16130,15556,34620,0.46591565569035237,0,0,210,163,0.7772511848341233,square,True,True,True,vim_s,random_init,5,5,0.5511469311841289,0.9991333195728349,ok,
2011_000834,4,1880,0.03746811224489796,2-5%,1880,2509,47667,0.03944028363438018,93,17,149,76,1.0526315789473684,square,True,True,True,vim_s,random_init,7,2,0.46117021276595743,0.9743770598137803,ok,
2011_000944,1,42904,0.8550701530612245,>=40%,42904,2221,47955,0.8946720884162236,0,0,202,223,1.103448275862069,square,True,True,True,vim_s,random_init,6,7,0.9731260488532538,0.9953472821742037,ok,
2011_000973,1,13115,0.26137994260204084,20-40%,13115,1463,48713,0.26922997967688295,31,21,208,160,0.7865168539325843,square,True,True,True,vim_s,random_init,8,6,0.24193671368661837,0.9850914269467239,ok,
2011_001027,4,2020,0.04025829081632653,2-5%,2020,6473,43703,0.04622108322083152,57,0,114,119,2.0689655172413794,wide,True,True,True,vim_s,random_init,5,5,0.3915841584158416,0.9130469422782387,ok,
2011_001060,2,3089,0.06156329719387755,5-10%,3089,6110,44066,0.07009939636000545,36,139,179,186,0.3333333333333333,tall,True,True,True,vim_s,random_init,5,10,0.21981223696989316,0.9635044955272916,ok,
2011_001071,3,12496,0.24904336734693877,20-40%,12496,2942,47234,0.26455519329296695,23,0,223,111,0.5572139303482587,tall,True,True,True,vim_s,random_init,8,2,0.2697663252240717,0.9876696829377724,ok,
2011_001135,1,11688,0.23294005102040816,20-40%,11688,2068,48108,0.24295335495135945,42,7,213,157,0.877906976744186,square,True,True,True,vim_s,random_init,7,5,0.36533196440793975,0.9913718485227029,ok,
2011_001139,2,3228,0.06433354591836735,5-10%,3228,2693,47483,0.06798222521744625,24,12,132,94,0.7614678899082569,square,True,True,True,vim_s,random_init,5,2,0.3110285006195787,0.9829096128195316,ok,
2011_001161,1,1574,0.031369579081632654,2-5%,1574,623,49553,0.031763969890823966,90,73,152,114,0.6666666666666666,tall,True,True,True,vim_s,random_init,7,5,0.3113087674714104,0.9713536396039856,ok,
2011_001175,4,1326,0.026426977040816327,2-5%,1326,9497,40679,0.03259667150126601,127,160,174,200,0.8541666666666666,square,True,True,True,vim_s,random_init,9,11,0.3491704374057315,0.9890835581958505,ok,
2011_001211,1,22439,0.4472058354591837,>=40%,22439,2085,48091,0.466594581106652,0,28,223,180,0.6830357142857143,square,True,True,True,vim_s,random_init,7,6,0.45434288515530996,0.999215374114159,ok,
2011_001292,1,23142,0.46121651785714285,>=40%,23142,1475,48701,0.47518531446992873,33,34,206,223,1.0919540229885059,square,True,True,True,vim_s,random_init,7,8,0.579465906144672,0.9995020948357549,ok,
2011_001346,3,1663,0.03314333545918367,2-5%,1663,6989,43187,0.038506958112394934,146,25,223,155,1.6794871794871795,wide,True,True,True,vim_s,random_init,11,5,0.35898977751052313,0.9794200447129728,ok,
2011_001350,1,1599,0.03186782525510204,2-5%,1599,1851,48325,0.033088463528194514,133,114,179,191,1.6595744680851063,wide,True,True,True,vim_s,random_init,9,9,0.632895559724828,0.9844574499721209,ok,
2011_001350,2,7903,0.15750558035714285,10-20%,7903,1851,48325,0.16353854112778066,77,81,179,217,1.3300970873786409,square,True,True,True,vim_s,random_init,7,9,0.4589396431734784,0.9987173690158195,ok,
2011_001412,5,1081,0.021544164540816327,2-5%,1081,6346,43830,0.02466347250741501,62,157,171,223,0.6090909090909091,tall,True,True,True,vim_s,random_init,5,12,0.17761332099907493,0.6424555221005962,ok,
2011_001546,1,5582,0.1112484056122449,10-20%,5582,1887,48289,0.11559568431733935,73,70,177,180,1.0571428571428572,square,True,True,True,vim_s,random_init,6,8,0.42780365460408454,0.9932105871419741,ok,
2011_001567,5,1761,0.03509646045918367,2-5%,1761,5873,44303,0.03974900119630725,67,107,157,146,0.43956043956043955,tall,True,True,True,vim_s,random_init,6,7,0.2975582055650199,0.9466036486433234,ok,
2011_001597,1,25364,0.505500637755102,>=40%,25364,4546,45630,0.5558623712469867,0,0,223,164,0.7366071428571429,square,True,True,True,vim_s,random_init,6,4,0.6033748620091468,0.9998457714564091,ok,
2011_001642,1,21020,0.41892538265306123,>=40%,21020,4069,46107,0.45589606784219316,7,43,201,189,0.7538461538461538,square,True,True,True,vim_s,random_init,6,7,0.47240723120837297,0.9987499581049215,ok,
2011_001653,3,3326,0.06628667091836735,5-10%,3326,5007,45169,0.0736345723837145,131,70,185,158,1.6181818181818182,wide,True,True,True,vim_s,random_init,10,7,0.4275405892964522,0.9890310110233651,ok,
2011_001714,2,20982,0.41816804846938777,>=40%,20982,11687,38489,0.5451427680636026,0,13,223,223,0.9419642857142857,square,True,True,True,vim_s,random_init,6,5,0.590839767419693,0.9840421931400726,ok,
2011_001722,1,12367,0.24647241709183673,20-40%,12367,3950,46226,0.26753342274910225,35,0,209,223,1.28,square,True,True,True,vim_s,random_init,6,8,0.5990135036791461,0.9997156416326057,ok,
2011_001775,1,46497,0.9266780931122449,>=40%,46497,1775,48401,0.9606619697940125,0,0,223,223,1.0,square,True,True,True,vim_s,random_init,7,6,0.9590511215777362,0.999994989764919,ok,
2011_001855,1,33583,0.669304049744898,>=40%,33583,16593,33583,1.0,5,1,223,218,0.9954337899543378,square,True,True,True,vim_s,random_init,7,6,1.0,1.0,ok,
2011_001862,5,4110,0.08191167091836735,5-10%,4110,2360,47816,0.08595449222017734,152,0,223,113,1.5833333333333333,wide,True,True,True,vim_s,random_init,12,2,0.2591240875912409,0.7310988648947093,ok,
2011_001922,2,4877,0.09719786352040816,5-10%,4877,11570,38606,0.12632751385794955,123,18,207,220,2.388235294117647,wide,True,True,True,vim_s,random_init,10,6,0.5780192741439409,0.9945453245322525,ok,
2011_001924,1,1492,0.029735331632653062,2-5%,1492,728,49448,0.030173111147063583,67,41,131,107,1.0307692307692307,square,True,True,True,vim_s,random_init,5,4,0.4155495978552279,0.9712953682569269,ok,
2011_001967,1,11881,0.23678651147959184,20-40%,11881,2884,47292,0.25122642307367,0,18,211,212,0.9198113207547169,square,True,True,True,vim_s,random_init,7,6,0.19619560643043515,0.9747964245269268,ok,
2011_002002,4,3325,0.06626674107142858,5-10%,3325,3747,46429,0.07161472355639795,50,148,176,212,0.5118110236220472,tall,True,True,True,vim_s,random_init,6,11,0.24300751879699248,0.9822125057464836,ok,
2011_002040,1,18454,0.36778539540816324,20-40%,18454,1700,48476,0.38068322468850563,17,2,217,216,1.0696517412935322,square,True,True,True,vim_s,random_init,7,7,0.45025468733066004,0.9979354053864642,ok,
2011_002064,4,1102,0.02196269132653061,2-5%,1102,10769,39407,0.02796457482173218,42,190,83,223,0.8095238095238095,square,True,True,True,vim_s,random_init,3,13,0.37477313974591653,0.9760493680352128,ok,
2011_002110,2,2531,0.05044244260204082,5-10%,2531,9543,40633,0.06228927226638446,0,166,116,223,0.49572649572649574,tall,True,True,True,vim_s,random_init,2,12,0.2370604504148558,0.7283480119993359,ok,
2011_002119,2,1409,0.028081154336734693,2-5%,1409,4399,45777,0.030779649168796556,85,54,147,111,0.9206349206349206,square,True,True,True,vim_s,random_init,7,5,0.22853087295954577,0.9564903431975745,ok,
2011_002119,3,752,0.014987244897959183,<2%,752,4399,45777,0.01642746357341023,102,123,137,164,1.1666666666666667,square,True,True,True,vim_s,random_init,7,8,0.38563829787234044,0.9697468628968299,ok,
2011_002135,3,1002,0.019969706632653062,<2%,1002,7644,42532,0.02355873224865983,0,86,28,167,2.8275862068965516,wide,True,True,True,vim_s,random_init,0,8,0.5149700598802395,0.9809758283868172,ok,
2011_002178,1,32344,0.6446109693877551,>=40%,32344,5574,44602,0.7251692749204072,18,0,223,223,1.087378640776699,square,True,True,True,vim_s,random_init,7,7,0.6939463269849122,0.9999030146478561,ok,
2011_002222,1,2245,0.04474250637755102,2-5%,2245,1781,48395,0.04638908978200227,74,33,163,181,1.6555555555555554,wide,True,True,True,vim_s,random_init,7,7,0.2819599109131403,0.9333531449102923,ok,
2011_002247,1,28246,0.5629384566326531,>=40%,28246,3658,46518,0.6072058128036459,0,0,184,223,1.2108108108108109,square,True,True,True,vim_s,random_init,5,8,0.8548467039580826,0.9999869691745873,ok,
2011_002279,1,28919,0.5763512436224489,>=40%,28919,2322,47854,0.6043172984494504,0,0,190,223,1.1727748691099475,square,True,True,True,vim_s,random_init,4,6,0.9170441578201183,0.9999953906563109,ok,
2011_002291,1,10150,0.20228794642857142,20-40%,10150,2248,47928,0.21177599732932734,75,0,138,223,3.5,wide,True,True,True,vim_s,random_init,6,7,0.558128078817734,0.9890839814729119,ok,
2011_002308,1,23784,0.47401147959183676,>=40%,23784,1330,48846,0.48691806903328827,3,37,223,194,0.7149321266968326,square,True,True,True,vim_s,random_init,8,7,0.441305079044736,0.999392369631421,ok,
2011_002335,5,961,0.019152582908163265,<2%,961,2787,47389,0.02027896769292452,79,0,119,80,1.975609756097561,wide,True,True,True,vim_s,random_init,6,3,0.4953173777315297,0.958065376350695,ok,
2011_002358,3,3081,0.061403858418367346,5-10%,3081,5225,44951,0.06854130052724078,66,0,214,66,0.44966442953020136,tall,True,True,True,vim_s,random_init,7,1,0.15774099318403115,0.9365147870876219,ok,
2011_002358,5,1676,0.03340242346938776,2-5%,1676,5225,44951,0.03728504371426664,47,90,99,139,0.9433962264150944,square,True,True,True,vim_s,random_init,4,7,0.4045346062052506,0.9629468476494117,ok,
2011_002391,3,1453,0.028958067602040817,2-5%,1453,5663,44513,0.032642149484420284,197,115,223,223,4.037037037037037,wide,True,True,True,vim_s,random_init,13,11,0.8093599449415003,0.8987777059497047,ok,
2011_002398,1,13738,0.27379623724489793,20-40%,13738,2747,47429,0.2896540091505197,36,51,176,214,1.1631205673758864,square,True,True,True,vim_s,random_init,6,8,0.4554520308632989,0.9995357922707699,ok,
2011_002504,1,1363,0.02716438137755102,2-5%,1363,677,49499,0.027535909816359925,79,92,125,181,1.9148936170212767,wide,True,True,True,vim_s,random_init,6,8,0.417461482024945,0.8921846584211938,ok,
2011_002511,3,3104,0.06186224489795918,5-10%,3104,5344,44832,0.06923625981441828,11,94,104,168,0.7978723404255319,square,True,True,True,vim_s,random_init,3,8,0.2764175257731959,0.9867142501586256,ok,
2011_002575,3,6396,0.12747130102040816,10-20%,6396,9981,40195,0.15912426918770992,10,117,197,214,0.5212765957446809,tall,True,True,True,vim_s,random_init,5,10,0.25390869293308316,0.6683607706808342,ok,
2011_002644,1,991,0.01975047831632653,<2%,991,3556,46620,0.021256971256971256,93,58,128,91,0.9444444444444444,square,True,True,True,vim_s,random_init,6,4,0.26639757820383453,0.923365851359007,ok,
2011_002675,1,8153,0.16248804209183673,10-20%,8153,3656,46520,0.1752579535683577,40,0,200,209,1.3043478260869565,square,True,True,True,vim_s,random_init,5,6,0.530847540782534,0.9978408636673303,ok,
2011_002812,2,869,0.01731903698979592,<2%,869,4560,45616,0.019050333216415295,164,0,208,32,0.7333333333333333,square,True,True,True,vim_s,random_init,11,0,0.4706559263521289,0.9811074864571273,ok,
2011_002851,1,6457,0.12868702168367346,10-20%,6457,1267,48909,0.13202069148827414,75,0,142,223,3.2941176470588234,wide,True,True,True,vim_s,random_init,7,6,0.5398792008672758,0.9996158325564328,ok,
2011_002953,1,1483,0.02955596301020408,2-5%,1483,1701,48475,0.030593089221248065,82,0,157,38,0.5131578947368421,tall,True,True,True,vim_s,random_init,6,1,0.31759946055293325,0.9666446497081095,ok,
2011_002953,2,12975,0.25858976403061223,20-40%,12975,1701,48475,0.26766374419804023,94,15,222,174,1.2403100775193798,square,True,True,True,vim_s,random_init,9,6,0.4540269749518304,0.9996240076575476,ok,
2011_003057,1,27980,0.5576371173469388,>=40%,27980,2596,47580,0.5880622110130307,13,0,223,223,1.061611374407583,square,True,True,True,vim_s,random_init,9,6,0.5145461043602573,0.999824158122582,ok,
2011_003066,1,921,0.018355389030612245,<2%,921,6938,43238,0.021300707710809937,152,94,205,117,0.4444444444444444,tall,True,True,True,vim_s,random_init,11,6,0.31378935939196523,0.9718553419175722,ok,
2011_003066,10,1163,0.02317841198979592,2-5%,1163,6938,43238,0.02689763633840603,21,0,105,52,0.6235294117647059,tall,True,True,True,vim_s,random_init,3,0,0.26655202063628547,0.9783516829004242,ok,
2011_003066,19,15636,0.31162308673469385,20-40%,15636,6938,43238,0.36162634719459735,128,24,223,223,2.0833333333333335,wide,True,True,True,vim_s,random_init,11,8,0.556792018419033,0.9887457721968016,ok,
2011_003103,4,837,0.0166812818877551,<2%,837,4333,45843,0.018257967410509782,87,133,138,163,0.5961538461538461,tall,True,True,True,vim_s,random_init,7,9,0.26045400238948624,0.9340032191435257,ok,
2011_003182,1,38579,0.7688735650510204,>=40%,38579,1645,48531,0.7949351960602502,20,0,223,223,1.0980392156862746,square,True,True,True,vim_s,random_init,7,6,0.7420358225977863,0.9781597427522671,ok,
2011_003238,2,4113,0.08197146045918367,5-10%,4113,1718,48458,0.08487762598538941,65,71,223,154,0.5283018867924528,tall,True,True,True,vim_s,random_init,8,8,0.13080476537806954,0.9458595482386148,ok,
2011_003256,2,5124,0.10212053571428571,10-20%,5124,2759,47417,0.10806250922664867,75,0,164,132,1.4777777777777779,square,True,True,True,vim_s,random_init,7,3,0.38934426229508196,0.9987258071545482,ok,
